Category,Viscosity,Grade Type,Pack Size(L),Brand,Variant,PID,ASIN
PCMO,0W20,Fully Synthetic,3.5,Shell,,,
PCMO,0W20,Fully Synthetic,1,Mobil,,VLUFVAFYBXSMW7VU,B08GSYW3QJ
PCMO,0W30,Fully Synthetic,4,Shell,,VLUGY7MNKTYS9QMG,B084STBYJG
PCMO,0W40,Fully Synthetic,4,Castrol,Edge,,B00PPXSB12
PCMO,0W40,Fully Synthetic,4,Motul,,VLUF3HYYZZWY9TJS,B0151JSTK2
PCMO,0W40,Fully Synthetic,1,Mobil,,VLUF32CQNWZTZNZ4,B00SFNNQZ0
PCMO,0W40,Fully Synthetic,4,Mobil,,VLUFAESBVGSYWAHG,B00SFNO0UK
PCMO,10w40,Semi Synthetic,3.5,Shell,,VLUFFK4YG9H9YBW7,B00QK6QMSW
PCMO,10W40,Semi Synthetic,3.5,Castrol,Magnatec,VLUFHF3GVBPPHAGH,B00PMZYE8C
PCMO,10W40,Semi Synthetic,3,Castrol,Magnatec,VLUFHF3FFKQAG5FX,B00PMZYB62
PCMO,10W40,Semi Synthetic,4,Castrol,Magnatec,VLUFHF3FDR33EYTM,B00PMZYKEU
PCMO,15W40,Semi Synthetic,3.5,Castrol,Magnatec,VLUFHF3GDDWHAMHX,B00PMZYQV2
PCMO,20w50,Mineral,3,Shell,,VLUFZTFWTMAMAHGE,B07MYG98LV
PCMO,20W50,Mineral,3.5,Castrol,GTX,,B07KF6Q9ZJ
PCMO,20W50,Mineral,4,Castrol,GTX,,B07KF6K8Q6
PCMO,20W40,Semi Synthetic,5,Castrol,Magnatec,VLUFHF3F9Q5FGSGG,B00PMZYVHG
PCMO,5w30,Fully Synthetic,3.5,Shell,,VLUF5WUT5J2ZN5MT,B07SBF8QGB
PCMO,5W30,Semi Synthetic,3.5,Shell,,VLUFZTFWSWWVAM7Z,B07XK8SM1X
PCMO,5W30,Fully Synthetic,3.5,Castrol,Magnatec,VLUFHF3FZ7HUFCNJ,B00PMZVZJS
PCMO,5W30,Fully Synthetic,5,Castrol,Magnatec,VLUFHF3FWWC4GZSW,B00PMZW1EG
PCMO,5W30,Fully Synthetic,3,Castrol,Magnatec,VLUFHF3F6SDZBVH6,B00PMZVWL4
PCMO,5W30,Fully Synthetic,1,Castrol,Edge,VLUFVZEKF3QUH8HK,B07TRNTPXT
PCMO,5W30,Semi Synthetic,4,Motul,,VLUG3X86ZG8FAFKB,B071Y2V2H8
PCMO,5W30,Fully Synthetic,3.5,Mobil,,VLUFAESBJDHJPAGQ,B09DNL4MX5
PCMO,5W30,Fully Synthetic,1,Mobil,,VLUFGX6JGVMZTZZZ,B00SFNNJL6
PCMO,5W30,Fully Synthetic,3.5,Mobil,,,B0755GJTQ8
PCMO,5w40,Fully Synthetic,4,Shell,,VLUFFK4YHTJUNJAY,B00QK6PXPK
PCMO,5w40,Fully Synthetic,4,Shell,,,
PCMO,5W40,Fully Synthetic,3,Castrol,Magnatec,VLUFHF3GMHZZTYX5,B07N996JKL
PCMO,5W40,Fully Synthetic,1,Castrol,Magnatec,VLUFHF3FNWRJHFNR,B07N964DGB
PCMO,5W40,Fully Synthetic,5,Castrol,Magnatec,,B07N96YYH9
PCMO,5W40,Fully Synthetic,3.5,Castrol,Magnatec,VLUFHF3FSBBGSGD4,B07N94VMGY
PCMO,5W40,Fully Synthetic,6,Castrol,Magnatec,VLUFHF3GSBM6ZMDA,B07N94ZMGR
PCMO,5W40,Fully Synthetic,3.5,Castrol,Edge,,B07TXGK1K4
PCMO,5W40,Fully Synthetic,4,Castrol,Edge,,B07TV8N65N
PCMO,5W40,Fully Synthetic,4,Castrol,Edge,,B00PPXSQJE
PCMO,5W40,Fully Synthetic,3.5,Motul,,VLUFB933MNZSTRA7,B078G9QNBW
PCMO,5W40,Fully Synthetic,1,Mobil,,,B08GSWXY3W
PCMO,5W40,Fully Synthetic,4,Mobil,,VLUFAESB5ZPGFV7C,B00SIXYNQI
PCMO,5W40,Fully Synthetic,3.5,Mobil,,VLUFAESBTKZX7DBJ,B07KM9F9FT
MCO,20W50,Fully Synthetic,1.5,Motul,7100 4T,VLUEXG2ZKUVUCGQM,B075GXMNL8
MCO,15w50,Semi Synthetic,2.5,Shell,,VLUFKZTBEYZVC72T,B07S692QZY
MCO,15W50,Semi Synthetic,2.5,Mobil,Super Moto,,B07XP1G3H7
MCO,15W50,Fully Synthetic,1,Shell,,VLUFZTFWYXGY4CGJ,B01BOT42WW
MCO,15W50,Semi Synthetic,2.5,Castrol,Activ Cruise,VLUFZR3FMGTAHHCB,B08DF9H552
MCO,15W50,Semi Synthetic,2.5,Castrol,Power 1 Cruise,,B06XDF5WVD
MCO,15W50,Fully Synthetic,1,Motul,300V,VLUF3MDZBDB4HZKM,B0796V7KDD
MCO,20W50,Fully Synthetic,1,Castrol,Power 1 Ultimate,VLUFHF3FRG42XZDW,B08MLKF2N6
MCO,10W50,Fully Synthetic,1,Castrol,Power 1 Ultimate,VLUFX4TTQNJJYU7G,B08MLKFHQD
MCO,15W50,Fully Synthetic,1,Castrol,Power 1 Ultimate,VLUFX4TTGGSRKXGC,B08MLK4N53
MCO,10W40,Fully Synthetic,1,Castrol,Power 1 Ultimate,VLUFX4TTG4PJ7JPQ,B08MLKGPVG
MCO,20W50,Semi Synthetic,1.2,Castrol,Power 1 Cruise,VLUFHF3FSYPCWCUC,B07MG5HT8M
MCO,10w40,Semi Synthetic,1,Shell,,VLUFFK4YMKRHQSHE,B00QK6RF0Q
MCO,15W40,Semi Synthetic,1,Castrol,Power 1,VLUFHF3FHTBZYHK2,B00PMZWJ52
MCO,10W30,Semi Synthetic,1,Shell,,,B07QD61XM7
MCO,10W40,Semi Synthetic,1,Castrol,Power 1,VLUFHF3FRZHGUSZA,B07MMB2JYW
MCO,10W30,Semi Synthetic,1,Castrol,Power 1,VLUFHF3FUGHRA5XH,B07MJRH6CQ
MCO,20W50,Semi Synthetic,1,Mobil,Super Moto,VLUFGX6KB869ZXPH,B07XNQMDWG
MCO,10w30,Mineral,1,Castrol,,VLUG69MNBAFBTJ4E,B07QDNQK18
MCO,5W40,Fully Synthetic,0.8,Castrol,Power 1 Ultimate,VLUFX4TTYXHEYNDB,B08MLKCQ8C
MCO,10w30,Semi Synthetic,0.8,Shell,,VLUFZTFWUPD3YHYG,B08WTYFXKN
MCO,10W30,Semi Synthetic,0.9,Shell,,,B07MYF7P85
MCO,20W50,Mineral,1,Shell,,VLUFFK4Y4PGNFXZZ,B00QK6RZT2
MCO,20w40,Mineral,1,Shell,,VLUFFK4Y2N36FBEF,B00QK6RJHK
MCO,10W30,Semi Synthetic,0.9,Motul,3100 Gold,VLUFRDZ5AGHCM3HA,B01IDHDF1C
MCO,10W40,Semi Synthetic,1,Mobil,Super Moto,VLUFAESBZNC6M5SU,B07KML6SZY
MCO,20w40,Mineral,1,Castrol,,VLUGB55QPYUGHY5Z,B01AJOFYCK
MCO,10W30 ,Mineral,0.9,Shell,,VLUFFK4YR8YFHZ4M,B00QK6ROQ6
MCO,10w40,Fully Synthetic,1,Shell,,VLUFFK4YJ4FJPNGF,B00QK6R9WK
MCO,20w40,Mineral,0.9,Shell,,VLUFFK4Y8MPDSWKM,B00QK6RUG0
MCO,20W50,Mineral,1,Castrol,,VLUFGU3VGDED35GJ,B07QCPZ5SP
MCO,10W40,Fully Synthetic,1,Mobil,1 Racing,,B00SFNNNJO
MCO,20w40,Mineral,1,Shell,,VLUFZTFWZNJVXSKD,B07MYFV117
MCO,10w30,Mineral,0.8,Shell,,VLUFZTFWCNDXNMMH,B07MYDYGPF
MCO,20w40,Semi Synthetic,1,Motul,,VLUFF7YGZBSNZ5HQ,B01IDHD7PQ
MCO,20w40,Semi Synthetic,,Mobil,Super Moto,VLUFAESBYJMAGGVZ,B07KM9598F
MCO,10W30,Semi Synthetic,1,Mobil,Super Moto,VLUFAESBWFZQTTKQ,B07KML6TKX
MCO,10W30,Semi Synthetic,1,Mobil,Super Moto,VLUFAESBWFZQTTKQ,B07KML6TKX
MCO,10w30,Mineral,0.8,Castrol,,VLUFHF3FQFDKFZYN,B00PMZVQ8S
MCO,10W30,Semi Synthetic,0.8,Mobil,Super Moto,,B07KML6TLK
Gear Oil,,,1,Castrol,,VLUFU4FTE8MC4TFN,B0791K915S
Gear Oil,80W90,Mineral,3,Castrol,,,B09CDWDX5G
Gear Oil,80W90,Mineral,2,Castrol,,,B09CDT7S16
Gear Oil,80W90,Mineral,3,Castrol,,,B09BCLCLDH
Gear Oil,80W90,Mineral,1,Motul,,VLUFV6QZVMZMYHU4,B01IDHDBFM
Gear Oil,80w90,Mineral,5,Shell,,VLUFFK4YT8PWQRGA,B073F9HV3V
Gear Oil,80w90,Mineral,7,Shell,,,
Gear Oil,85w140,Mineral,5,Shell,,VLUFFK4YEUYNCDST,B073FDMM91
Gear Oil,80w90,Mineral,1,Shell,,VLUFFK4YCRZUT8AV,B073FBDYV1
Gear Oil,80w90,Mineral,2.5,Shell,,,
Gear Oil,85W140,Mineral,1,Shell,,VLUFFK4Y68FYPHSF,B073FB3Z1Z
CV,15W40,3,Mineral,Castrol,,,B07KFGVZL1
CV,15W40,3,Mineral,Castrol,,,B07MFYSYH1
CV,15W40,3,Mineral,Castrol,,,B07T3DMVQT
CV,15W40,1,Mineral,Castrol,,,B07KGGZKV6
CV,15W40,1,Mineral,Mobil,,,B08GDJ2PNS
CV,15W40,3,Mineral,Mobil,,,B08HDZR23K
CV,5W30,4,Mineral,Mobil,,,B00SFNNTSE
CV,15w40,3,Mineral,Shell,,VLUGFUHFHRXZ9F64,B0917FN4ZK
CV,15w40,3,Mineral,Shell,,VLUGY7MNAQANEAX3,B0917DZ6TM
CV,15W 40,3,Mineral,Shell,,VLUFFK4YGDEWYFTG,B01AJLW5ZC
CV,15w40,3,Mineral,Shell,,,
CV,20W 40 CF,1,Mineral,Shell,,,B01AJOFXHG
,,,,,,,B07CYDRKM2
,,,,,,,B07CY6HF5S
,,,,,,,B08L66RMHM
,,,,,,,B08WTNZPG6
,,,,,,,B00QK6QB7E
,,,,,,,B07NQKX4Q2
,,,,,,,B0917F6125
,,,,,,,B0917F9YH4
,,,,,,,B00QK6QT5I
,,,,,,,B08WTMVPNJ
,,,,,,,B00QK6R55Q
,,,,,,,B091GY45D4
,,,,,,,B08WTRTLN2
,,,,,,,B06X99C1FJ
,,,,,,,B00QK6QZ0W
,,,,,,,B073FGHQ7V
,,,,,,,B08WTP2FM9
,,,,,,,B00QK6QH4Q
,,,,,,,B091GWQWRT
,,,,,,,B0917F5WXY
,,,,,,,B073FC6JXN
,,,,,,,B073FFGBSF
,,,,,,,B0863WM7C2
,,,,,,,B091GY45D4
,,,,,,,B08WTRTLN2
,,,,,,,B06X99C1FJ
,,,,,,,B00QK6QZ0W
,,,,,,,B073FGHQ7V
,,,,,,,B08WTP2FM9
,,,,,,,B00QK6QH4Q
,,,,,,,B091GWQWRT
,,,,,,,B0917F5WXY
,,,,,,,B073FC6JXN
,,,,,,,B073FFGBSF
,,,,,,,B0863WM7C2
