ASIN,Details Tag,Marketplace,Present
SMPFTD9CGCKUHYKB,pack_of,FLIPKART,False
SMPFTD9CGCKUHYKB,Ideal For,FLIPKART,True
SMPFTD9CGCKUHYKB,Hair Type,FLIPKART,True
SMPFTD9CGCKUHYKB,Applied For,FLIPKART,True
SMPFTD9CGCKUHYKB,Country of Origin,FLIPKART,False
SMPFTD9CGCKUHYKB,Container Type,FLIPKART,False
SMPFTD9CGCKUHYKB,Composition,FLIPKART,False
SMPEH27GCVTBTJEE,pack_of,FLIPKART,True
SMPEH27GCVTBTJEE,Ideal For,FLIPKART,True
SMPEH27GCVTBTJEE,Hair Type,FLIPKART,True
SMPEH27GCVTBTJEE,Applied For,FLIPKART,True
SMPEH27GCVTBTJEE,Country of Origin,FLIPKART,False
SMPEH27GCVTBTJEE,Container Type,FLIPKART,True
SMPEH27GCVTBTJEE,Composition,FLIPKART,True
SMPFGGV2WCMPRMBJ,pack_of,FLIPKART,False
SMPFGGV2WCMPRMBJ,Ideal For,FLIPKART,True
SMPFGGV2WCMPRMBJ,Hair Type,FLIPKART,True
SMPFGGV2WCMPRMBJ,Applied For,FLIPKART,True
SMPFGGV2WCMPRMBJ,Country of Origin,FLIPKART,False
SMPFGGV2WCMPRMBJ,Container Type,FLIPKART,True
SMPFGGV2WCMPRMBJ,Composition,FLIPKART,True
SMPFEJW2DRRWGPF6,pack_of,FLIPKART,True
SMPFEJW2DRRWGPF6,Ideal For,FLIPKART,True
SMPFEJW2DRRWGPF6,Hair Type,FLIPKART,True
SMPFEJW2DRRWGPF6,Applied For,FLIPKART,True
SMPFEJW2DRRWGPF6,Country of Origin,FLIPKART,False
SMPFEJW2DRRWGPF6,Container Type,FLIPKART,True
SMPFEJW2DRRWGPF6,Composition,FLIPKART,True
SMPFRGHP978V5TZ2,pack_of,GROCERY,True
SMPFRGHP978V5TZ2,Ideal For,GROCERY,True
SMPFRGHP978V5TZ2,Hair Type,GROCERY,True
SMPFRGHP978V5TZ2,Applied For,GROCERY,True
SMPFRGHP978V5TZ2,Country of Origin,GROCERY,False
SMPFRGHP978V5TZ2,Container Type,GROCERY,True
SMPFRGHP978V5TZ2,Composition,GROCERY,True
SMPF34GDSPR4PTYG,pack_of,FLIPKART,True
SMPF34GDSPR4PTYG,Ideal For,FLIPKART,True
SMPF34GDSPR4PTYG,Hair Type,FLIPKART,True
SMPF34GDSPR4PTYG,Applied For,FLIPKART,True
SMPF34GDSPR4PTYG,Country of Origin,FLIPKART,False
SMPF34GDSPR4PTYG,Container Type,FLIPKART,True
SMPF34GDSPR4PTYG,Composition,FLIPKART,True
SMPF34GDSPR4PTYG,pack_of,FLIPKART,True
SMPF34GDSPR4PTYG,Ideal For,FLIPKART,True
SMPF34GDSPR4PTYG,Hair Type,FLIPKART,True
SMPF34GDSPR4PTYG,Applied For,FLIPKART,True
SMPF34GDSPR4PTYG,Country of Origin,FLIPKART,False
SMPF34GDSPR4PTYG,Container Type,FLIPKART,True
SMPF34GDSPR4PTYG,Composition,FLIPKART,True
SMPF34GDSPR4PTYG,pack_of,FLIPKART,True
SMPF34GDSPR4PTYG,Ideal For,FLIPKART,True
SMPF34GDSPR4PTYG,Hair Type,FLIPKART,True
SMPF34GDSPR4PTYG,Applied For,FLIPKART,True
SMPF34GDSPR4PTYG,Country of Origin,FLIPKART,False
SMPF34GDSPR4PTYG,Container Type,FLIPKART,True
SMPF34GDSPR4PTYG,Composition,FLIPKART,True
SMPGECV7ZPXZWKVE,pack_of,FLIPKART,True
SMPGECV7ZPXZWKVE,Ideal For,FLIPKART,True
SMPGECV7ZPXZWKVE,Hair Type,FLIPKART,True
SMPGECV7ZPXZWKVE,Applied For,FLIPKART,True
SMPGECV7ZPXZWKVE,Country of Origin,FLIPKART,True
SMPGECV7ZPXZWKVE,Container Type,FLIPKART,True
SMPGECV7ZPXZWKVE,Composition,FLIPKART,True
SMPF95SBSFXBA8DU,pack_of,FLIPKART,True
SMPF95SBSFXBA8DU,Ideal For,FLIPKART,True
SMPF95SBSFXBA8DU,Hair Type,FLIPKART,True
SMPF95SBSFXBA8DU,Applied For,FLIPKART,True
SMPF95SBSFXBA8DU,Country of Origin,FLIPKART,False
SMPF95SBSFXBA8DU,Container Type,FLIPKART,True
SMPF95SBSFXBA8DU,Composition,FLIPKART,True
SMPF34GD2AEBWP9G,pack_of,FLIPKART,True
SMPF34GD2AEBWP9G,Ideal For,FLIPKART,True
SMPF34GD2AEBWP9G,Hair Type,FLIPKART,True
SMPF34GD2AEBWP9G,Applied For,FLIPKART,True
SMPF34GD2AEBWP9G,Country of Origin,FLIPKART,False
SMPF34GD2AEBWP9G,Container Type,FLIPKART,True
SMPF34GD2AEBWP9G,Composition,FLIPKART,True
SMPGECV7XZ3HZFHY,pack_of,FLIPKART,True
SMPGECV7XZ3HZFHY,Ideal For,FLIPKART,True
SMPGECV7XZ3HZFHY,Hair Type,FLIPKART,True
SMPGECV7XZ3HZFHY,Applied For,FLIPKART,True
SMPGECV7XZ3HZFHY,Country of Origin,FLIPKART,True
SMPGECV7XZ3HZFHY,Container Type,FLIPKART,True
SMPGECV7XZ3HZFHY,Composition,FLIPKART,True
SMPFVZPKU8QUJ675,pack_of,FLIPKART,False
SMPFVZPKU8QUJ675,Ideal For,FLIPKART,True
SMPFVZPKU8QUJ675,Hair Type,FLIPKART,True
SMPFVZPKU8QUJ675,Applied For,FLIPKART,True
SMPFVZPKU8QUJ675,Country of Origin,FLIPKART,False
SMPFVZPKU8QUJ675,Container Type,FLIPKART,False
SMPFVZPKU8QUJ675,Composition,FLIPKART,False
SMPFB38Y9ZNKGDUH,pack_of,FLIPKART,True
SMPFB38Y9ZNKGDUH,Ideal For,FLIPKART,True
SMPFB38Y9ZNKGDUH,Hair Type,FLIPKART,True
SMPFB38Y9ZNKGDUH,Applied For,FLIPKART,True
SMPFB38Y9ZNKGDUH,Country of Origin,FLIPKART,False
SMPFB38Y9ZNKGDUH,Container Type,FLIPKART,True
SMPFB38Y9ZNKGDUH,Composition,FLIPKART,True
SMPEJWV5KGXNFUWG,pack_of,FLIPKART,True
SMPEJWV5KGXNFUWG,Ideal For,FLIPKART,True
SMPEJWV5KGXNFUWG,Hair Type,FLIPKART,True
SMPEJWV5KGXNFUWG,Applied For,FLIPKART,True
SMPEJWV5KGXNFUWG,Country of Origin,FLIPKART,False
SMPEJWV5KGXNFUWG,Container Type,FLIPKART,True
SMPEJWV5KGXNFUWG,Composition,FLIPKART,True
SMPF3DF8QBY6AKWE,pack_of,FLIPKART,True
SMPF3DF8QBY6AKWE,Ideal For,FLIPKART,True
SMPF3DF8QBY6AKWE,Hair Type,FLIPKART,True
SMPF3DF8QBY6AKWE,Applied For,FLIPKART,True
SMPF3DF8QBY6AKWE,Country of Origin,FLIPKART,False
SMPF3DF8QBY6AKWE,Container Type,FLIPKART,True
SMPF3DF8QBY6AKWE,Composition,FLIPKART,True
SMPEGGWSGTPEPME7,pack_of,FLIPKART,True
SMPEGGWSGTPEPME7,Ideal For,FLIPKART,True
SMPEGGWSGTPEPME7,Hair Type,FLIPKART,True
SMPEGGWSGTPEPME7,Applied For,FLIPKART,True
SMPEGGWSGTPEPME7,Country of Origin,FLIPKART,False
SMPEGGWSGTPEPME7,Container Type,FLIPKART,True
SMPEGGWSGTPEPME7,Composition,FLIPKART,True
SMPF5GF978MV3S8A,pack_of,FLIPKART,True
SMPF5GF978MV3S8A,Ideal For,FLIPKART,True
SMPF5GF978MV3S8A,Hair Type,FLIPKART,True
SMPF5GF978MV3S8A,Applied For,FLIPKART,True
SMPF5GF978MV3S8A,Country of Origin,FLIPKART,False
SMPF5GF978MV3S8A,Container Type,FLIPKART,True
SMPF5GF978MV3S8A,Composition,FLIPKART,True
SMPF5GF978MV3S8A,pack_of,FLIPKART,True
SMPF5GF978MV3S8A,Ideal For,FLIPKART,True
SMPF5GF978MV3S8A,Hair Type,FLIPKART,True
SMPF5GF978MV3S8A,Applied For,FLIPKART,True
SMPF5GF978MV3S8A,Country of Origin,FLIPKART,False
SMPF5GF978MV3S8A,Container Type,FLIPKART,True
SMPF5GF978MV3S8A,Composition,FLIPKART,True
SMPF6JX8CJJVNZPF,pack_of,GROCERY,True
SMPF6JX8CJJVNZPF,Ideal For,GROCERY,True
SMPF6JX8CJJVNZPF,Hair Type,GROCERY,True
SMPF6JX8CJJVNZPF,Applied For,GROCERY,True
SMPF6JX8CJJVNZPF,Country of Origin,GROCERY,False
SMPF6JX8CJJVNZPF,Container Type,GROCERY,True
SMPF6JX8CJJVNZPF,Composition,GROCERY,True
SMPF6JX8CJJVNZPF,pack_of,GROCERY,True
SMPF6JX8CJJVNZPF,Ideal For,GROCERY,True
SMPF6JX8CJJVNZPF,Hair Type,GROCERY,True
SMPF6JX8CJJVNZPF,Applied For,GROCERY,True
SMPF6JX8CJJVNZPF,Country of Origin,GROCERY,False
SMPF6JX8CJJVNZPF,Container Type,GROCERY,True
SMPF6JX8CJJVNZPF,Composition,GROCERY,True
SMPFCQAGXKWCZDSG,pack_of,FLIPKART,True
SMPFCQAGXKWCZDSG,Ideal For,FLIPKART,True
SMPFCQAGXKWCZDSG,Hair Type,FLIPKART,True
SMPFCQAGXKWCZDSG,Applied For,FLIPKART,True
SMPFCQAGXKWCZDSG,Country of Origin,FLIPKART,False
SMPFCQAGXKWCZDSG,Container Type,FLIPKART,True
SMPFCQAGXKWCZDSG,Composition,FLIPKART,True
SMPGAAABMG8RVNQD,pack_of,FLIPKART,True
SMPGAAABMG8RVNQD,Ideal For,FLIPKART,True
SMPGAAABMG8RVNQD,Hair Type,FLIPKART,True
SMPGAAABMG8RVNQD,Applied For,FLIPKART,True
SMPGAAABMG8RVNQD,Country of Origin,FLIPKART,True
SMPGAAABMG8RVNQD,Container Type,FLIPKART,True
SMPGAAABMG8RVNQD,Composition,FLIPKART,True
SMPGAAABMG8RVNQD,pack_of,FLIPKART,True
SMPGAAABMG8RVNQD,Ideal For,FLIPKART,True
SMPGAAABMG8RVNQD,Hair Type,FLIPKART,True
SMPGAAABMG8RVNQD,Applied For,FLIPKART,True
SMPGAAABMG8RVNQD,Country of Origin,FLIPKART,True
SMPGAAABMG8RVNQD,Container Type,FLIPKART,True
SMPGAAABMG8RVNQD,Composition,FLIPKART,True
SMPFBN3CJRUMWY8W,pack_of,FLIPKART,True
SMPFBN3CJRUMWY8W,Ideal For,FLIPKART,True
SMPFBN3CJRUMWY8W,Hair Type,FLIPKART,True
SMPFBN3CJRUMWY8W,Applied For,FLIPKART,True
SMPFBN3CJRUMWY8W,Country of Origin,FLIPKART,False
SMPFBN3CJRUMWY8W,Container Type,FLIPKART,True
SMPFBN3CJRUMWY8W,Composition,FLIPKART,True
SMPFXY4Y7MYCT982,pack_of,FLIPKART,True
SMPFXY4Y7MYCT982,Ideal For,FLIPKART,True
SMPFXY4Y7MYCT982,Hair Type,FLIPKART,True
SMPFXY4Y7MYCT982,Applied For,FLIPKART,True
SMPFXY4Y7MYCT982,Country of Origin,FLIPKART,False
SMPFXY4Y7MYCT982,Container Type,FLIPKART,True
SMPFXY4Y7MYCT982,Composition,FLIPKART,True
SMPF6JX8JMVBWQSU,pack_of,FLIPKART,True
SMPF6JX8JMVBWQSU,Ideal For,FLIPKART,True
SMPF6JX8JMVBWQSU,Hair Type,FLIPKART,True
SMPF6JX8JMVBWQSU,Applied For,FLIPKART,True
SMPF6JX8JMVBWQSU,Country of Origin,FLIPKART,False
SMPF6JX8JMVBWQSU,Container Type,FLIPKART,True
SMPF6JX8JMVBWQSU,Composition,FLIPKART,True
SMPFYGHKZGHVRH3W,pack_of,FLIPKART,False
SMPFYGHKZGHVRH3W,Ideal For,FLIPKART,True
SMPFYGHKZGHVRH3W,Hair Type,FLIPKART,True
SMPFYGHKZGHVRH3W,Applied For,FLIPKART,True
SMPFYGHKZGHVRH3W,Country of Origin,FLIPKART,False
SMPFYGHKZGHVRH3W,Container Type,FLIPKART,False
SMPFYGHKZGHVRH3W,Composition,FLIPKART,False
SMPEE3JPHUBFTNFZ,pack_of,FLIPKART,True
SMPEE3JPHUBFTNFZ,Ideal For,FLIPKART,True
SMPEE3JPHUBFTNFZ,Hair Type,FLIPKART,True
SMPEE3JPHUBFTNFZ,Applied For,FLIPKART,True
SMPEE3JPHUBFTNFZ,Country of Origin,FLIPKART,False
SMPEE3JPHUBFTNFZ,Container Type,FLIPKART,True
SMPEE3JPHUBFTNFZ,Composition,FLIPKART,True
SMPEE3JPHUBFTNFZ,pack_of,FLIPKART,True
SMPEE3JPHUBFTNFZ,Ideal For,FLIPKART,True
SMPEE3JPHUBFTNFZ,Hair Type,FLIPKART,True
SMPEE3JPHUBFTNFZ,Applied For,FLIPKART,True
SMPEE3JPHUBFTNFZ,Country of Origin,FLIPKART,False
SMPEE3JPHUBFTNFZ,Container Type,FLIPKART,True
SMPEE3JPHUBFTNFZ,Composition,FLIPKART,True
SMPECGNC8YAJ6KKA,pack_of,FLIPKART,True
SMPECGNC8YAJ6KKA,Ideal For,FLIPKART,True
SMPECGNC8YAJ6KKA,Hair Type,FLIPKART,True
SMPECGNC8YAJ6KKA,Applied For,FLIPKART,True
SMPECGNC8YAJ6KKA,Country of Origin,FLIPKART,False
SMPECGNC8YAJ6KKA,Container Type,FLIPKART,True
SMPECGNC8YAJ6KKA,Composition,FLIPKART,True
SMPFTCY7YFHDUGS3,pack_of,FLIPKART,False
SMPFTCY7YFHDUGS3,Ideal For,FLIPKART,True
SMPFTCY7YFHDUGS3,Hair Type,FLIPKART,True
SMPFTCY7YFHDUGS3,Applied For,FLIPKART,True
SMPFTCY7YFHDUGS3,Country of Origin,FLIPKART,False
SMPFTCY7YFHDUGS3,Container Type,FLIPKART,False
SMPFTCY7YFHDUGS3,Composition,FLIPKART,False
SMPEK4PZPRMUSQPW,pack_of,FLIPKART,True
SMPEK4PZPRMUSQPW,Ideal For,FLIPKART,True
SMPEK4PZPRMUSQPW,Hair Type,FLIPKART,True
SMPEK4PZPRMUSQPW,Applied For,FLIPKART,True
SMPEK4PZPRMUSQPW,Country of Origin,FLIPKART,False
SMPEK4PZPRMUSQPW,Container Type,FLIPKART,True
SMPEK4PZPRMUSQPW,Composition,FLIPKART,True
SMPFRGHPZXAYBSM9,pack_of,GROCERY,False
SMPFRGHPZXAYBSM9,Ideal For,GROCERY,True
SMPFRGHPZXAYBSM9,Hair Type,GROCERY,True
SMPFRGHPZXAYBSM9,Applied For,GROCERY,True
SMPFRGHPZXAYBSM9,Country of Origin,GROCERY,False
SMPFRGHPZXAYBSM9,Container Type,GROCERY,False
SMPFRGHPZXAYBSM9,Composition,GROCERY,False
SMPF6FE7TPSFZZUR,pack_of,GROCERY,True
SMPF6FE7TPSFZZUR,Ideal For,GROCERY,True
SMPF6FE7TPSFZZUR,Hair Type,GROCERY,True
SMPF6FE7TPSFZZUR,Applied For,GROCERY,True
SMPF6FE7TPSFZZUR,Country of Origin,GROCERY,False
SMPF6FE7TPSFZZUR,Container Type,GROCERY,True
SMPF6FE7TPSFZZUR,Composition,GROCERY,True
SMPF2UK4YDRXTY6H,pack_of,FLIPKART,True
SMPF2UK4YDRXTY6H,Ideal For,FLIPKART,True
SMPF2UK4YDRXTY6H,Hair Type,FLIPKART,True
SMPF2UK4YDRXTY6H,Applied For,FLIPKART,True
SMPF2UK4YDRXTY6H,Country of Origin,FLIPKART,False
SMPF2UK4YDRXTY6H,Container Type,FLIPKART,True
SMPF2UK4YDRXTY6H,Composition,FLIPKART,True
SMPFUHUJBZ4NQR3G,pack_of,FLIPKART,True
SMPFUHUJBZ4NQR3G,Ideal For,FLIPKART,True
SMPFUHUJBZ4NQR3G,Hair Type,FLIPKART,True
SMPFUHUJBZ4NQR3G,Applied For,FLIPKART,True
SMPFUHUJBZ4NQR3G,Country of Origin,FLIPKART,False
SMPFUHUJBZ4NQR3G,Container Type,FLIPKART,False
SMPFUHUJBZ4NQR3G,Composition,FLIPKART,False
SMPETZHUGHCPKWFH,pack_of,FLIPKART,True
SMPETZHUGHCPKWFH,Ideal For,FLIPKART,True
SMPETZHUGHCPKWFH,Hair Type,FLIPKART,True
SMPETZHUGHCPKWFH,Applied For,FLIPKART,True
SMPETZHUGHCPKWFH,Country of Origin,FLIPKART,False
SMPETZHUGHCPKWFH,Container Type,FLIPKART,True
SMPETZHUGHCPKWFH,Composition,FLIPKART,True
SMPEXH68GUSEHJ87,pack_of,FLIPKART,True
SMPEXH68GUSEHJ87,Ideal For,FLIPKART,True
SMPEXH68GUSEHJ87,Hair Type,FLIPKART,True
SMPEXH68GUSEHJ87,Applied For,FLIPKART,True
SMPEXH68GUSEHJ87,Country of Origin,FLIPKART,False
SMPEXH68GUSEHJ87,Container Type,FLIPKART,True
SMPEXH68GUSEHJ87,Composition,FLIPKART,False
SMPFTHHDBVWERWRR,pack_of,FLIPKART,False
SMPFTHHDBVWERWRR,Ideal For,FLIPKART,True
SMPFTHHDBVWERWRR,Hair Type,FLIPKART,True
SMPFTHHDBVWERWRR,Applied For,FLIPKART,True
SMPFTHHDBVWERWRR,Country of Origin,FLIPKART,False
SMPFTHHDBVWERWRR,Container Type,FLIPKART,False
SMPFTHHDBVWERWRR,Composition,FLIPKART,False
SMPFTHHDBVWERWRR,pack_of,FLIPKART,False
SMPFTHHDBVWERWRR,Ideal For,FLIPKART,True
SMPFTHHDBVWERWRR,Hair Type,FLIPKART,True
SMPFTHHDBVWERWRR,Applied For,FLIPKART,True
SMPFTHHDBVWERWRR,Country of Origin,FLIPKART,False
SMPFTHHDBVWERWRR,Container Type,FLIPKART,False
SMPFTHHDBVWERWRR,Composition,FLIPKART,False
SMPG2VPN3GWYSJHG,pack_of,FLIPKART,True
SMPG2VPN3GWYSJHG,Ideal For,FLIPKART,True
SMPG2VPN3GWYSJHG,Hair Type,FLIPKART,True
SMPG2VPN3GWYSJHG,Applied For,FLIPKART,True
SMPG2VPN3GWYSJHG,Country of Origin,FLIPKART,True
SMPG2VPN3GWYSJHG,Container Type,FLIPKART,True
SMPG2VPN3GWYSJHG,Composition,FLIPKART,False
SMPFXVKCCEZPGFDF,pack_of,FLIPKART,True
SMPFXVKCCEZPGFDF,Ideal For,FLIPKART,True
SMPFXVKCCEZPGFDF,Hair Type,FLIPKART,True
SMPFXVKCCEZPGFDF,Applied For,FLIPKART,True
SMPFXVKCCEZPGFDF,Country of Origin,FLIPKART,True
SMPFXVKCCEZPGFDF,Container Type,FLIPKART,False
SMPFXVKCCEZPGFDF,Composition,FLIPKART,False
SMPG4S32BJMTBJEV,pack_of,FLIPKART,True
SMPG4S32BJMTBJEV,Ideal For,FLIPKART,True
SMPG4S32BJMTBJEV,Hair Type,FLIPKART,True
SMPG4S32BJMTBJEV,Applied For,FLIPKART,True
SMPG4S32BJMTBJEV,Country of Origin,FLIPKART,True
SMPG4S32BJMTBJEV,Container Type,FLIPKART,False
SMPG4S32BJMTBJEV,Composition,FLIPKART,False
SMPG4S32BJMTBJEV,pack_of,FLIPKART,True
SMPG4S32BJMTBJEV,Ideal For,FLIPKART,True
SMPG4S32BJMTBJEV,Hair Type,FLIPKART,True
SMPG4S32BJMTBJEV,Applied For,FLIPKART,True
SMPG4S32BJMTBJEV,Country of Origin,FLIPKART,True
SMPG4S32BJMTBJEV,Container Type,FLIPKART,False
SMPG4S32BJMTBJEV,Composition,FLIPKART,False
SMPG2FQQJRZHH3HV,pack_of,FLIPKART,True
SMPG2FQQJRZHH3HV,Ideal For,FLIPKART,True
SMPG2FQQJRZHH3HV,Hair Type,FLIPKART,True
SMPG2FQQJRZHH3HV,Applied For,FLIPKART,True
SMPG2FQQJRZHH3HV,Country of Origin,FLIPKART,True
SMPG2FQQJRZHH3HV,Container Type,FLIPKART,True
SMPG2FQQJRZHH3HV,Composition,FLIPKART,False
SMPD9FYFA5QGANXK,pack_of,FLIPKART,True
SMPD9FYFA5QGANXK,Ideal For,FLIPKART,True
SMPD9FYFA5QGANXK,Hair Type,FLIPKART,True
SMPD9FYFA5QGANXK,Applied For,FLIPKART,True
SMPD9FYFA5QGANXK,Country of Origin,FLIPKART,False
SMPD9FYFA5QGANXK,Container Type,FLIPKART,True
SMPD9FYFA5QGANXK,Composition,FLIPKART,True
SMPFHG88YXBVN52U,pack_of,FLIPKART,True
SMPFHG88YXBVN52U,Ideal For,FLIPKART,True
SMPFHG88YXBVN52U,Hair Type,FLIPKART,True
SMPFHG88YXBVN52U,Applied For,FLIPKART,True
SMPFHG88YXBVN52U,Country of Origin,FLIPKART,True
SMPFHG88YXBVN52U,Container Type,FLIPKART,True
SMPFHG88YXBVN52U,Composition,FLIPKART,True
SMPFHG88YXBVN52U,pack_of,FLIPKART,True
SMPFHG88YXBVN52U,Ideal For,FLIPKART,True
SMPFHG88YXBVN52U,Hair Type,FLIPKART,True
SMPFHG88YXBVN52U,Applied For,FLIPKART,True
SMPFHG88YXBVN52U,Country of Origin,FLIPKART,True
SMPFHG88YXBVN52U,Container Type,FLIPKART,True
SMPFHG88YXBVN52U,Composition,FLIPKART,True
SMPFTGSJKXAS2UZZ,pack_of,FLIPKART,False
SMPFTGSJKXAS2UZZ,Ideal For,FLIPKART,True
SMPFTGSJKXAS2UZZ,Hair Type,FLIPKART,True
SMPFTGSJKXAS2UZZ,Applied For,FLIPKART,True
SMPFTGSJKXAS2UZZ,Country of Origin,FLIPKART,False
SMPFTGSJKXAS2UZZ,Container Type,FLIPKART,False
SMPFTGSJKXAS2UZZ,Composition,FLIPKART,False
SMPG2GDJVYTBVVVR,pack_of,FLIPKART,True
SMPG2GDJVYTBVVVR,Ideal For,FLIPKART,True
SMPG2GDJVYTBVVVR,Hair Type,FLIPKART,True
SMPG2GDJVYTBVVVR,Applied For,FLIPKART,True
SMPG2GDJVYTBVVVR,Country of Origin,FLIPKART,True
SMPG2GDJVYTBVVVR,Container Type,FLIPKART,True
SMPG2GDJVYTBVVVR,Composition,FLIPKART,False
SMPF4UZ2FSUDE2KP,pack_of,FLIPKART,False
SMPF4UZ2FSUDE2KP,Ideal For,FLIPKART,True
SMPF4UZ2FSUDE2KP,Hair Type,FLIPKART,True
SMPF4UZ2FSUDE2KP,Applied For,FLIPKART,True
SMPF4UZ2FSUDE2KP,Country of Origin,FLIPKART,False
SMPF4UZ2FSUDE2KP,Container Type,FLIPKART,True
SMPF4UZ2FSUDE2KP,Composition,FLIPKART,True
SMPG2NYHG22F9QFG,pack_of,FLIPKART,False
SMPG2NYHG22F9QFG,Ideal For,FLIPKART,True
SMPG2NYHG22F9QFG,Hair Type,FLIPKART,True
SMPG2NYHG22F9QFG,Applied For,FLIPKART,True
SMPG2NYHG22F9QFG,Country of Origin,FLIPKART,False
SMPG2NYHG22F9QFG,Container Type,FLIPKART,False
SMPG2NYHG22F9QFG,Composition,FLIPKART,False
SMPFAF5DZZZM2ZEQ,pack_of,FLIPKART,True
SMPFAF5DZZZM2ZEQ,Ideal For,FLIPKART,True
SMPFAF5DZZZM2ZEQ,Hair Type,FLIPKART,True
SMPFAF5DZZZM2ZEQ,Applied For,FLIPKART,True
SMPFAF5DZZZM2ZEQ,Country of Origin,FLIPKART,False
SMPFAF5DZZZM2ZEQ,Container Type,FLIPKART,True
SMPFAF5DZZZM2ZEQ,Composition,FLIPKART,True
SMPFTHHDEAGPG2QB,pack_of,FLIPKART,False
SMPFTHHDEAGPG2QB,Ideal For,FLIPKART,True
SMPFTHHDEAGPG2QB,Hair Type,FLIPKART,True
SMPFTHHDEAGPG2QB,Applied For,FLIPKART,True
SMPFTHHDEAGPG2QB,Country of Origin,FLIPKART,False
SMPFTHHDEAGPG2QB,Container Type,FLIPKART,False
SMPFTHHDEAGPG2QB,Composition,FLIPKART,False
SMPG5GRTSC7YNH7G,pack_of,FLIPKART,True
SMPG5GRTSC7YNH7G,Ideal For,FLIPKART,True
SMPG5GRTSC7YNH7G,Hair Type,FLIPKART,True
SMPG5GRTSC7YNH7G,Applied For,FLIPKART,True
SMPG5GRTSC7YNH7G,Country of Origin,FLIPKART,True
SMPG5GRTSC7YNH7G,Container Type,FLIPKART,True
SMPG5GRTSC7YNH7G,Composition,FLIPKART,False
SMPFQMAXXFQHKRMG,pack_of,GROCERY,True
SMPFQMAXXFQHKRMG,Ideal For,GROCERY,True
SMPFQMAXXFQHKRMG,Hair Type,GROCERY,True
SMPFQMAXXFQHKRMG,Applied For,GROCERY,True
SMPFQMAXXFQHKRMG,Country of Origin,GROCERY,False
SMPFQMAXXFQHKRMG,Container Type,GROCERY,True
SMPFQMAXXFQHKRMG,Composition,GROCERY,False
SMPDFG4K2UFHSXGP,pack_of,FLIPKART,True
SMPDFG4K2UFHSXGP,Ideal For,FLIPKART,True
SMPDFG4K2UFHSXGP,Hair Type,FLIPKART,True
SMPDFG4K2UFHSXGP,Applied For,FLIPKART,True
SMPDFG4K2UFHSXGP,Country of Origin,FLIPKART,True
SMPDFG4K2UFHSXGP,Container Type,FLIPKART,True
SMPDFG4K2UFHSXGP,Composition,FLIPKART,True
SMPFTHHFDY7GGZTU,pack_of,FLIPKART,False
SMPFTHHFDY7GGZTU,Ideal For,FLIPKART,True
SMPFTHHFDY7GGZTU,Hair Type,FLIPKART,True
SMPFTHHFDY7GGZTU,Applied For,FLIPKART,True
SMPFTHHFDY7GGZTU,Country of Origin,FLIPKART,False
SMPFTHHFDY7GGZTU,Container Type,FLIPKART,False
SMPFTHHFDY7GGZTU,Composition,FLIPKART,False
SMPFQMAXRXC5VFW8,pack_of,GROCERY,True
SMPFQMAXRXC5VFW8,Ideal For,GROCERY,True
SMPFQMAXRXC5VFW8,Hair Type,GROCERY,True
SMPFQMAXRXC5VFW8,Applied For,GROCERY,True
SMPFQMAXRXC5VFW8,Country of Origin,GROCERY,False
SMPFQMAXRXC5VFW8,Container Type,GROCERY,True
SMPFQMAXRXC5VFW8,Composition,GROCERY,False
SMPED9GAQZHGZEM9,pack_of,GROCERY,True
SMPED9GAQZHGZEM9,Ideal For,GROCERY,True
SMPED9GAQZHGZEM9,Hair Type,GROCERY,True
SMPED9GAQZHGZEM9,Applied For,GROCERY,True
SMPED9GAQZHGZEM9,Country of Origin,GROCERY,False
SMPED9GAQZHGZEM9,Container Type,GROCERY,True
SMPED9GAQZHGZEM9,Composition,GROCERY,True
SMPFG5TGQJFCBXGU,pack_of,FLIPKART,True
SMPFG5TGQJFCBXGU,Ideal For,FLIPKART,True
SMPFG5TGQJFCBXGU,Hair Type,FLIPKART,True
SMPFG5TGQJFCBXGU,Applied For,FLIPKART,True
SMPFG5TGQJFCBXGU,Country of Origin,FLIPKART,False
SMPFG5TGQJFCBXGU,Container Type,FLIPKART,True
SMPFG5TGQJFCBXGU,Composition,FLIPKART,True
SMPFRP6EWKVJSMGD,pack_of,FLIPKART,True
SMPFRP6EWKVJSMGD,Ideal For,FLIPKART,True
SMPFRP6EWKVJSMGD,Hair Type,FLIPKART,True
SMPFRP6EWKVJSMGD,Applied For,FLIPKART,True
SMPFRP6EWKVJSMGD,Country of Origin,FLIPKART,False
SMPFRP6EWKVJSMGD,Container Type,FLIPKART,True
SMPFRP6EWKVJSMGD,Composition,FLIPKART,True
SMPGFF2VKFU2JFHU,pack_of,FLIPKART,False
SMPGFF2VKFU2JFHU,Ideal For,FLIPKART,True
SMPGFF2VKFU2JFHU,Hair Type,FLIPKART,True
SMPGFF2VKFU2JFHU,Applied For,FLIPKART,True
SMPGFF2VKFU2JFHU,Country of Origin,FLIPKART,False
SMPGFF2VKFU2JFHU,Container Type,FLIPKART,False
SMPGFF2VKFU2JFHU,Composition,FLIPKART,False
SMPD9FYFZTGBBT77,pack_of,FLIPKART,True
SMPD9FYFZTGBBT77,Ideal For,FLIPKART,True
SMPD9FYFZTGBBT77,Hair Type,FLIPKART,True
SMPD9FYFZTGBBT77,Applied For,FLIPKART,True
SMPD9FYFZTGBBT77,Country of Origin,FLIPKART,False
SMPD9FYFZTGBBT77,Container Type,FLIPKART,True
SMPD9FYFZTGBBT77,Composition,FLIPKART,True
SMPDG2X8P8HGAXTA,pack_of,GROCERY,True
SMPDG2X8P8HGAXTA,Ideal For,GROCERY,True
SMPDG2X8P8HGAXTA,Hair Type,GROCERY,True
SMPDG2X8P8HGAXTA,Applied For,GROCERY,True
SMPDG2X8P8HGAXTA,Country of Origin,GROCERY,False
SMPDG2X8P8HGAXTA,Container Type,GROCERY,True
SMPDG2X8P8HGAXTA,Composition,GROCERY,True
SMPG2FQGTVRRZYMN,pack_of,FLIPKART,True
SMPG2FQGTVRRZYMN,Ideal For,FLIPKART,True
SMPG2FQGTVRRZYMN,Hair Type,FLIPKART,True
SMPG2FQGTVRRZYMN,Applied For,FLIPKART,True
SMPG2FQGTVRRZYMN,Country of Origin,FLIPKART,True
SMPG2FQGTVRRZYMN,Container Type,FLIPKART,True
SMPG2FQGTVRRZYMN,Composition,FLIPKART,False
SMPG2KHYFHGHVPJD,pack_of,FLIPKART,False
SMPG2KHYFHGHVPJD,Ideal For,FLIPKART,True
SMPG2KHYFHGHVPJD,Hair Type,FLIPKART,True
SMPG2KHYFHGHVPJD,Applied For,FLIPKART,True
SMPG2KHYFHGHVPJD,Country of Origin,FLIPKART,False
SMPG2KHYFHGHVPJD,Container Type,FLIPKART,False
SMPG2KHYFHGHVPJD,Composition,FLIPKART,False
SMPFRP6JHS7UQYXX,pack_of,FLIPKART,True
SMPFRP6JHS7UQYXX,Ideal For,FLIPKART,True
SMPFRP6JHS7UQYXX,Hair Type,FLIPKART,True
SMPFRP6JHS7UQYXX,Applied For,FLIPKART,True
SMPFRP6JHS7UQYXX,Country of Origin,FLIPKART,False
SMPFRP6JHS7UQYXX,Container Type,FLIPKART,True
SMPFRP6JHS7UQYXX,Composition,FLIPKART,True
SMPF9HSZPAJQR8BW,pack_of,GROCERY,True
SMPF9HSZPAJQR8BW,Ideal For,GROCERY,True
SMPF9HSZPAJQR8BW,Hair Type,GROCERY,True
SMPF9HSZPAJQR8BW,Applied For,GROCERY,True
SMPF9HSZPAJQR8BW,Country of Origin,GROCERY,True
SMPF9HSZPAJQR8BW,Container Type,GROCERY,True
SMPF9HSZPAJQR8BW,Composition,GROCERY,False
SMPFRGHPZZGMTHVA,pack_of,GROCERY,False
SMPFRGHPZZGMTHVA,Ideal For,GROCERY,True
SMPFRGHPZZGMTHVA,Hair Type,GROCERY,True
SMPFRGHPZZGMTHVA,Applied For,GROCERY,True
SMPFRGHPZZGMTHVA,Country of Origin,GROCERY,False
SMPFRGHPZZGMTHVA,Container Type,GROCERY,False
SMPFRGHPZZGMTHVA,Composition,GROCERY,False
SMPDG2WF7GHZA3ZZ,pack_of,GROCERY,True
SMPDG2WF7GHZA3ZZ,Ideal For,GROCERY,True
SMPDG2WF7GHZA3ZZ,Hair Type,GROCERY,True
SMPDG2WF7GHZA3ZZ,Applied For,GROCERY,True
SMPDG2WF7GHZA3ZZ,Country of Origin,GROCERY,False
SMPDG2WF7GHZA3ZZ,Container Type,GROCERY,True
SMPDG2WF7GHZA3ZZ,Composition,GROCERY,True
SMPFCQ6VVGPYGJGK,pack_of,FLIPKART,True
SMPFCQ6VVGPYGJGK,Ideal For,FLIPKART,True
SMPFCQ6VVGPYGJGK,Hair Type,FLIPKART,True
SMPFCQ6VVGPYGJGK,Applied For,FLIPKART,True
SMPFCQ6VVGPYGJGK,Country of Origin,FLIPKART,False
SMPFCQ6VVGPYGJGK,Container Type,FLIPKART,True
SMPFCQ6VVGPYGJGK,Composition,FLIPKART,True
SMPFRP6DTJPDUZ9H,pack_of,FLIPKART,True
SMPFRP6DTJPDUZ9H,Ideal For,FLIPKART,True
SMPFRP6DTJPDUZ9H,Hair Type,FLIPKART,True
SMPFRP6DTJPDUZ9H,Applied For,FLIPKART,True
SMPFRP6DTJPDUZ9H,Country of Origin,FLIPKART,False
SMPFRP6DTJPDUZ9H,Container Type,FLIPKART,True
SMPFRP6DTJPDUZ9H,Composition,FLIPKART,True
SMPFTZCHXWVWWAM6,pack_of,FLIPKART,False
SMPFTZCHXWVWWAM6,Ideal For,FLIPKART,True
SMPFTZCHXWVWWAM6,Hair Type,FLIPKART,True
SMPFTZCHXWVWWAM6,Applied For,FLIPKART,True
SMPFTZCHXWVWWAM6,Country of Origin,FLIPKART,False
SMPFTZCHXWVWWAM6,Container Type,FLIPKART,False
SMPFTZCHXWVWWAM6,Composition,FLIPKART,False
SMPFTZCHXWVWWAM6,pack_of,FLIPKART,False
SMPFTZCHXWVWWAM6,Ideal For,FLIPKART,True
SMPFTZCHXWVWWAM6,Hair Type,FLIPKART,True
SMPFTZCHXWVWWAM6,Applied For,FLIPKART,True
SMPFTZCHXWVWWAM6,Country of Origin,FLIPKART,False
SMPFTZCHXWVWWAM6,Container Type,FLIPKART,False
SMPFTZCHXWVWWAM6,Composition,FLIPKART,False
SMPGFMY7KBJFHF4K,pack_of,FLIPKART,True
SMPGFMY7KBJFHF4K,Ideal For,FLIPKART,True
SMPGFMY7KBJFHF4K,Hair Type,FLIPKART,True
SMPGFMY7KBJFHF4K,Applied For,FLIPKART,True
SMPGFMY7KBJFHF4K,Country of Origin,FLIPKART,True
SMPGFMY7KBJFHF4K,Container Type,FLIPKART,True
SMPGFMY7KBJFHF4K,Composition,FLIPKART,True
SMPD9FYFGBTBHSWQ,pack_of,FLIPKART,True
SMPD9FYFGBTBHSWQ,Ideal For,FLIPKART,True
SMPD9FYFGBTBHSWQ,Hair Type,FLIPKART,True
SMPD9FYFGBTBHSWQ,Applied For,FLIPKART,True
SMPD9FYFGBTBHSWQ,Country of Origin,FLIPKART,False
SMPD9FYFGBTBHSWQ,Container Type,FLIPKART,True
SMPD9FYFGBTBHSWQ,Composition,FLIPKART,True
SMPDTZ7U86XVUFGM,pack_of,GROCERY,True
SMPDTZ7U86XVUFGM,Ideal For,GROCERY,True
SMPDTZ7U86XVUFGM,Hair Type,GROCERY,True
SMPDTZ7U86XVUFGM,Applied For,GROCERY,True
SMPDTZ7U86XVUFGM,Country of Origin,GROCERY,False
SMPDTZ7U86XVUFGM,Container Type,GROCERY,True
SMPDTZ7U86XVUFGM,Composition,GROCERY,True
SMPGB9JWV86ENGHY,pack_of,FLIPKART,True
SMPGB9JWV86ENGHY,Ideal For,FLIPKART,True
SMPGB9JWV86ENGHY,Hair Type,FLIPKART,True
SMPGB9JWV86ENGHY,Applied For,FLIPKART,True
SMPGB9JWV86ENGHY,Country of Origin,FLIPKART,True
SMPGB9JWV86ENGHY,Container Type,FLIPKART,True
SMPGB9JWV86ENGHY,Composition,FLIPKART,False
SMPGC4PZXPUBEDAF,pack_of,FLIPKART,False
SMPGC4PZXPUBEDAF,Ideal For,FLIPKART,True
SMPGC4PZXPUBEDAF,Hair Type,FLIPKART,True
SMPGC4PZXPUBEDAF,Applied For,FLIPKART,True
SMPGC4PZXPUBEDAF,Country of Origin,FLIPKART,False
SMPGC4PZXPUBEDAF,Container Type,FLIPKART,False
SMPGC4PZXPUBEDAF,Composition,FLIPKART,False
SMPG9GUQCGZZE3GU,pack_of,GROCERY,True
SMPG9GUQCGZZE3GU,Ideal For,GROCERY,True
SMPG9GUQCGZZE3GU,Hair Type,GROCERY,True
SMPG9GUQCGZZE3GU,Applied For,GROCERY,True
SMPG9GUQCGZZE3GU,Country of Origin,GROCERY,True
SMPG9GUQCGZZE3GU,Container Type,GROCERY,True
SMPG9GUQCGZZE3GU,Composition,GROCERY,False
SMPFHW86EBXX8ZPK,pack_of,FLIPKART,True
SMPFHW86EBXX8ZPK,Ideal For,FLIPKART,True
SMPFHW86EBXX8ZPK,Hair Type,FLIPKART,True
SMPFHW86EBXX8ZPK,Applied For,FLIPKART,True
SMPFHW86EBXX8ZPK,Country of Origin,FLIPKART,False
SMPFHW86EBXX8ZPK,Container Type,FLIPKART,True
SMPFHW86EBXX8ZPK,Composition,FLIPKART,True
SMPFWVKB2HTHT6PV,pack_of,FLIPKART,True
SMPFWVKB2HTHT6PV,Ideal For,FLIPKART,True
SMPFWVKB2HTHT6PV,Hair Type,FLIPKART,True
SMPFWVKB2HTHT6PV,Applied For,FLIPKART,True
SMPFWVKB2HTHT6PV,Country of Origin,FLIPKART,False
SMPFWVKB2HTHT6PV,Container Type,FLIPKART,True
SMPFWVKB2HTHT6PV,Composition,FLIPKART,True
SMPGC4ZKQQSYPMEF,pack_of,FLIPKART,False
SMPGC4ZKQQSYPMEF,Ideal For,FLIPKART,True
SMPGC4ZKQQSYPMEF,Hair Type,FLIPKART,True
SMPGC4ZKQQSYPMEF,Applied For,FLIPKART,True
SMPGC4ZKQQSYPMEF,Country of Origin,FLIPKART,False
SMPGC4ZKQQSYPMEF,Container Type,FLIPKART,False
SMPGC4ZKQQSYPMEF,Composition,FLIPKART,False
SMPFFVGSCZ9JMU8B,pack_of,FLIPKART,False
SMPFFVGSCZ9JMU8B,Ideal For,FLIPKART,True
SMPFFVGSCZ9JMU8B,Hair Type,FLIPKART,True
SMPFFVGSCZ9JMU8B,Applied For,FLIPKART,True
SMPFFVGSCZ9JMU8B,Country of Origin,FLIPKART,True
SMPFFVGSCZ9JMU8B,Container Type,FLIPKART,True
SMPFFVGSCZ9JMU8B,Composition,FLIPKART,True
SMPFGUN3WC37PWZQ,pack_of,FLIPKART,True
SMPFGUN3WC37PWZQ,Ideal For,FLIPKART,True
SMPFGUN3WC37PWZQ,Hair Type,FLIPKART,True
SMPFGUN3WC37PWZQ,Applied For,FLIPKART,True
SMPFGUN3WC37PWZQ,Country of Origin,FLIPKART,True
SMPFGUN3WC37PWZQ,Container Type,FLIPKART,True
SMPFGUN3WC37PWZQ,Composition,FLIPKART,True
SMPGFMY5CPAZ54CS,pack_of,FLIPKART,True
SMPGFMY5CPAZ54CS,Ideal For,FLIPKART,True
SMPGFMY5CPAZ54CS,Hair Type,FLIPKART,True
SMPGFMY5CPAZ54CS,Applied For,FLIPKART,True
SMPGFMY5CPAZ54CS,Country of Origin,FLIPKART,True
SMPGFMY5CPAZ54CS,Container Type,FLIPKART,True
SMPGFMY5CPAZ54CS,Composition,FLIPKART,True
SMPETEEWDNQYFPHZ,pack_of,GROCERY,True
SMPETEEWDNQYFPHZ,Ideal For,GROCERY,True
SMPETEEWDNQYFPHZ,Hair Type,GROCERY,True
SMPETEEWDNQYFPHZ,Applied For,GROCERY,True
SMPETEEWDNQYFPHZ,Country of Origin,GROCERY,False
SMPETEEWDNQYFPHZ,Container Type,GROCERY,True
SMPETEEWDNQYFPHZ,Composition,GROCERY,True
SMPFYG2TMAX6ZHAS,pack_of,GROCERY,True
SMPFYG2TMAX6ZHAS,Ideal For,GROCERY,True
SMPFYG2TMAX6ZHAS,Hair Type,GROCERY,True
SMPFYG2TMAX6ZHAS,Applied For,GROCERY,True
SMPFYG2TMAX6ZHAS,Country of Origin,GROCERY,False
SMPFYG2TMAX6ZHAS,Container Type,GROCERY,True
SMPFYG2TMAX6ZHAS,Composition,GROCERY,True
SMPFHXFMHPGMFAFY,pack_of,FLIPKART,False
SMPFHXFMHPGMFAFY,Ideal For,FLIPKART,True
SMPFHXFMHPGMFAFY,Hair Type,FLIPKART,True
SMPFHXFMHPGMFAFY,Applied For,FLIPKART,True
SMPFHXFMHPGMFAFY,Country of Origin,FLIPKART,False
SMPFHXFMHPGMFAFY,Container Type,FLIPKART,True
SMPFHXFMHPGMFAFY,Composition,FLIPKART,True
SMPGB9JWAASZQVX6,pack_of,FLIPKART,True
SMPGB9JWAASZQVX6,Ideal For,FLIPKART,True
SMPGB9JWAASZQVX6,Hair Type,FLIPKART,True
SMPGB9JWAASZQVX6,Applied For,FLIPKART,True
SMPGB9JWAASZQVX6,Country of Origin,FLIPKART,True
SMPGB9JWAASZQVX6,Container Type,FLIPKART,True
SMPGB9JWAASZQVX6,Composition,FLIPKART,False
SMPGB9JWGKVNTSGX,pack_of,FLIPKART,True
SMPGB9JWGKVNTSGX,Ideal For,FLIPKART,True
SMPGB9JWGKVNTSGX,Hair Type,FLIPKART,True
SMPGB9JWGKVNTSGX,Applied For,FLIPKART,True
SMPGB9JWGKVNTSGX,Country of Origin,FLIPKART,True
SMPGB9JWGKVNTSGX,Container Type,FLIPKART,True
SMPGB9JWGKVNTSGX,Composition,FLIPKART,False
SMPFYG2TJBYJVKZG,pack_of,FLIPKART,True
SMPFYG2TJBYJVKZG,Ideal For,FLIPKART,True
SMPFYG2TJBYJVKZG,Hair Type,FLIPKART,True
SMPFYG2TJBYJVKZG,Applied For,FLIPKART,True
SMPFYG2TJBYJVKZG,Country of Origin,FLIPKART,True
SMPFYG2TJBYJVKZG,Container Type,FLIPKART,True
SMPFYG2TJBYJVKZG,Composition,FLIPKART,True
SMPFGUN2DQXFF8G3,pack_of,FLIPKART,True
SMPFGUN2DQXFF8G3,Ideal For,FLIPKART,True
SMPFGUN2DQXFF8G3,Hair Type,FLIPKART,True
SMPFGUN2DQXFF8G3,Applied For,FLIPKART,True
SMPFGUN2DQXFF8G3,Country of Origin,FLIPKART,False
SMPFGUN2DQXFF8G3,Container Type,FLIPKART,True
SMPFGUN2DQXFF8G3,Composition,FLIPKART,True
SMPFJRHZU3FKAFG9,pack_of,GROCERY,True
SMPFJRHZU3FKAFG9,Ideal For,GROCERY,True
SMPFJRHZU3FKAFG9,Hair Type,GROCERY,True
SMPFJRHZU3FKAFG9,Applied For,GROCERY,True
SMPFJRHZU3FKAFG9,Country of Origin,GROCERY,True
SMPFJRHZU3FKAFG9,Container Type,GROCERY,True
SMPFJRHZU3FKAFG9,Composition,GROCERY,True
SMPFYG2TYVHGJZB2,pack_of,FLIPKART,True
SMPFYG2TYVHGJZB2,Ideal For,FLIPKART,True
SMPFYG2TYVHGJZB2,Hair Type,FLIPKART,True
SMPFYG2TYVHGJZB2,Applied For,FLIPKART,True
SMPFYG2TYVHGJZB2,Country of Origin,FLIPKART,False
SMPFYG2TYVHGJZB2,Container Type,FLIPKART,True
SMPFYG2TYVHGJZB2,Composition,FLIPKART,True
SMPETEEWZJHVGQSG,pack_of,GROCERY,True
SMPETEEWZJHVGQSG,Ideal For,GROCERY,True
SMPETEEWZJHVGQSG,Hair Type,GROCERY,True
SMPETEEWZJHVGQSG,Applied For,GROCERY,True
SMPETEEWZJHVGQSG,Country of Origin,GROCERY,False
SMPETEEWZJHVGQSG,Container Type,GROCERY,True
SMPETEEWZJHVGQSG,Composition,GROCERY,True
SMPFGUN2ET6Q2U2D,pack_of,FLIPKART,True
SMPFGUN2ET6Q2U2D,Ideal For,FLIPKART,True
SMPFGUN2ET6Q2U2D,Hair Type,FLIPKART,True
SMPFGUN2ET6Q2U2D,Applied For,FLIPKART,True
SMPFGUN2ET6Q2U2D,Country of Origin,FLIPKART,False
SMPFGUN2ET6Q2U2D,Container Type,FLIPKART,True
SMPFGUN2ET6Q2U2D,Composition,FLIPKART,True
SMPFVD3Z74QAQQVZ,pack_of,FLIPKART,True
SMPFVD3Z74QAQQVZ,Ideal For,FLIPKART,True
SMPFVD3Z74QAQQVZ,Hair Type,FLIPKART,True
SMPFVD3Z74QAQQVZ,Applied For,FLIPKART,True
SMPFVD3Z74QAQQVZ,Country of Origin,FLIPKART,True
SMPFVD3Z74QAQQVZ,Container Type,FLIPKART,True
SMPFVD3Z74QAQQVZ,Composition,FLIPKART,True
SMPFYG2TZBXARJAG,pack_of,GROCERY,True
SMPFYG2TZBXARJAG,Ideal For,GROCERY,True
SMPFYG2TZBXARJAG,Hair Type,GROCERY,True
SMPFYG2TZBXARJAG,Applied For,GROCERY,True
SMPFYG2TZBXARJAG,Country of Origin,GROCERY,False
SMPFYG2TZBXARJAG,Container Type,GROCERY,True
SMPFYG2TZBXARJAG,Composition,GROCERY,True
SMPFHW86PHVFZVQR,pack_of,FLIPKART,True
SMPFHW86PHVFZVQR,Ideal For,FLIPKART,True
SMPFHW86PHVFZVQR,Hair Type,FLIPKART,True
SMPFHW86PHVFZVQR,Applied For,FLIPKART,True
SMPFHW86PHVFZVQR,Country of Origin,FLIPKART,False
SMPFHW86PHVFZVQR,Container Type,FLIPKART,True
SMPFHW86PHVFZVQR,Composition,FLIPKART,True
SMPGYYYN9MZ6MC4A,pack_of,FLIPKART,True
SMPGYYYN9MZ6MC4A,Ideal For,FLIPKART,True
SMPGYYYN9MZ6MC4A,Hair Type,FLIPKART,True
SMPGYYYN9MZ6MC4A,Applied For,FLIPKART,True
SMPGYYYN9MZ6MC4A,Country of Origin,FLIPKART,False
SMPGYYYN9MZ6MC4A,Container Type,FLIPKART,False
SMPGYYYN9MZ6MC4A,Composition,FLIPKART,False
SMPGYYFGH6ZE4QHJ,pack_of,FLIPKART,True
SMPGYYFGH6ZE4QHJ,Ideal For,FLIPKART,True
SMPGYYFGH6ZE4QHJ,Hair Type,FLIPKART,True
SMPGYYFGH6ZE4QHJ,Applied For,FLIPKART,True
SMPGYYFGH6ZE4QHJ,Country of Origin,FLIPKART,True
SMPGYYFGH6ZE4QHJ,Container Type,FLIPKART,True
SMPGYYFGH6ZE4QHJ,Composition,FLIPKART,True
SMPFYG2TVPRFSR8A,pack_of,FLIPKART,True
SMPFYG2TVPRFSR8A,Ideal For,FLIPKART,True
SMPFYG2TVPRFSR8A,Hair Type,FLIPKART,True
SMPFYG2TVPRFSR8A,Applied For,FLIPKART,True
SMPFYG2TVPRFSR8A,Country of Origin,FLIPKART,True
SMPFYG2TVPRFSR8A,Container Type,FLIPKART,True
SMPFYG2TVPRFSR8A,Composition,FLIPKART,True
SMPFGMW42FCFMQAR,pack_of,FLIPKART,True
SMPFGMW42FCFMQAR,Ideal For,FLIPKART,True
SMPFGMW42FCFMQAR,Hair Type,FLIPKART,True
SMPFGMW42FCFMQAR,Applied For,FLIPKART,True
SMPFGMW42FCFMQAR,Country of Origin,FLIPKART,True
SMPFGMW42FCFMQAR,Container Type,FLIPKART,True
SMPFGMW42FCFMQAR,Composition,FLIPKART,True
SMPFGUN2ZC8JRYAF,pack_of,FLIPKART,True
SMPFGUN2ZC8JRYAF,Ideal For,FLIPKART,True
SMPFGUN2ZC8JRYAF,Hair Type,FLIPKART,True
SMPFGUN2ZC8JRYAF,Applied For,FLIPKART,True
SMPFGUN2ZC8JRYAF,Country of Origin,FLIPKART,False
SMPFGUN2ZC8JRYAF,Container Type,FLIPKART,True
SMPFGUN2ZC8JRYAF,Composition,FLIPKART,True
SMPFGUN2VYZNNFS5,pack_of,FLIPKART,True
SMPFGUN2VYZNNFS5,Ideal For,FLIPKART,True
SMPFGUN2VYZNNFS5,Hair Type,FLIPKART,True
SMPFGUN2VYZNNFS5,Applied For,FLIPKART,True
SMPFGUN2VYZNNFS5,Country of Origin,FLIPKART,False
SMPFGUN2VYZNNFS5,Container Type,FLIPKART,True
SMPFGUN2VYZNNFS5,Composition,FLIPKART,True
SMPFGUN2QPBNZN2Z,pack_of,FLIPKART,True
SMPFGUN2QPBNZN2Z,Ideal For,FLIPKART,True
SMPFGUN2QPBNZN2Z,Hair Type,FLIPKART,True
SMPFGUN2QPBNZN2Z,Applied For,FLIPKART,True
SMPFGUN2QPBNZN2Z,Country of Origin,FLIPKART,False
SMPFGUN2QPBNZN2Z,Container Type,FLIPKART,True
SMPFGUN2QPBNZN2Z,Composition,FLIPKART,True
SMPFE42QFAB3FNR5,pack_of,FLIPKART,True
SMPFE42QFAB3FNR5,Ideal For,FLIPKART,True
SMPFE42QFAB3FNR5,Hair Type,FLIPKART,True
SMPFE42QFAB3FNR5,Applied For,FLIPKART,True
SMPFE42QFAB3FNR5,Country of Origin,FLIPKART,False
SMPFE42QFAB3FNR5,Container Type,FLIPKART,True
SMPFE42QFAB3FNR5,Composition,FLIPKART,True
SMPFZXWUFGUGQ3QH,pack_of,FLIPKART,False
SMPFZXWUFGUGQ3QH,Ideal For,FLIPKART,True
SMPFZXWUFGUGQ3QH,Hair Type,FLIPKART,True
SMPFZXWUFGUGQ3QH,Applied For,FLIPKART,True
SMPFZXWUFGUGQ3QH,Country of Origin,FLIPKART,True
SMPFZXWUFGUGQ3QH,Container Type,FLIPKART,False
SMPFZXWUFGUGQ3QH,Composition,FLIPKART,False
SMPFGUN34SECWRUG,pack_of,FLIPKART,True
SMPFGUN34SECWRUG,Ideal For,FLIPKART,True
SMPFGUN34SECWRUG,Hair Type,FLIPKART,True
SMPFGUN34SECWRUG,Applied For,FLIPKART,True
SMPFGUN34SECWRUG,Country of Origin,FLIPKART,False
SMPFGUN34SECWRUG,Container Type,FLIPKART,True
SMPFGUN34SECWRUG,Composition,FLIPKART,True
SMPETEEWZGH2V7XU,pack_of,GROCERY,True
SMPETEEWZGH2V7XU,Ideal For,GROCERY,True
SMPETEEWZGH2V7XU,Hair Type,GROCERY,True
SMPETEEWZGH2V7XU,Applied For,GROCERY,True
SMPETEEWZGH2V7XU,Country of Origin,GROCERY,False
SMPETEEWZGH2V7XU,Container Type,GROCERY,True
SMPETEEWZGH2V7XU,Composition,GROCERY,True
SMPGFG4HG64FGRFP,pack_of,FLIPKART,True
SMPGFG4HG64FGRFP,Ideal For,FLIPKART,True
SMPGFG4HG64FGRFP,Hair Type,FLIPKART,True
SMPGFG4HG64FGRFP,Applied For,FLIPKART,True
SMPGFG4HG64FGRFP,Country of Origin,FLIPKART,False
SMPGFG4HG64FGRFP,Container Type,FLIPKART,True
SMPGFG4HG64FGRFP,Composition,FLIPKART,False
SMPGFG4HG64FGRFP,pack_of,FLIPKART,True
SMPGFG4HG64FGRFP,Ideal For,FLIPKART,True
SMPGFG4HG64FGRFP,Hair Type,FLIPKART,True
SMPGFG4HG64FGRFP,Applied For,FLIPKART,True
SMPGFG4HG64FGRFP,Country of Origin,FLIPKART,False
SMPGFG4HG64FGRFP,Container Type,FLIPKART,True
SMPGFG4HG64FGRFP,Composition,FLIPKART,False
SMPFZQMRKKKUNQTN,pack_of,FLIPKART,False
SMPFZQMRKKKUNQTN,Ideal For,FLIPKART,True
SMPFZQMRKKKUNQTN,Hair Type,FLIPKART,True
SMPFZQMRKKKUNQTN,Applied For,FLIPKART,True
SMPFZQMRKKKUNQTN,Country of Origin,FLIPKART,False
SMPFZQMRKKKUNQTN,Container Type,FLIPKART,False
SMPFZQMRKKKUNQTN,Composition,FLIPKART,False
SMPFZ7F9GZCJCJXR,pack_of,FLIPKART,True
SMPFZ7F9GZCJCJXR,Ideal For,FLIPKART,True
SMPFZ7F9GZCJCJXR,Hair Type,FLIPKART,True
SMPFZ7F9GZCJCJXR,Applied For,FLIPKART,True
SMPFZ7F9GZCJCJXR,Country of Origin,FLIPKART,False
SMPFZ7F9GZCJCJXR,Container Type,FLIPKART,True
SMPFZ7F9GZCJCJXR,Composition,FLIPKART,False
SMPFKXTYD4FWWPHW,pack_of,FLIPKART,True
SMPFKXTYD4FWWPHW,Ideal For,FLIPKART,True
SMPFKXTYD4FWWPHW,Hair Type,FLIPKART,True
SMPFKXTYD4FWWPHW,Applied For,FLIPKART,True
SMPFKXTYD4FWWPHW,Country of Origin,FLIPKART,False
SMPFKXTYD4FWWPHW,Container Type,FLIPKART,True
SMPFKXTYD4FWWPHW,Composition,FLIPKART,True
SMPEEHPACANK7MAD,pack_of,FLIPKART,True
SMPEEHPACANK7MAD,Ideal For,FLIPKART,True
SMPEEHPACANK7MAD,Hair Type,FLIPKART,True
SMPEEHPACANK7MAD,Applied For,FLIPKART,True
SMPEEHPACANK7MAD,Country of Origin,FLIPKART,False
SMPEEHPACANK7MAD,Container Type,FLIPKART,True
SMPEEHPACANK7MAD,Composition,FLIPKART,True
SMPGY9WNDGQHHMYU,pack_of,FLIPKART,True
SMPGY9WNDGQHHMYU,Ideal For,FLIPKART,True
SMPGY9WNDGQHHMYU,Hair Type,FLIPKART,True
SMPGY9WNDGQHHMYU,Applied For,FLIPKART,True
SMPGY9WNDGQHHMYU,Country of Origin,FLIPKART,True
SMPGY9WNDGQHHMYU,Container Type,FLIPKART,True
SMPGY9WNDGQHHMYU,Composition,FLIPKART,False
SMPG5B3GVPXRGBMT,pack_of,FLIPKART,True
SMPG5B3GVPXRGBMT,Ideal For,FLIPKART,True
SMPG5B3GVPXRGBMT,Hair Type,FLIPKART,True
SMPG5B3GVPXRGBMT,Applied For,FLIPKART,True
SMPG5B3GVPXRGBMT,Country of Origin,FLIPKART,True
SMPG5B3GVPXRGBMT,Container Type,FLIPKART,False
SMPG5B3GVPXRGBMT,Composition,FLIPKART,False
SMPG5B3GVPXRGBMT,pack_of,FLIPKART,True
SMPG5B3GVPXRGBMT,Ideal For,FLIPKART,True
SMPG5B3GVPXRGBMT,Hair Type,FLIPKART,True
SMPG5B3GVPXRGBMT,Applied For,FLIPKART,True
SMPG5B3GVPXRGBMT,Country of Origin,FLIPKART,True
SMPG5B3GVPXRGBMT,Container Type,FLIPKART,False
SMPG5B3GVPXRGBMT,Composition,FLIPKART,False
SMPFKXTHQ5M8JMXF,pack_of,FLIPKART,True
SMPFKXTHQ5M8JMXF,Ideal For,FLIPKART,True
SMPFKXTHQ5M8JMXF,Hair Type,FLIPKART,True
SMPFKXTHQ5M8JMXF,Applied For,FLIPKART,True
SMPFKXTHQ5M8JMXF,Country of Origin,FLIPKART,True
SMPFKXTHQ5M8JMXF,Container Type,FLIPKART,True
SMPFKXTHQ5M8JMXF,Composition,FLIPKART,True
SMPEEHPA4HKSHB9F,pack_of,FLIPKART,True
SMPEEHPA4HKSHB9F,Ideal For,FLIPKART,True
SMPEEHPA4HKSHB9F,Hair Type,FLIPKART,True
SMPEEHPA4HKSHB9F,Applied For,FLIPKART,True
SMPEEHPA4HKSHB9F,Country of Origin,FLIPKART,False
SMPEEHPA4HKSHB9F,Container Type,FLIPKART,True
SMPEEHPA4HKSHB9F,Composition,FLIPKART,True
SMPFZ9WJPNUK8EFG,pack_of,FLIPKART,True
SMPFZ9WJPNUK8EFG,Ideal For,FLIPKART,True
SMPFZ9WJPNUK8EFG,Hair Type,FLIPKART,True
SMPFZ9WJPNUK8EFG,Applied For,FLIPKART,True
SMPFZ9WJPNUK8EFG,Country of Origin,FLIPKART,True
SMPFZ9WJPNUK8EFG,Container Type,FLIPKART,True
SMPFZ9WJPNUK8EFG,Composition,FLIPKART,False
SMPFSMGZQBNMZYKT,pack_of,FLIPKART,True
SMPFSMGZQBNMZYKT,Ideal For,FLIPKART,True
SMPFSMGZQBNMZYKT,Hair Type,FLIPKART,True
SMPFSMGZQBNMZYKT,Applied For,FLIPKART,True
SMPFSMGZQBNMZYKT,Country of Origin,FLIPKART,False
SMPFSMGZQBNMZYKT,Container Type,FLIPKART,True
SMPFSMGZQBNMZYKT,Composition,FLIPKART,False
SMPFKXTYFZCEKPQY,pack_of,FLIPKART,True
SMPFKXTYFZCEKPQY,Ideal For,FLIPKART,True
SMPFKXTYFZCEKPQY,Hair Type,FLIPKART,True
SMPFKXTYFZCEKPQY,Applied For,FLIPKART,True
SMPFKXTYFZCEKPQY,Country of Origin,FLIPKART,False
SMPFKXTYFZCEKPQY,Container Type,FLIPKART,True
SMPFKXTYFZCEKPQY,Composition,FLIPKART,True
SMPF48HN77MGTQHD,pack_of,FLIPKART,True
SMPF48HN77MGTQHD,Ideal For,FLIPKART,True
SMPF48HN77MGTQHD,Hair Type,FLIPKART,True
SMPF48HN77MGTQHD,Applied For,FLIPKART,True
SMPF48HN77MGTQHD,Country of Origin,FLIPKART,False
SMPF48HN77MGTQHD,Container Type,FLIPKART,True
SMPF48HN77MGTQHD,Composition,FLIPKART,True
SMPEEHPAKRDUN9BW,pack_of,FLIPKART,True
SMPEEHPAKRDUN9BW,Ideal For,FLIPKART,True
SMPEEHPAKRDUN9BW,Hair Type,FLIPKART,True
SMPEEHPAKRDUN9BW,Applied For,FLIPKART,True
SMPEEHPAKRDUN9BW,Country of Origin,FLIPKART,False
SMPEEHPAKRDUN9BW,Container Type,FLIPKART,True
SMPEEHPAKRDUN9BW,Composition,FLIPKART,True
SMPFZKDGNHMH7GY6,pack_of,FLIPKART,True
SMPFZKDGNHMH7GY6,Ideal For,FLIPKART,True
SMPFZKDGNHMH7GY6,Hair Type,FLIPKART,True
SMPFZKDGNHMH7GY6,Applied For,FLIPKART,True
SMPFZKDGNHMH7GY6,Country of Origin,FLIPKART,False
SMPFZKDGNHMH7GY6,Container Type,FLIPKART,True
SMPFZKDGNHMH7GY6,Composition,FLIPKART,False
SMPFKXTYK3KGRZMG,pack_of,FLIPKART,True
SMPFKXTYK3KGRZMG,Ideal For,FLIPKART,True
SMPFKXTYK3KGRZMG,Hair Type,FLIPKART,True
SMPFKXTYK3KGRZMG,Applied For,FLIPKART,True
SMPFKXTYK3KGRZMG,Country of Origin,FLIPKART,False
SMPFKXTYK3KGRZMG,Container Type,FLIPKART,True
SMPFKXTYK3KGRZMG,Composition,FLIPKART,True
SMPFKXTYEGHTSMHC,pack_of,FLIPKART,True
SMPFKXTYEGHTSMHC,Ideal For,FLIPKART,True
SMPFKXTYEGHTSMHC,Hair Type,FLIPKART,True
SMPFKXTYEGHTSMHC,Applied For,FLIPKART,True
SMPFKXTYEGHTSMHC,Country of Origin,FLIPKART,False
SMPFKXTYEGHTSMHC,Container Type,FLIPKART,True
SMPFKXTYEGHTSMHC,Composition,FLIPKART,True
SMPFNNFMGJHPRHRH,pack_of,FLIPKART,False
SMPFNNFMGJHPRHRH,Ideal For,FLIPKART,True
SMPFNNFMGJHPRHRH,Hair Type,FLIPKART,True
SMPFNNFMGJHPRHRH,Applied For,FLIPKART,True
SMPFNNFMGJHPRHRH,Country of Origin,FLIPKART,False
SMPFNNFMGJHPRHRH,Container Type,FLIPKART,True
SMPFNNFMGJHPRHRH,Composition,FLIPKART,False
SMPFVWAZA427QJHQ,pack_of,FLIPKART,True
SMPFVWAZA427QJHQ,Ideal For,FLIPKART,True
SMPFVWAZA427QJHQ,Hair Type,FLIPKART,True
SMPFVWAZA427QJHQ,Applied For,FLIPKART,True
SMPFVWAZA427QJHQ,Country of Origin,FLIPKART,False
SMPFVWAZA427QJHQ,Container Type,FLIPKART,True
SMPFVWAZA427QJHQ,Composition,FLIPKART,False
SMPFSQCBKNZCZWGF,pack_of,FLIPKART,False
SMPFSQCBKNZCZWGF,Ideal For,FLIPKART,True
SMPFSQCBKNZCZWGF,Hair Type,FLIPKART,True
SMPFSQCBKNZCZWGF,Applied For,FLIPKART,True
SMPFSQCBKNZCZWGF,Country of Origin,FLIPKART,False
SMPFSQCBKNZCZWGF,Container Type,FLIPKART,True
SMPFSQCBKNZCZWGF,Composition,FLIPKART,True
SMPFKXTYYBRQGUKZ,pack_of,FLIPKART,True
SMPFKXTYYBRQGUKZ,Ideal For,FLIPKART,True
SMPFKXTYYBRQGUKZ,Hair Type,FLIPKART,True
SMPFKXTYYBRQGUKZ,Applied For,FLIPKART,True
SMPFKXTYYBRQGUKZ,Country of Origin,FLIPKART,False
SMPFKXTYYBRQGUKZ,Container Type,FLIPKART,True
SMPFKXTYYBRQGUKZ,Composition,FLIPKART,True
SMPFKXTHGDJYPYF4,pack_of,FLIPKART,True
SMPFKXTHGDJYPYF4,Ideal For,FLIPKART,True
SMPFKXTHGDJYPYF4,Hair Type,FLIPKART,True
SMPFKXTHGDJYPYF4,Applied For,FLIPKART,True
SMPFKXTHGDJYPYF4,Country of Origin,FLIPKART,True
SMPFKXTHGDJYPYF4,Container Type,FLIPKART,True
SMPFKXTHGDJYPYF4,Composition,FLIPKART,True
SMPGFSKAF3FN8GYY,pack_of,FLIPKART,True
SMPGFSKAF3FN8GYY,Ideal For,FLIPKART,True
SMPGFSKAF3FN8GYY,Hair Type,FLIPKART,True
SMPGFSKAF3FN8GYY,Applied For,FLIPKART,True
SMPGFSKAF3FN8GYY,Country of Origin,FLIPKART,False
SMPGFSKAF3FN8GYY,Container Type,FLIPKART,False
SMPGFSKAF3FN8GYY,Composition,FLIPKART,False
SMPEEHPAHTYHJCWE,pack_of,FLIPKART,True
SMPEEHPAHTYHJCWE,Ideal For,FLIPKART,True
SMPEEHPAHTYHJCWE,Hair Type,FLIPKART,True
SMPEEHPAHTYHJCWE,Applied For,FLIPKART,True
SMPEEHPAHTYHJCWE,Country of Origin,FLIPKART,False
SMPEEHPAHTYHJCWE,Container Type,FLIPKART,True
SMPEEHPAHTYHJCWE,Composition,FLIPKART,True
SMPFKXTHHKZSYGZK,pack_of,FLIPKART,True
SMPFKXTHHKZSYGZK,Ideal For,FLIPKART,True
SMPFKXTHHKZSYGZK,Hair Type,FLIPKART,True
SMPFKXTHHKZSYGZK,Applied For,FLIPKART,True
SMPFKXTHHKZSYGZK,Country of Origin,FLIPKART,False
SMPFKXTHHKZSYGZK,Container Type,FLIPKART,True
SMPFKXTHHKZSYGZK,Composition,FLIPKART,True
SMPFKXTYQFUCBWRG,pack_of,FLIPKART,True
SMPFKXTYQFUCBWRG,Ideal For,FLIPKART,True
SMPFKXTYQFUCBWRG,Hair Type,FLIPKART,True
SMPFKXTYQFUCBWRG,Applied For,FLIPKART,True
SMPFKXTYQFUCBWRG,Country of Origin,FLIPKART,False
SMPFKXTYQFUCBWRG,Container Type,FLIPKART,True
SMPFKXTYQFUCBWRG,Composition,FLIPKART,True
SMPFKXTYFQH8YCXE,pack_of,FLIPKART,True
SMPFKXTYFQH8YCXE,Ideal For,FLIPKART,True
SMPFKXTYFQH8YCXE,Hair Type,FLIPKART,True
SMPFKXTYFQH8YCXE,Applied For,FLIPKART,True
SMPFKXTYFQH8YCXE,Country of Origin,FLIPKART,True
SMPFKXTYFQH8YCXE,Container Type,FLIPKART,True
SMPFKXTYFQH8YCXE,Composition,FLIPKART,False
SMPFKXTYAXBTFDR9,pack_of,FLIPKART,True
SMPFKXTYAXBTFDR9,Ideal For,FLIPKART,True
SMPFKXTYAXBTFDR9,Hair Type,FLIPKART,True
SMPFKXTYAXBTFDR9,Applied For,FLIPKART,True
SMPFKXTYAXBTFDR9,Country of Origin,FLIPKART,False
SMPFKXTYAXBTFDR9,Container Type,FLIPKART,True
SMPFKXTYAXBTFDR9,Composition,FLIPKART,True
SMPFVGZGJETBMFFW,pack_of,FLIPKART,False
SMPFVGZGJETBMFFW,Ideal For,FLIPKART,True
SMPFVGZGJETBMFFW,Hair Type,FLIPKART,True
SMPFVGZGJETBMFFW,Applied For,FLIPKART,True
SMPFVGZGJETBMFFW,Country of Origin,FLIPKART,False
SMPFVGZGJETBMFFW,Container Type,FLIPKART,False
SMPFVGZGJETBMFFW,Composition,FLIPKART,False
SMPFWBWAEFHQZCDG,pack_of,FLIPKART,True
SMPFWBWAEFHQZCDG,Ideal For,FLIPKART,True
SMPFWBWAEFHQZCDG,Hair Type,FLIPKART,True
SMPFWBWAEFHQZCDG,Applied For,FLIPKART,True
SMPFWBWAEFHQZCDG,Country of Origin,FLIPKART,False
SMPFWBWAEFHQZCDG,Container Type,FLIPKART,True
SMPFWBWAEFHQZCDG,Composition,FLIPKART,False
SMPGFAF68QMP7VE4,pack_of,FLIPKART,True
SMPGFAF68QMP7VE4,Ideal For,FLIPKART,True
SMPGFAF68QMP7VE4,Hair Type,FLIPKART,True
SMPGFAF68QMP7VE4,Applied For,FLIPKART,True
SMPGFAF68QMP7VE4,Country of Origin,FLIPKART,True
SMPGFAF68QMP7VE4,Container Type,FLIPKART,False
SMPGFAF68QMP7VE4,Composition,FLIPKART,False
SMPFUNZ88GRUHYBF,pack_of,FLIPKART,False
SMPFUNZ88GRUHYBF,Ideal For,FLIPKART,True
SMPFUNZ88GRUHYBF,Hair Type,FLIPKART,True
SMPFUNZ88GRUHYBF,Applied For,FLIPKART,True
SMPFUNZ88GRUHYBF,Country of Origin,FLIPKART,False
SMPFUNZ88GRUHYBF,Container Type,FLIPKART,False
SMPFUNZ88GRUHYBF,Composition,FLIPKART,False
SMPF48HZ6MV4GKMZ,pack_of,FLIPKART,True
SMPF48HZ6MV4GKMZ,Ideal For,FLIPKART,True
SMPF48HZ6MV4GKMZ,Hair Type,FLIPKART,True
SMPF48HZ6MV4GKMZ,Applied For,FLIPKART,True
SMPF48HZ6MV4GKMZ,Country of Origin,FLIPKART,False
SMPF48HZ6MV4GKMZ,Container Type,FLIPKART,True
SMPF48HZ6MV4GKMZ,Composition,FLIPKART,True
SMPFUBRFSEUZAZ7Q,pack_of,FLIPKART,False
SMPFUBRFSEUZAZ7Q,Ideal For,FLIPKART,True
SMPFUBRFSEUZAZ7Q,Hair Type,FLIPKART,True
SMPFUBRFSEUZAZ7Q,Applied For,FLIPKART,True
SMPFUBRFSEUZAZ7Q,Country of Origin,FLIPKART,False
SMPFUBRFSEUZAZ7Q,Container Type,FLIPKART,False
SMPFUBRFSEUZAZ7Q,Composition,FLIPKART,False
SMPG4Q6HEUWYPGHJ,pack_of,FLIPKART,True
SMPG4Q6HEUWYPGHJ,Ideal For,FLIPKART,True
SMPG4Q6HEUWYPGHJ,Hair Type,FLIPKART,True
SMPG4Q6HEUWYPGHJ,Applied For,FLIPKART,True
SMPG4Q6HEUWYPGHJ,Country of Origin,FLIPKART,True
SMPG4Q6HEUWYPGHJ,Container Type,FLIPKART,False
SMPG4Q6HEUWYPGHJ,Composition,FLIPKART,False
SMPF48HZUFVZTXVW,pack_of,FLIPKART,True
SMPF48HZUFVZTXVW,Ideal For,FLIPKART,True
SMPF48HZUFVZTXVW,Hair Type,FLIPKART,True
SMPF48HZUFVZTXVW,Applied For,FLIPKART,True
SMPF48HZUFVZTXVW,Country of Origin,FLIPKART,False
SMPF48HZUFVZTXVW,Container Type,FLIPKART,True
SMPF48HZUFVZTXVW,Composition,FLIPKART,True
SMPFKXTHHZRNMVVH,pack_of,FLIPKART,False
SMPFKXTHHZRNMVVH,Ideal For,FLIPKART,True
SMPFKXTHHZRNMVVH,Hair Type,FLIPKART,True
SMPFKXTHHZRNMVVH,Applied For,FLIPKART,True
SMPFKXTHHZRNMVVH,Country of Origin,FLIPKART,False
SMPFKXTHHZRNMVVH,Container Type,FLIPKART,True
SMPFKXTHHZRNMVVH,Composition,FLIPKART,True
SMPF66PU8GZ8ESGQ,pack_of,FLIPKART,True
SMPF66PU8GZ8ESGQ,Ideal For,FLIPKART,True
SMPF66PU8GZ8ESGQ,Hair Type,FLIPKART,True
SMPF66PU8GZ8ESGQ,Applied For,FLIPKART,True
SMPF66PU8GZ8ESGQ,Country of Origin,FLIPKART,False
SMPF66PU8GZ8ESGQ,Container Type,FLIPKART,True
SMPF66PU8GZ8ESGQ,Composition,FLIPKART,True
SMPFZEFEXGKCSGFM,pack_of,FLIPKART,True
SMPFZEFEXGKCSGFM,Ideal For,FLIPKART,True
SMPFZEFEXGKCSGFM,Hair Type,FLIPKART,True
SMPFZEFEXGKCSGFM,Applied For,FLIPKART,True
SMPFZEFEXGKCSGFM,Country of Origin,FLIPKART,False
SMPFZEFEXGKCSGFM,Container Type,FLIPKART,True
SMPFZEFEXGKCSGFM,Composition,FLIPKART,False
SMPFKXTYVCWZ69H7,pack_of,FLIPKART,True
SMPFKXTYVCWZ69H7,Ideal For,FLIPKART,True
SMPFKXTYVCWZ69H7,Hair Type,FLIPKART,True
SMPFKXTYVCWZ69H7,Applied For,FLIPKART,True
SMPFKXTYVCWZ69H7,Country of Origin,FLIPKART,False
SMPFKXTYVCWZ69H7,Container Type,FLIPKART,True
SMPFKXTYVCWZ69H7,Composition,FLIPKART,True
SMPFEZC98F7EYQG8,pack_of,FLIPKART,True
SMPFEZC98F7EYQG8,Ideal For,FLIPKART,True
SMPFEZC98F7EYQG8,Hair Type,FLIPKART,True
SMPFEZC98F7EYQG8,Applied For,FLIPKART,True
SMPFEZC98F7EYQG8,Country of Origin,FLIPKART,False
SMPFEZC98F7EYQG8,Container Type,FLIPKART,True
SMPFEZC98F7EYQG8,Composition,FLIPKART,True
SMPFGUN22R6MGVQR,pack_of,FLIPKART,True
SMPFGUN22R6MGVQR,Ideal For,FLIPKART,True
SMPFGUN22R6MGVQR,Hair Type,FLIPKART,True
SMPFGUN22R6MGVQR,Applied For,FLIPKART,True
SMPFGUN22R6MGVQR,Country of Origin,FLIPKART,False
SMPFGUN22R6MGVQR,Container Type,FLIPKART,True
SMPFGUN22R6MGVQR,Composition,FLIPKART,True
SMPG79HWHCQVUR35,pack_of,FLIPKART,False
SMPG79HWHCQVUR35,Ideal For,FLIPKART,True
SMPG79HWHCQVUR35,Hair Type,FLIPKART,True
SMPG79HWHCQVUR35,Applied For,FLIPKART,True
SMPG79HWHCQVUR35,Country of Origin,FLIPKART,False
SMPG79HWHCQVUR35,Container Type,FLIPKART,False
SMPG79HWHCQVUR35,Composition,FLIPKART,False
SMPFTFV9PHZZXYYD,pack_of,FLIPKART,False
SMPFTFV9PHZZXYYD,Ideal For,FLIPKART,True
SMPFTFV9PHZZXYYD,Hair Type,FLIPKART,True
SMPFTFV9PHZZXYYD,Applied For,FLIPKART,True
SMPFTFV9PHZZXYYD,Country of Origin,FLIPKART,False
SMPFTFV9PHZZXYYD,Container Type,FLIPKART,False
SMPFTFV9PHZZXYYD,Composition,FLIPKART,False
SMPFV3G2VFZSDKCF,pack_of,FLIPKART,True
SMPFV3G2VFZSDKCF,Ideal For,FLIPKART,True
SMPFV3G2VFZSDKCF,Hair Type,FLIPKART,True
SMPFV3G2VFZSDKCF,Applied For,FLIPKART,True
SMPFV3G2VFZSDKCF,Country of Origin,FLIPKART,False
SMPFV3G2VFZSDKCF,Container Type,FLIPKART,True
SMPFV3G2VFZSDKCF,Composition,FLIPKART,False
SMPFV3G2VFZSDKCF,pack_of,FLIPKART,True
SMPFV3G2VFZSDKCF,Ideal For,FLIPKART,True
SMPFV3G2VFZSDKCF,Hair Type,FLIPKART,True
SMPFV3G2VFZSDKCF,Applied For,FLIPKART,True
SMPFV3G2VFZSDKCF,Country of Origin,FLIPKART,False
SMPFV3G2VFZSDKCF,Container Type,FLIPKART,True
SMPFV3G2VFZSDKCF,Composition,FLIPKART,False
SMPFWPAPKY52FY3C,pack_of,FLIPKART,True
SMPFWPAPKY52FY3C,Ideal For,FLIPKART,True
SMPFWPAPKY52FY3C,Hair Type,FLIPKART,True
SMPFWPAPKY52FY3C,Applied For,FLIPKART,True
SMPFWPAPKY52FY3C,Country of Origin,FLIPKART,False
SMPFWPAPKY52FY3C,Container Type,FLIPKART,True
SMPFWPAPKY52FY3C,Composition,FLIPKART,True
SMPG3NBKYHH2ED8P,pack_of,FLIPKART,True
SMPG3NBKYHH2ED8P,Ideal For,FLIPKART,True
SMPG3NBKYHH2ED8P,Hair Type,FLIPKART,True
SMPG3NBKYHH2ED8P,Applied For,FLIPKART,True
SMPG3NBKYHH2ED8P,Country of Origin,FLIPKART,True
SMPG3NBKYHH2ED8P,Container Type,FLIPKART,True
SMPG3NBKYHH2ED8P,Composition,FLIPKART,True
SMPFWPEAG5FEWAZR,pack_of,FLIPKART,True
SMPFWPEAG5FEWAZR,Ideal For,FLIPKART,True
SMPFWPEAG5FEWAZR,Hair Type,FLIPKART,True
SMPFWPEAG5FEWAZR,Applied For,FLIPKART,True
SMPFWPEAG5FEWAZR,Country of Origin,FLIPKART,False
SMPFWPEAG5FEWAZR,Container Type,FLIPKART,True
SMPFWPEAG5FEWAZR,Composition,FLIPKART,True
SMPG3NBKAGPB4PZB,pack_of,FLIPKART,True
SMPG3NBKAGPB4PZB,Ideal For,FLIPKART,True
SMPG3NBKAGPB4PZB,Hair Type,FLIPKART,True
SMPG3NBKAGPB4PZB,Applied For,FLIPKART,True
SMPG3NBKAGPB4PZB,Country of Origin,FLIPKART,True
SMPG3NBKAGPB4PZB,Container Type,FLIPKART,True
SMPG3NBKAGPB4PZB,Composition,FLIPKART,True
SMPFWPEAKPM6DMZG,pack_of,FLIPKART,True
SMPFWPEAKPM6DMZG,Ideal For,FLIPKART,True
SMPFWPEAKPM6DMZG,Hair Type,FLIPKART,True
SMPFWPEAKPM6DMZG,Applied For,FLIPKART,True
SMPFWPEAKPM6DMZG,Country of Origin,FLIPKART,False
SMPFWPEAKPM6DMZG,Container Type,FLIPKART,True
SMPFWPEAKPM6DMZG,Composition,FLIPKART,True
SMPFWPAPDWFZHD26,pack_of,FLIPKART,True
SMPFWPAPDWFZHD26,Ideal For,FLIPKART,True
SMPFWPAPDWFZHD26,Hair Type,FLIPKART,True
SMPFWPAPDWFZHD26,Applied For,FLIPKART,True
SMPFWPAPDWFZHD26,Country of Origin,FLIPKART,False
SMPFWPAPDWFZHD26,Container Type,FLIPKART,True
SMPFWPAPDWFZHD26,Composition,FLIPKART,True
SMPFWPAPHFRNZGHH,pack_of,FLIPKART,True
SMPFWPAPHFRNZGHH,Ideal For,FLIPKART,True
SMPFWPAPHFRNZGHH,Hair Type,FLIPKART,True
SMPFWPAPHFRNZGHH,Applied For,FLIPKART,True
SMPFWPAPHFRNZGHH,Country of Origin,FLIPKART,False
SMPFWPAPHFRNZGHH,Container Type,FLIPKART,True
SMPFWPAPHFRNZGHH,Composition,FLIPKART,True
SMPFWPAP9DBKGGWS,pack_of,FLIPKART,True
SMPFWPAP9DBKGGWS,Ideal For,FLIPKART,True
SMPFWPAP9DBKGGWS,Hair Type,FLIPKART,True
SMPFWPAP9DBKGGWS,Applied For,FLIPKART,True
SMPFWPAP9DBKGGWS,Country of Origin,FLIPKART,False
SMPFWPAP9DBKGGWS,Container Type,FLIPKART,True
SMPFWPAP9DBKGGWS,Composition,FLIPKART,True
SMPFWPAP9DBKGGWS,pack_of,FLIPKART,True
SMPFWPAP9DBKGGWS,Ideal For,FLIPKART,True
SMPFWPAP9DBKGGWS,Hair Type,FLIPKART,True
SMPFWPAP9DBKGGWS,Applied For,FLIPKART,True
SMPFWPAP9DBKGGWS,Country of Origin,FLIPKART,False
SMPFWPAP9DBKGGWS,Container Type,FLIPKART,True
SMPFWPAP9DBKGGWS,Composition,FLIPKART,True
SMPFWPAPRTC9J6EK,pack_of,FLIPKART,True
SMPFWPAPRTC9J6EK,Ideal For,FLIPKART,True
SMPFWPAPRTC9J6EK,Hair Type,FLIPKART,True
SMPFWPAPRTC9J6EK,Applied For,FLIPKART,True
SMPFWPAPRTC9J6EK,Country of Origin,FLIPKART,False
SMPFWPAPRTC9J6EK,Container Type,FLIPKART,True
SMPFWPAPRTC9J6EK,Composition,FLIPKART,True
CNDD9ZYZSX8FHQFH,pack_of,FLIPKART,True
CNDD9ZYZSX8FHQFH,Ideal For,FLIPKART,True
CNDD9ZYZSX8FHQFH,Hair Type,FLIPKART,True
CNDD9ZYZSX8FHQFH,Applied For,FLIPKART,True
CNDD9ZYZSX8FHQFH,Country of Origin,FLIPKART,False
CNDD9ZYZSX8FHQFH,Container Type,FLIPKART,True
CNDD9ZYZSX8FHQFH,Composition,FLIPKART,True
SMPGGDWP9DX69EC7,pack_of,FLIPKART,True
SMPGGDWP9DX69EC7,Ideal For,FLIPKART,True
SMPGGDWP9DX69EC7,Hair Type,FLIPKART,True
SMPGGDWP9DX69EC7,Applied For,FLIPKART,True
SMPGGDWP9DX69EC7,Country of Origin,FLIPKART,False
SMPGGDWP9DX69EC7,Container Type,FLIPKART,True
SMPGGDWP9DX69EC7,Composition,FLIPKART,False
SMPFWPEA7JAFGBRV,pack_of,FLIPKART,True
SMPFWPEA7JAFGBRV,Ideal For,FLIPKART,True
SMPFWPEA7JAFGBRV,Hair Type,FLIPKART,True
SMPFWPEA7JAFGBRV,Applied For,FLIPKART,True
SMPFWPEA7JAFGBRV,Country of Origin,FLIPKART,False
SMPFWPEA7JAFGBRV,Container Type,FLIPKART,True
SMPFWPEA7JAFGBRV,Composition,FLIPKART,True
SMPGCQWGKWE7GTH9,pack_of,FLIPKART,True
SMPGCQWGKWE7GTH9,Ideal For,FLIPKART,True
SMPGCQWGKWE7GTH9,Hair Type,FLIPKART,True
SMPGCQWGKWE7GTH9,Applied For,FLIPKART,True
SMPGCQWGKWE7GTH9,Country of Origin,FLIPKART,True
SMPGCQWGKWE7GTH9,Container Type,FLIPKART,True
SMPGCQWGKWE7GTH9,Composition,FLIPKART,False
SMPEJ9FFJAHGEAZT,pack_of,GROCERY,True
SMPEJ9FFJAHGEAZT,Ideal For,GROCERY,True
SMPEJ9FFJAHGEAZT,Hair Type,GROCERY,True
SMPEJ9FFJAHGEAZT,Applied For,GROCERY,True
SMPEJ9FFJAHGEAZT,Country of Origin,GROCERY,False
SMPEJ9FFJAHGEAZT,Container Type,GROCERY,True
SMPEJ9FFJAHGEAZT,Composition,GROCERY,True
SMPG5DHY7UWUAHMW,pack_of,FLIPKART,True
SMPG5DHY7UWUAHMW,Ideal For,FLIPKART,True
SMPG5DHY7UWUAHMW,Hair Type,FLIPKART,True
SMPG5DHY7UWUAHMW,Applied For,FLIPKART,True
SMPG5DHY7UWUAHMW,Country of Origin,FLIPKART,True
SMPG5DHY7UWUAHMW,Container Type,FLIPKART,True
SMPG5DHY7UWUAHMW,Composition,FLIPKART,False
SMPF2RD3MKHH2UXD,pack_of,FLIPKART,True
SMPF2RD3MKHH2UXD,Ideal For,FLIPKART,True
SMPF2RD3MKHH2UXD,Hair Type,FLIPKART,True
SMPF2RD3MKHH2UXD,Applied For,FLIPKART,True
SMPF2RD3MKHH2UXD,Country of Origin,FLIPKART,False
SMPF2RD3MKHH2UXD,Container Type,FLIPKART,True
SMPF2RD3MKHH2UXD,Composition,FLIPKART,True
SMPEJ9FFSY56YDB2,pack_of,GROCERY,True
SMPEJ9FFSY56YDB2,Ideal For,GROCERY,True
SMPEJ9FFSY56YDB2,Hair Type,GROCERY,True
SMPEJ9FFSY56YDB2,Applied For,GROCERY,True
SMPEJ9FFSY56YDB2,Country of Origin,GROCERY,False
SMPEJ9FFSY56YDB2,Container Type,GROCERY,True
SMPEJ9FFSY56YDB2,Composition,GROCERY,True
SMPF3RY6H7AGTDJ7,pack_of,FLIPKART,True
SMPF3RY6H7AGTDJ7,Ideal For,FLIPKART,True
SMPF3RY6H7AGTDJ7,Hair Type,FLIPKART,True
SMPF3RY6H7AGTDJ7,Applied For,FLIPKART,True
SMPF3RY6H7AGTDJ7,Country of Origin,FLIPKART,False
SMPF3RY6H7AGTDJ7,Container Type,FLIPKART,True
SMPF3RY6H7AGTDJ7,Composition,FLIPKART,True
SMPGGDWPAQCJPWRQ,pack_of,FLIPKART,True
SMPGGDWPAQCJPWRQ,Ideal For,FLIPKART,True
SMPGGDWPAQCJPWRQ,Hair Type,FLIPKART,True
SMPGGDWPAQCJPWRQ,Applied For,FLIPKART,True
SMPGGDWPAQCJPWRQ,Country of Origin,FLIPKART,False
SMPGGDWPAQCJPWRQ,Container Type,FLIPKART,True
SMPGGDWPAQCJPWRQ,Composition,FLIPKART,False
SMPGGDWPAQCJPWRQ,pack_of,FLIPKART,True
SMPGGDWPAQCJPWRQ,Ideal For,FLIPKART,True
SMPGGDWPAQCJPWRQ,Hair Type,FLIPKART,True
SMPGGDWPAQCJPWRQ,Applied For,FLIPKART,True
SMPGGDWPAQCJPWRQ,Country of Origin,FLIPKART,False
SMPGGDWPAQCJPWRQ,Container Type,FLIPKART,True
SMPGGDWPAQCJPWRQ,Composition,FLIPKART,False
SMPFUHM82QPRBMR8,pack_of,FLIPKART,True
SMPFUHM82QPRBMR8,Ideal For,FLIPKART,True
SMPFUHM82QPRBMR8,Hair Type,FLIPKART,True
SMPFUHM82QPRBMR8,Applied For,FLIPKART,True
SMPFUHM82QPRBMR8,Country of Origin,FLIPKART,False
SMPFUHM82QPRBMR8,Container Type,FLIPKART,True
SMPFUHM82QPRBMR8,Composition,FLIPKART,False
SMPFJ3FY4YFGMFFU,pack_of,FLIPKART,False
SMPFJ3FY4YFGMFFU,Ideal For,FLIPKART,True
SMPFJ3FY4YFGMFFU,Hair Type,FLIPKART,True
SMPFJ3FY4YFGMFFU,Applied For,FLIPKART,True
SMPFJ3FY4YFGMFFU,Country of Origin,FLIPKART,False
SMPFJ3FY4YFGMFFU,Container Type,FLIPKART,True
SMPFJ3FY4YFGMFFU,Composition,FLIPKART,True
SMPEJ9FFT8KXXUUH,pack_of,FLIPKART,True
SMPEJ9FFT8KXXUUH,Ideal For,FLIPKART,True
SMPEJ9FFT8KXXUUH,Hair Type,FLIPKART,True
SMPEJ9FFT8KXXUUH,Applied For,FLIPKART,True
SMPEJ9FFT8KXXUUH,Country of Origin,FLIPKART,False
SMPEJ9FFT8KXXUUH,Container Type,FLIPKART,True
SMPEJ9FFT8KXXUUH,Composition,FLIPKART,True
SMPG2J5GAUGKGA4P,pack_of,FLIPKART,True
SMPG2J5GAUGKGA4P,Ideal For,FLIPKART,True
SMPG2J5GAUGKGA4P,Hair Type,FLIPKART,True
SMPG2J5GAUGKGA4P,Applied For,FLIPKART,True
SMPG2J5GAUGKGA4P,Country of Origin,FLIPKART,True
SMPG2J5GAUGKGA4P,Container Type,FLIPKART,True
SMPG2J5GAUGKGA4P,Composition,FLIPKART,False
SMPG2J5GAUGKGA4P,pack_of,FLIPKART,True
SMPG2J5GAUGKGA4P,Ideal For,FLIPKART,True
SMPG2J5GAUGKGA4P,Hair Type,FLIPKART,True
SMPG2J5GAUGKGA4P,Applied For,FLIPKART,True
SMPG2J5GAUGKGA4P,Country of Origin,FLIPKART,True
SMPG2J5GAUGKGA4P,Container Type,FLIPKART,True
SMPG2J5GAUGKGA4P,Composition,FLIPKART,False
SMPEJ9FFNHDW5HBH,pack_of,GROCERY,True
SMPEJ9FFNHDW5HBH,Ideal For,GROCERY,True
SMPEJ9FFNHDW5HBH,Hair Type,GROCERY,True
SMPEJ9FFNHDW5HBH,Applied For,GROCERY,True
SMPEJ9FFNHDW5HBH,Country of Origin,GROCERY,False
SMPEJ9FFNHDW5HBH,Container Type,GROCERY,True
SMPEJ9FFNHDW5HBH,Composition,GROCERY,True
SMPG9MRZ5W9WFT9B,pack_of,FLIPKART,True
SMPG9MRZ5W9WFT9B,Ideal For,FLIPKART,True
SMPG9MRZ5W9WFT9B,Hair Type,FLIPKART,True
SMPG9MRZ5W9WFT9B,Applied For,FLIPKART,True
SMPG9MRZ5W9WFT9B,Country of Origin,FLIPKART,True
SMPG9MRZ5W9WFT9B,Container Type,FLIPKART,True
SMPG9MRZ5W9WFT9B,Composition,FLIPKART,False
SMPGCQWFBHPAUP7Y,pack_of,FLIPKART,True
SMPGCQWFBHPAUP7Y,Ideal For,FLIPKART,True
SMPGCQWFBHPAUP7Y,Hair Type,FLIPKART,True
SMPGCQWFBHPAUP7Y,Applied For,FLIPKART,True
SMPGCQWFBHPAUP7Y,Country of Origin,FLIPKART,True
SMPGCQWFBHPAUP7Y,Container Type,FLIPKART,True
SMPGCQWFBHPAUP7Y,Composition,FLIPKART,False
SMPGGDWPGV937WGZ,pack_of,FLIPKART,True
SMPGGDWPGV937WGZ,Ideal For,FLIPKART,True
SMPGGDWPGV937WGZ,Hair Type,FLIPKART,True
SMPGGDWPGV937WGZ,Applied For,FLIPKART,True
SMPGGDWPGV937WGZ,Country of Origin,FLIPKART,False
SMPGGDWPGV937WGZ,Container Type,FLIPKART,True
SMPGGDWPGV937WGZ,Composition,FLIPKART,False
SMPF3RY6FGGM9KHY,pack_of,GROCERY,True
SMPF3RY6FGGM9KHY,Ideal For,GROCERY,True
SMPF3RY6FGGM9KHY,Hair Type,GROCERY,True
SMPF3RY6FGGM9KHY,Applied For,GROCERY,True
SMPF3RY6FGGM9KHY,Country of Origin,GROCERY,False
SMPF3RY6FGGM9KHY,Container Type,GROCERY,True
SMPF3RY6FGGM9KHY,Composition,GROCERY,True
SMPGGDWPMJHGQCFT,pack_of,FLIPKART,True
SMPGGDWPMJHGQCFT,Ideal For,FLIPKART,True
SMPGGDWPMJHGQCFT,Hair Type,FLIPKART,True
SMPGGDWPMJHGQCFT,Applied For,FLIPKART,True
SMPGGDWPMJHGQCFT,Country of Origin,FLIPKART,False
SMPGGDWPMJHGQCFT,Container Type,FLIPKART,True
SMPGGDWPMJHGQCFT,Composition,FLIPKART,False
