ASIN,username,rating,title,date,country,helpful,description,keyword,importance,sentiment_score,magnitude,aspect
B0B2PVXWZS,Dr.HariSh B,3.0 out of 5 stars,I don't see any results but worth trying,15/08/2022 00:00,India,,After regular use for almost 2 weeks no kuch improvement in color. Flavour is gud and provide gud cleaning. Not worthy for whitening as far as I'm concerned.,use,0.52238059,-0.200000003,0.200000003,
B0B2PVXWZS,pratheesh,5.0 out of 5 stars,Nice toothbrush.,13/08/2022 00:00,India,,The toothbrush head anf brussels can reach every corner of the mouth which some of other toothbrushes can't. Nice one üëç,mouth,0.258216441,0,0,
B0B2PVXWZS,pratheesh,5.0 out of 5 stars,Nice toothbrush.,13/08/2022 00:00,India,,The toothbrush head anf brussels can reach every corner of the mouth which some of other toothbrushes can't. Nice one üëç,corner,0.11454232,0,0,
B0B2PVXWZS,pratheesh,5.0 out of 5 stars,Nice toothbrush.,13/08/2022 00:00,India,,The toothbrush head anf brussels can reach every corner of the mouth which some of other toothbrushes can't. Nice one üëç,some,0.106864609,0,0,
B0B2PVXWZS,pratheesh,5.0 out of 5 stars,Nice toothbrush.,13/08/2022 00:00,India,,The toothbrush head anf brussels can reach every corner of the mouth which some of other toothbrushes can't. Nice one üëç,toothbrushes,0.041696366,0,0,
B0B2PVXWZS,Prasad,3.0 out of 5 stars,Too costly,12/08/2022 00:00,India,,"Freshness is good, but leaves sour taste in mouth",Freshness,0.733069718,-0.200000003,0.200000003,Freshness
B0B2PVXWZS,pratheesh,5.0 out of 5 stars,Nice toothbrush.,13/08/2022 00:00,India,,The toothbrush head anf brussels can reach every corner of the mouth which some of other toothbrushes can't. Nice one üëç,toothbrush head,0.313844234,0,0,
B0B2PVXWZS,Pawan Vaish,1.0 out of 5 stars,Useless,13/08/2022 00:00,India,,"Useless product, waste of money",money,0.232009321,-0.800000012,0.800000012,Pricing
B0B2PVXWZS,Pawan Vaish,1.0 out of 5 stars,Useless,13/08/2022 00:00,India,,"Useless product, waste of money",waste,0.322379887,-0.699999988,0.699999988,
B0B2PVXWZS,Pawan Vaish,1.0 out of 5 stars,Useless,13/08/2022 00:00,India,,"Useless product, waste of money",product,0.445610791,-0.800000012,0.800000012,Quality
B0B2PVXWZS,Prasad,3.0 out of 5 stars,Too costly,12/08/2022 00:00,India,,"Freshness is good, but leaves sour taste in mouth",taste,0.147118017,-0.400000006,0.400000006,Taste
B0B2PVXWZS,Dr.HariSh B,3.0 out of 5 stars,I don't see any results but worth trying,15/08/2022 00:00,India,,After regular use for almost 2 weeks no kuch improvement in color. Flavour is gud and provide gud cleaning. Not worthy for whitening as far as I'm concerned.,gud cleaning,0.057576593,0.600000024,0.600000024,Quality
B0B2PVXWZS,Dr.HariSh B,3.0 out of 5 stars,I don't see any results but worth trying,15/08/2022 00:00,India,,After regular use for almost 2 weeks no kuch improvement in color. Flavour is gud and provide gud cleaning. Not worthy for whitening as far as I'm concerned.,Flavour,0.097184353,0.600000024,0.600000024,Flavour
B0B2PVXWZS,Swarnabha S.,2.0 out of 5 stars,Quite disappointing,19/08/2022 00:00,India,,Definitely not worth the money. I didnt see any difference in the whitening of my teeth after I used it twice daily. The taste is unique honestly when compared to other toothpastes. But its definitely not worth the bucks,bucks,0.031551924,-0.300000012,0.300000012,
B0B2PVXWZS,pratheesh,5.0 out of 5 stars,Nice toothbrush.,13/08/2022 00:00,India,,The toothbrush head anf brussels can reach every corner of the mouth which some of other toothbrushes can't. Nice one üëç,brussels,0.164836049,0,0,
B0B2PVXWZS,Amish Raj,1.0 out of 5 stars,Waste of money,20/08/2022 00:00,India,,The worst toothpaste I have ever used please do not buy it,toothpaste,1,-0.899999976,0.899999976,
B0B2PVXWZS,Swarnabha S.,2.0 out of 5 stars,Quite disappointing,19/08/2022 00:00,India,,Definitely not worth the money. I didnt see any difference in the whitening of my teeth after I used it twice daily. The taste is unique honestly when compared to other toothpastes. But its definitely not worth the bucks,money,0.465080291,-0.400000006,0.400000006,Pricing
B0B2PVXWZS,Swarnabha S.,2.0 out of 5 stars,Quite disappointing,19/08/2022 00:00,India,,Definitely not worth the money. I didnt see any difference in the whitening of my teeth after I used it twice daily. The taste is unique honestly when compared to other toothpastes. But its definitely not worth the bucks,difference,0.257281661,0,0.100000001,
B0B2PVXWZS,Swarnabha S.,2.0 out of 5 stars,Quite disappointing,19/08/2022 00:00,India,,Definitely not worth the money. I didnt see any difference in the whitening of my teeth after I used it twice daily. The taste is unique honestly when compared to other toothpastes. But its definitely not worth the bucks,taste,0.07143601,0.600000024,0.600000024,Taste
B0B2PVXWZS,Swarnabha S.,2.0 out of 5 stars,Quite disappointing,19/08/2022 00:00,India,,Definitely not worth the money. I didnt see any difference in the whitening of my teeth after I used it twice daily. The taste is unique honestly when compared to other toothpastes. But its definitely not worth the bucks,teeth,0.065176271,0,0,
B0B2PVXWZS,Swarnabha S.,2.0 out of 5 stars,Quite disappointing,19/08/2022 00:00,India,,Definitely not worth the money. I didnt see any difference in the whitening of my teeth after I used it twice daily. The taste is unique honestly when compared to other toothpastes. But its definitely not worth the bucks,whitening,0.064393185,0,0,Quality
B0B2PVXWZS,Swarnabha S.,2.0 out of 5 stars,Quite disappointing,19/08/2022 00:00,India,,Definitely not worth the money. I didnt see any difference in the whitening of my teeth after I used it twice daily. The taste is unique honestly when compared to other toothpastes. But its definitely not worth the bucks,toothpastes,0.045080665,0.5,0.5,
B0B2PVXWZS,Dr.HariSh B,3.0 out of 5 stars,I don't see any results but worth trying,15/08/2022 00:00,India,,After regular use for almost 2 weeks no kuch improvement in color. Flavour is gud and provide gud cleaning. Not worthy for whitening as far as I'm concerned.,color,0.161429241,-0.300000012,0.300000012,Colour
B0B2PVXWZS,Dr.HariSh B,3.0 out of 5 stars,I don't see any results but worth trying,15/08/2022 00:00,India,,After regular use for almost 2 weeks no kuch improvement in color. Flavour is gud and provide gud cleaning. Not worthy for whitening as far as I'm concerned.,improvement,0.161429241,-0.200000003,0.200000003,
B0B2PVXWZS,Prasad,3.0 out of 5 stars,Too costly,12/08/2022 00:00,India,,"Freshness is good, but leaves sour taste in mouth",mouth,0.119812258,-0.300000012,0.300000012,
B09QSBPKTF,Dr.HariSh B,3.0 out of 5 stars,I don't see any results but worth trying,15/08/2022 00:00,India,,After regular use for almost 2 weeks no kuch improvement in color. Flavour is gud and provide gud cleaning. Not worthy for whitening as far as I'm concerned.,color,0.161429241,-0.300000012,0.300000012,Colour
B09QSBPKTF,Pawan Vaish,1.0 out of 5 stars,Useless,13/08/2022 00:00,India,,"Useless product, waste of money",product,0.445610791,-0.800000012,0.800000012,Quality
B09QSBPKTF,Dr.HariSh B,3.0 out of 5 stars,I don't see any results but worth trying,15/08/2022 00:00,India,,After regular use for almost 2 weeks no kuch improvement in color. Flavour is gud and provide gud cleaning. Not worthy for whitening as far as I'm concerned.,improvement,0.161429241,-0.200000003,0.200000003,
B09QSBPKTF,Dr.HariSh B,3.0 out of 5 stars,I don't see any results but worth trying,15/08/2022 00:00,India,,After regular use for almost 2 weeks no kuch improvement in color. Flavour is gud and provide gud cleaning. Not worthy for whitening as far as I'm concerned.,Flavour,0.097184353,0.600000024,0.600000024,Flavour
B09QSBPKTF,pratheesh,5.0 out of 5 stars,Nice toothbrush.,13/08/2022 00:00,India,,The toothbrush head anf brussels can reach every corner of the mouth which some of other toothbrushes can't. Nice one üëç,toothbrush head,0.313844234,0,0,
B09QSBPKTF,Pawan Vaish,1.0 out of 5 stars,Useless,13/08/2022 00:00,India,,"Useless product, waste of money",waste,0.322379887,-0.699999988,0.699999988,
B09QSBPKTF,Pawan Vaish,1.0 out of 5 stars,Useless,13/08/2022 00:00,India,,"Useless product, waste of money",money,0.232009321,-0.800000012,0.800000012,Pricing
B09QSBPKTF,Swarnabha S.,2.0 out of 5 stars,Quite disappointing,19/08/2022 00:00,India,,Definitely not worth the money. I didnt see any difference in the whitening of my teeth after I used it twice daily. The taste is unique honestly when compared to other toothpastes. But its definitely not worth the bucks,bucks,0.031551924,-0.300000012,0.300000012,
B09QSBPKTF,pratheesh,5.0 out of 5 stars,Nice toothbrush.,13/08/2022 00:00,India,,The toothbrush head anf brussels can reach every corner of the mouth which some of other toothbrushes can't. Nice one üëç,mouth,0.258216441,0,0,
B09QSBPKTF,pratheesh,5.0 out of 5 stars,Nice toothbrush.,13/08/2022 00:00,India,,The toothbrush head anf brussels can reach every corner of the mouth which some of other toothbrushes can't. Nice one üëç,brussels,0.164836049,0,0,
B09QSBPKTF,pratheesh,5.0 out of 5 stars,Nice toothbrush.,13/08/2022 00:00,India,,The toothbrush head anf brussels can reach every corner of the mouth which some of other toothbrushes can't. Nice one üëç,corner,0.11454232,0,0,
B09QSBPKTF,pratheesh,5.0 out of 5 stars,Nice toothbrush.,13/08/2022 00:00,India,,The toothbrush head anf brussels can reach every corner of the mouth which some of other toothbrushes can't. Nice one üëç,some,0.106864609,0,0,
B09QSBPKTF,pratheesh,5.0 out of 5 stars,Nice toothbrush.,13/08/2022 00:00,India,,The toothbrush head anf brussels can reach every corner of the mouth which some of other toothbrushes can't. Nice one üëç,toothbrushes,0.041696366,0,0,
B09QSBPKTF,Prasad,3.0 out of 5 stars,Too costly,12/08/2022 00:00,India,,"Freshness is good, but leaves sour taste in mouth",Freshness,0.733069718,-0.200000003,0.200000003,Freshness
B09QSBPKTF,Prasad,3.0 out of 5 stars,Too costly,12/08/2022 00:00,India,,"Freshness is good, but leaves sour taste in mouth",taste,0.147118017,-0.400000006,0.400000006,Taste
B09QSBPKTF,Prasad,3.0 out of 5 stars,Too costly,12/08/2022 00:00,India,,"Freshness is good, but leaves sour taste in mouth",mouth,0.119812258,-0.300000012,0.300000012,
B09QSBPKTF,Dr.HariSh B,3.0 out of 5 stars,I don't see any results but worth trying,15/08/2022 00:00,India,,After regular use for almost 2 weeks no kuch improvement in color. Flavour is gud and provide gud cleaning. Not worthy for whitening as far as I'm concerned.,use,0.52238059,-0.200000003,0.200000003,
B09QSBPKTF,Dr.HariSh B,3.0 out of 5 stars,I don't see any results but worth trying,15/08/2022 00:00,India,,After regular use for almost 2 weeks no kuch improvement in color. Flavour is gud and provide gud cleaning. Not worthy for whitening as far as I'm concerned.,gud cleaning,0.057576593,0.600000024,0.600000024,Quality
B09QSBPKTF,Swarnabha S.,2.0 out of 5 stars,Quite disappointing,19/08/2022 00:00,India,,Definitely not worth the money. I didnt see any difference in the whitening of my teeth after I used it twice daily. The taste is unique honestly when compared to other toothpastes. But its definitely not worth the bucks,toothpastes,0.045080665,0.5,0.5,
B09QSBPKTF,Swarnabha S.,2.0 out of 5 stars,Quite disappointing,19/08/2022 00:00,India,,Definitely not worth the money. I didnt see any difference in the whitening of my teeth after I used it twice daily. The taste is unique honestly when compared to other toothpastes. But its definitely not worth the bucks,teeth,0.065176271,0,0,
B09QSBPKTF,Swarnabha S.,2.0 out of 5 stars,Quite disappointing,19/08/2022 00:00,India,,Definitely not worth the money. I didnt see any difference in the whitening of my teeth after I used it twice daily. The taste is unique honestly when compared to other toothpastes. But its definitely not worth the bucks,taste,0.07143601,0.600000024,0.600000024,Taste
B09QSBPKTF,Swarnabha S.,2.0 out of 5 stars,Quite disappointing,19/08/2022 00:00,India,,Definitely not worth the money. I didnt see any difference in the whitening of my teeth after I used it twice daily. The taste is unique honestly when compared to other toothpastes. But its definitely not worth the bucks,difference,0.257281661,0,0.100000001,
B09QSBPKTF,Swarnabha S.,2.0 out of 5 stars,Quite disappointing,19/08/2022 00:00,India,,Definitely not worth the money. I didnt see any difference in the whitening of my teeth after I used it twice daily. The taste is unique honestly when compared to other toothpastes. But its definitely not worth the bucks,money,0.465080291,-0.400000006,0.400000006,Pricing
B09QSBPKTF,Amish Raj,1.0 out of 5 stars,Waste of money,20/08/2022 00:00,India,,The worst toothpaste I have ever used please do not buy it,toothpaste,1,-0.899999976,0.899999976,
B09QSBPKTF,Swarnabha S.,2.0 out of 5 stars,Quite disappointing,19/08/2022 00:00,India,,Definitely not worth the money. I didnt see any difference in the whitening of my teeth after I used it twice daily. The taste is unique honestly when compared to other toothpastes. But its definitely not worth the bucks,whitening,0.064393185,0,0,Quality
B09QRTXCWD,Gazala Shaikh,1.0 out of 5 stars,Bad taste and no effect no white teeth in three days,17/08/2022 00:00,India,,Public ko fool banaya ja raha hai bad product,product,0.280558646,-0.5,0.5,Quality
B09QRTXCWD,Vaibhav parikh,1.0 out of 5 stars,Worst product,19/08/2022 00:00,India,,Don't buy it's making fool by Colgate,Colgate,0.450924307,-0.800000012,0.800000012,
B09QRTXCWD,Juned A.,1.0 out of 5 stars,Not worth the money,18/08/2022 00:00,India,,Despite using it for more than 15 days there is no visible change in the teeth colour.,teeth colour,0.56714052,0,0,Colour
B09QRTXCWD,Juned A.,1.0 out of 5 stars,Not worth the money,18/08/2022 00:00,India,,Despite using it for more than 15 days there is no visible change in the teeth colour.,change,0.43285948,-0.100000001,0.100000001,
B09QRTXCWD,Gazala Shaikh,1.0 out of 5 stars,Bad taste and no effect no white teeth in three days,17/08/2022 00:00,India,,Public ko fool banaya ja raha hai bad product,fool,0.719441354,-0.200000003,0.200000003,
B09QRTXCWD,The SR hits,4.0 out of 5 stars,One of the best tooth paste whitening toothpaste,16/08/2022 00:00,India,,I like this toothpest because it's working,toothpest,1,0.899999976,1.799999952,
B09QRTXCWD,SAURABH NAINWAL,1.0 out of 5 stars,Not Worth,17/08/2022 00:00,India,,It's totally Useless and over priced product not capable to what colgate says,colgate,0.413752735,-0.800000012,0.800000012,
B09QRTXCWD,Alok Prasad,1.0 out of 5 stars,Fraud products,20/08/2022 00:00,India,,Nothing special in very special pack,pack,0.218430474,-0.300000012,0.300000012,Packaging
B09QRTXCWD,Deepti C,2.0 out of 5 stars,Fine,13/08/2022 00:00,India,,It works fine but the taste is terrible,taste,1,-0.5,0.5,Taste
B09QRTXCWD,Sanju mandavi,5.0 out of 5 stars,This is the sexiest toothpaste i have ever seen.,13/08/2022 00:00,India,,This is the sexiest toothpaste i have ever seen!!!,toothpaste,1,0.600000024,1.299999952,
B09QRTXCWD,Vaibhav parikh,1.0 out of 5 stars,Worst product,19/08/2022 00:00,India,,Don't buy it's making fool by Colgate,fool,0.549075663,-0.699999988,0.699999988,
B09QRTXCWD,SAURABH NAINWAL,1.0 out of 5 stars,Not Worth,17/08/2022 00:00,India,,It's totally Useless and over priced product not capable to what colgate says,product,0.586247265,-0.800000012,0.800000012,Quality
B09QRTXCWD,Alok Prasad,1.0 out of 5 stars,Fraud products,20/08/2022 00:00,India,,Nothing special in very special pack,Nothing,0.781569541,0.400000006,0.400000006,
B09QRQQL51,Sandesh P.,4.0 out of 5 stars,Not actually for whiteness,03/08/2022 00:00,India,,It actually done a good job in cleaning the teeth. But it didn't actually making teeth whiter. Although it have millions of oxygen bubbles which makes your day.,teeth,0.126155645,0,0,
B09QRQQL51,Sourav Adak,2.0 out of 5 stars,Not worth the money spent,28/07/2022 00:00,India,,"Just a marketing gimmick to attract potential customers, I used it for quite a long time twice a day, but it doesn't help teeth whitening. Only have mint flavor that's all. Freshness of breath.",customers,0.215521082,-0.200000003,0.200000003,
B09QRQQL51,Sourav Adak,2.0 out of 5 stars,Not worth the money spent,28/07/2022 00:00,India,,"Just a marketing gimmick to attract potential customers, I used it for quite a long time twice a day, but it doesn't help teeth whitening. Only have mint flavor that's all. Freshness of breath.",mint flavor,0.151137426,0.200000003,0.400000006,Flavour
B09QRQQL51,Sourav Adak,2.0 out of 5 stars,Not worth the money spent,28/07/2022 00:00,India,,"Just a marketing gimmick to attract potential customers, I used it for quite a long time twice a day, but it doesn't help teeth whitening. Only have mint flavor that's all. Freshness of breath.",teeth whitening,0.046994388,-0.300000012,0.300000012,Quality
B09QRQQL51,Sourav Adak,2.0 out of 5 stars,Not worth the money spent,28/07/2022 00:00,India,,"Just a marketing gimmick to attract potential customers, I used it for quite a long time twice a day, but it doesn't help teeth whitening. Only have mint flavor that's all. Freshness of breath.",Freshness,0.035918228,0.400000006,0.400000006,Freshness
B09QRQQL51,Sourav Adak,2.0 out of 5 stars,Not worth the money spent,28/07/2022 00:00,India,,"Just a marketing gimmick to attract potential customers, I used it for quite a long time twice a day, but it doesn't help teeth whitening. Only have mint flavor that's all. Freshness of breath.",breath,0.035918228,0.5,0.5,Health
B09QRQQL51,Sandesh P.,4.0 out of 5 stars,Not actually for whiteness,03/08/2022 00:00,India,,It actually done a good job in cleaning the teeth. But it didn't actually making teeth whiter. Although it have millions of oxygen bubbles which makes your day.,oxygen bubbles,0.208917797,0.100000001,0.200000003,
B09QRQQL51,Sandesh P.,4.0 out of 5 stars,Not actually for whiteness,03/08/2022 00:00,India,,It actually done a good job in cleaning the teeth. But it didn't actually making teeth whiter. Although it have millions of oxygen bubbles which makes your day.,millions,0.036550514,0.100000001,0.100000001,
B09QRQQL51,Sandesh P.,4.0 out of 5 stars,Not actually for whiteness,03/08/2022 00:00,India,,It actually done a good job in cleaning the teeth. But it didn't actually making teeth whiter. Although it have millions of oxygen bubbles which makes your day.,teeth,0.275288105,0.600000024,0.600000024,
B09QRQQL51,samunder singh,1.0 out of 5 stars,Not works,01/08/2022 00:00,India,,i Did not got result even in 10+ days as compared to 3 days they mention,result,1,-0.400000006,0.400000006,
B09QRQQL51,Hemal Rana,5.0 out of 5 stars,Don't buy this product from colgate. Waste of money.,31/07/2022 00:00,India,,I'm giving 5 star rating so every buyers can read this negative feedback. I tried for more than 3 days. Doing twice a day brushing. Followed every instruction as mentioned on pack. But this product is fooling buyers by giving wrong advertising. Don't buy this product to waste your money.,star rating,0.389481813,0.200000003,0.200000003,
B09QRQQL51,Hemal Rana,5.0 out of 5 stars,Don't buy this product from colgate. Waste of money.,31/07/2022 00:00,India,,I'm giving 5 star rating so every buyers can read this negative feedback. I tried for more than 3 days. Doing twice a day brushing. Followed every instruction as mentioned on pack. But this product is fooling buyers by giving wrong advertising. Don't buy this product to waste your money.,feedback,0.198992506,0,0,
B09QRQQL51,Hemal Rana,5.0 out of 5 stars,Don't buy this product from colgate. Waste of money.,31/07/2022 00:00,India,,I'm giving 5 star rating so every buyers can read this negative feedback. I tried for more than 3 days. Doing twice a day brushing. Followed every instruction as mentioned on pack. But this product is fooling buyers by giving wrong advertising. Don't buy this product to waste your money.,buyers,0.180444047,0.100000001,0.100000001,
B09QRQQL51,Hemal Rana,5.0 out of 5 stars,Don't buy this product from colgate. Waste of money.,31/07/2022 00:00,India,,I'm giving 5 star rating so every buyers can read this negative feedback. I tried for more than 3 days. Doing twice a day brushing. Followed every instruction as mentioned on pack. But this product is fooling buyers by giving wrong advertising. Don't buy this product to waste your money.,money,0.026032902,-0.800000012,0.800000012,Pricing
B09QRQQL51,Hemal Rana,5.0 out of 5 stars,Don't buy this product from colgate. Waste of money.,31/07/2022 00:00,India,,I'm giving 5 star rating so every buyers can read this negative feedback. I tried for more than 3 days. Doing twice a day brushing. Followed every instruction as mentioned on pack. But this product is fooling buyers by giving wrong advertising. Don't buy this product to waste your money.,instruction,0.048677776,0.100000001,0.100000001,
B09QRQQL51,Sourav Adak,2.0 out of 5 stars,Not worth the money spent,28/07/2022 00:00,India,,"Just a marketing gimmick to attract potential customers, I used it for quite a long time twice a day, but it doesn't help teeth whitening. Only have mint flavor that's all. Freshness of breath.",marketing gimmick,0.514510632,-0.200000003,0.200000003,
B09QRQQL51,Hemal Rana,5.0 out of 5 stars,Don't buy this product from colgate. Waste of money.,31/07/2022 00:00,India,,I'm giving 5 star rating so every buyers can read this negative feedback. I tried for more than 3 days. Doing twice a day brushing. Followed every instruction as mentioned on pack. But this product is fooling buyers by giving wrong advertising. Don't buy this product to waste your money.,product,0.018648488,-0.5,0.5,Quality
B09QRQQL51,Hemal Rana,5.0 out of 5 stars,Don't buy this product from colgate. Waste of money.,31/07/2022 00:00,India,,I'm giving 5 star rating so every buyers can read this negative feedback. I tried for more than 3 days. Doing twice a day brushing. Followed every instruction as mentioned on pack. But this product is fooling buyers by giving wrong advertising. Don't buy this product to waste your money.,buyers,0.018648488,-0.400000006,0.400000006,
B09QRQQL51,RG,1.0 out of 5 stars,Doesn't work as advertised,19/08/2022 00:00,India,,"No significant changes after a month. Now, brushing also painful and intermittent bleeding from gums.",changes,0.820315063,0,0,
B09QRQQL51,RG,1.0 out of 5 stars,Doesn't work as advertised,19/08/2022 00:00,India,,"No significant changes after a month. Now, brushing also painful and intermittent bleeding from gums.",bleeding,0.105105825,-0.600000024,0.600000024,Health
B09QRQQL51,RG,1.0 out of 5 stars,Doesn't work as advertised,19/08/2022 00:00,India,,"No significant changes after a month. Now, brushing also painful and intermittent bleeding from gums.",gums,0.074579112,-0.699999988,0.699999988,Health
B09QRQQL51,JETESH H.,2.0 out of 5 stars,Does not make teeth white .,14/08/2022 00:00,India,,It does not make teeth white . It‚Äôs a false marketing statement. Waste of money . It is simply a toothpaste like ordinary one . Not at all for whitening.,teeth,0.399253815,0.100000001,0.100000001,
B09QRQQL51,JETESH H.,2.0 out of 5 stars,Does not make teeth white .,14/08/2022 00:00,India,,It does not make teeth white . It‚Äôs a false marketing statement. Waste of money . It is simply a toothpaste like ordinary one . Not at all for whitening.,marketing statement,0.397269726,-0.5,1.100000024,
B09QRQQL51,JETESH H.,2.0 out of 5 stars,Does not make teeth white .,14/08/2022 00:00,India,,It does not make teeth white . It‚Äôs a false marketing statement. Waste of money . It is simply a toothpaste like ordinary one . Not at all for whitening.,Waste,0.056981724,-0.800000012,0.800000012,
B09QRQQL51,JETESH H.,2.0 out of 5 stars,Does not make teeth white .,14/08/2022 00:00,India,,It does not make teeth white . It‚Äôs a false marketing statement. Waste of money . It is simply a toothpaste like ordinary one . Not at all for whitening.,money,0.056981724,-0.899999976,0.899999976,Pricing
B09QRQQL51,JETESH H.,2.0 out of 5 stars,Does not make teeth white .,14/08/2022 00:00,India,,It does not make teeth white . It‚Äôs a false marketing statement. Waste of money . It is simply a toothpaste like ordinary one . Not at all for whitening.,one,0.03951415,0.100000001,0.100000001,
B09QRQQL51,JETESH H.,2.0 out of 5 stars,Does not make teeth white .,14/08/2022 00:00,India,,It does not make teeth white . It‚Äôs a false marketing statement. Waste of money . It is simply a toothpaste like ordinary one . Not at all for whitening.,whitening,0.027699172,-0.100000001,0.100000001,Quality
B09QRQQL51,JETESH H.,2.0 out of 5 stars,Does not make teeth white .,14/08/2022 00:00,India,,It does not make teeth white . It‚Äôs a false marketing statement. Waste of money . It is simply a toothpaste like ordinary one . Not at all for whitening.,toothpaste,0.022299714,0,0,
B09QRQQL51,Dedsec,1.0 out of 5 stars,Useless and costly product...Would damage your rct filling if anyone has got it done before....,10/08/2022 00:00,India,,Useless and costly product...Would damage your rct filling if anyone has got it done before....,rct filling,0.513718963,-0.5,1,
B09QRQQL51,Dedsec,1.0 out of 5 stars,Useless and costly product...Would damage your rct filling if anyone has got it done before....,10/08/2022 00:00,India,,Useless and costly product...Would damage your rct filling if anyone has got it done before....,product,0.267048538,-0.5,0.5,Quality
B09QRQQL51,Dedsec,1.0 out of 5 stars,Useless and costly product...Would damage your rct filling if anyone has got it done before....,10/08/2022 00:00,India,,Useless and costly product...Would damage your rct filling if anyone has got it done before....,anyone,0.2192325,-0.300000012,0.300000012,
B09QRQQL51,Sandesh P.,4.0 out of 5 stars,Not actually for whiteness,03/08/2022 00:00,India,,It actually done a good job in cleaning the teeth. But it didn't actually making teeth whiter. Although it have millions of oxygen bubbles which makes your day.,job,0.353087932,0.600000024,0.600000024,
B09QRQQL51,Hemal Rana,5.0 out of 5 stars,Don't buy this product from colgate. Waste of money.,31/07/2022 00:00,India,,I'm giving 5 star rating so every buyers can read this negative feedback. I tried for more than 3 days. Doing twice a day brushing. Followed every instruction as mentioned on pack. But this product is fooling buyers by giving wrong advertising. Don't buy this product to waste your money.,pack,0.049271561,0.200000003,0.200000003,Packaging
B09QRQQL51,Hemal Rana,5.0 out of 5 stars,Don't buy this product from colgate. Waste of money.,31/07/2022 00:00,India,,I'm giving 5 star rating so every buyers can read this negative feedback. I tried for more than 3 days. Doing twice a day brushing. Followed every instruction as mentioned on pack. But this product is fooling buyers by giving wrong advertising. Don't buy this product to waste your money.,advertising,0.03715967,-0.400000006,0.400000006,
B09QRQQL51,Hemal Rana,5.0 out of 5 stars,Don't buy this product from colgate. Waste of money.,31/07/2022 00:00,India,,I'm giving 5 star rating so every buyers can read this negative feedback. I tried for more than 3 days. Doing twice a day brushing. Followed every instruction as mentioned on pack. But this product is fooling buyers by giving wrong advertising. Don't buy this product to waste your money.,product,0.032642752,-0.899999976,0.899999976,Quality
B09QRL1M8Y,DANISH ANSARI,1.0 out of 5 stars,Not working,24/07/2022 00:00,India,,Only waste of money please can not purchased üí∞üíµ,money,0.275050402,-0.800000012,0.800000012,Pricing
B09QRL1M8Y,Mr. RK Chaudhary,5.0 out of 5 stars,Mst Toothpaste,29/07/2022 00:00,India,,Colgate Toothpaste is very nice üòä but Price is High üòá,Colgate Toothpaste,0.895477891,0,0,
B09QRL1M8Y,Mohankumar,1.0 out of 5 stars,Dont buy it,20/08/2022 00:00,India,,"I used for 3 days only,got mouth ulcer. From next day tooth sensitive feel is high. DONT BUY IT",IT,0.196026251,0.5,0.5,
B09QRL1M8Y,Mohankumar,1.0 out of 5 stars,Dont buy it,20/08/2022 00:00,India,,"I used for 3 days only,got mouth ulcer. From next day tooth sensitive feel is high. DONT BUY IT",DONT,0.166060969,0.699999988,0.699999988,
B09QRL1M8Y,Mohankumar,1.0 out of 5 stars,Dont buy it,20/08/2022 00:00,India,,"I used for 3 days only,got mouth ulcer. From next day tooth sensitive feel is high. DONT BUY IT",feel,0.124346673,0.100000001,0.100000001,
B09QRL1M8Y,DANISH ANSARI,1.0 out of 5 stars,Not working,24/07/2022 00:00,India,,Only waste of money please can not purchased üí∞üíµ,waste,0.724949598,-0.699999988,0.699999988,
B09QRL1M8Y,Sanjana Modak,1.0 out of 5 stars,Overpriced and overhyped toothpaste,20/08/2022 00:00,India,,"When u start brashing a hot and disgusting falvour spread in you mouth , literally I had vomited after had it. Request all please never purchase it.",mouth,0.41402635,-0.699999988,0.699999988,
B09QRL1M8Y,Sanjana Modak,1.0 out of 5 stars,Overpriced and overhyped toothpaste,20/08/2022 00:00,India,,"When u start brashing a hot and disgusting falvour spread in you mouth , literally I had vomited after had it. Request all please never purchase it.",all,0.070480004,-0.699999988,0.699999988,
B09QRL1M8Y,Gaurav ‚úì,1.0 out of 5 stars,Not recommended,20/08/2022 00:00,India,,"It's too costly..... Don't know what they are giving üôÑüòë , plz don't waste ur money , price is high",money,0.541996419,-0.300000012,0.300000012,Pricing
B09QRL1M8Y,Gaurav ‚úì,1.0 out of 5 stars,Not recommended,20/08/2022 00:00,India,,"It's too costly..... Don't know what they are giving üôÑüòë , plz don't waste ur money , price is high",price,0.45800361,-0.300000012,0.300000012,Pricing
B09QRL1M8Y,Prateek Enterprises (Vijay Arora),1.0 out of 5 stars,‡§¨‡§ø‡§≤‡•ç‡§ï‡•Å‡§≤ ‡§¨‡§ï‡§µ‡§æ‡§∏ ‡§™‡•ç‡§∞‡•ã‡§°‡§ï‡•ç‡§ü,02/08/2022 00:00,India,,‡§™‡•à‡§∏‡§æ ‡§ñ‡§∞‡§æ‡§¨ ‡§π‡•Å‡§Ü‡•§ ‡§∞‡§¶‡•ç‡§¶‡•Ä ‡§™‡•ç‡§∞‡•ã‡§°‡§ï‡•ç‡§ü‡•§ ‡§á‡§§‡§®‡•Ä ‡§¨‡§°‡§º‡•Ä ‡§ï‡§Æ‡•ç‡§™‡§®‡•Ä ‡§≠‡•Ä ‡§†‡§ó ‡§∞‡§π‡•Ä ‡§π‡•à‡•§‡•§,‡§™‡•à‡§∏‡§æ ‡§ñ‡§∞‡§æ‡§¨ ‡§π‡•Å‡§Ü,0.947068632,0.200000003,0.200000003,
B09QRL1M8Y,Prateek Enterprises (Vijay Arora),1.0 out of 5 stars,‡§¨‡§ø‡§≤‡•ç‡§ï‡•Å‡§≤ ‡§¨‡§ï‡§µ‡§æ‡§∏ ‡§™‡•ç‡§∞‡•ã‡§°‡§ï‡•ç‡§ü,02/08/2022 00:00,India,,‡§™‡•à‡§∏‡§æ ‡§ñ‡§∞‡§æ‡§¨ ‡§π‡•Å‡§Ü‡•§ ‡§∞‡§¶‡•ç‡§¶‡•Ä ‡§™‡•ç‡§∞‡•ã‡§°‡§ï‡•ç‡§ü‡•§ ‡§á‡§§‡§®‡•Ä ‡§¨‡§°‡§º‡•Ä ‡§ï‡§Æ‡•ç‡§™‡§®‡•Ä ‡§≠‡•Ä ‡§†‡§ó ‡§∞‡§π‡•Ä ‡§π‡•à‡•§‡•§,‡§á‡§§‡§®‡•Ä ‡§¨‡§°‡§º‡•Ä ‡§ï‡§Æ‡•ç‡§™‡§®‡•Ä ‡§≠‡•Ä ‡§†‡§ó ‡§∞‡§π‡•Ä,0.052931372,0.100000001,0.100000001,
B09QRL1M8Y,Sanjana Modak,1.0 out of 5 stars,Overpriced and overhyped toothpaste,20/08/2022 00:00,India,,"When u start brashing a hot and disgusting falvour spread in you mouth , literally I had vomited after had it. Request all please never purchase it.",falvour,0.515493631,-0.699999988,0.699999988,Flavour
B09QRL1M8Y,Mohankumar,1.0 out of 5 stars,Dont buy it,20/08/2022 00:00,India,,"I used for 3 days only,got mouth ulcer. From next day tooth sensitive feel is high. DONT BUY IT",mouth ulcer,0.513566136,-0.200000003,0.200000003,Health
B09QRL1M8Y,Arindam,3.0 out of 5 stars,A small pricey toothpaste,27/07/2022 00:00,India,,I used a pack which was rather small for it's price. I am really not sure how much stain it removed. It gives a warm sensation once you start brushing. I think it's too pricey,sensation,0.007756543,0.300000012,0.300000012,Quality
B09QRL1M8Y,Arindam,3.0 out of 5 stars,A small pricey toothpaste,27/07/2022 00:00,India,,I used a pack which was rather small for it's price. I am really not sure how much stain it removed. It gives a warm sensation once you start brushing. I think it's too pricey,stain,0.033312205,0,0,
B09QRL1M8Y,Arindam,3.0 out of 5 stars,A small pricey toothpaste,27/07/2022 00:00,India,,I used a pack which was rather small for it's price. I am really not sure how much stain it removed. It gives a warm sensation once you start brushing. I think it's too pricey,price,0.067401662,0,0,Pricing
B09QRL1M8Y,Arindam,3.0 out of 5 stars,A small pricey toothpaste,27/07/2022 00:00,India,,I used a pack which was rather small for it's price. I am really not sure how much stain it removed. It gives a warm sensation once you start brushing. I think it's too pricey,pack,0.89152962,0,0.100000001,Packaging
B09QRL1M8Y,Mr. RK Chaudhary,5.0 out of 5 stars,Mst Toothpaste,29/07/2022 00:00,India,,Colgate Toothpaste is very nice üòä but Price is High üòá,Price,0.104522079,0,0,Pricing
B09PNV9C37,M. Raj,4.0 out of 5 stars,Worth of money,17/06/2022 00:00,India,,Value for money. This is good offer.... Thank u amazon...,amazon,0.028959062,0.899999976,0.899999976,
B09PNV9C37,Visitor,4.0 out of 5 stars,Okay Product,25/07/2022 00:00,India,,Colgate is best but personally I prefer authentic paste instead this salty and it doesn't give that much freshness like regular colgate paste.,freshness,0.075825498,0,0,Freshness
B09PNV9C37,Jahar chatterjee,5.0 out of 5 stars,Very nice,16/06/2022 00:00,India,,Good product . I wanna buy it,product,1,0.899999976,0.899999976,Quality
B09PNV9C37,Visitor,4.0 out of 5 stars,Okay Product,25/07/2022 00:00,India,,Colgate is best but personally I prefer authentic paste instead this salty and it doesn't give that much freshness like regular colgate paste.,paste,0.061051097,0,0,
B09PNV9C37,M. Raj,4.0 out of 5 stars,Worth of money,17/06/2022 00:00,India,,Value for money. This is good offer.... Thank u amazon...,money,0.198195681,0.200000003,0.200000003,Pricing
B09PNV9C37,Visitor,4.0 out of 5 stars,Okay Product,25/07/2022 00:00,India,,Colgate is best but personally I prefer authentic paste instead this salty and it doesn't give that much freshness like regular colgate paste.,paste,0.119506739,0,0,
B09PNV9C37,M. Raj,4.0 out of 5 stars,Worth of money,17/06/2022 00:00,India,,Value for money. This is good offer.... Thank u amazon...,Value,0.447629035,0.300000012,0.300000012,Quality
B09PNV9C37,Sujit Dey,1.0 out of 5 stars,Fake Product,23/06/2022 00:00,India,,"Density is too low, not like original product",product,0.1553213,-0.400000006,0.400000006,Quality
B09PNV9C37,Sujit Dey,1.0 out of 5 stars,Fake Product,23/06/2022 00:00,India,,"Density is too low, not like original product",Density,0.8446787,-0.300000012,0.300000012,Health
B09PNV9C37,ansari sufi,2.0 out of 5 stars,Not best,26/07/2022 00:00,India,,Not better then gel toothpastes,gel toothpastes,1,0,0,
B09PNV9C37,Visitor,4.0 out of 5 stars,Okay Product,25/07/2022 00:00,India,,Colgate is best but personally I prefer authentic paste instead this salty and it doesn't give that much freshness like regular colgate paste.,Colgate,0.7436167,0,0.100000001,
B09PNV9C37,M. Raj,4.0 out of 5 stars,Worth of money,17/06/2022 00:00,India,,Value for money. This is good offer.... Thank u amazon...,offer,0.325216234,0.699999988,1.5,
B09HQS6FNG,Sandeep singh,2.0 out of 5 stars,Doesn't work for sensitive teeth,13/08/2022 00:00,India,,Please don't go on it's name SENSITIVE PLUS it doesn't work a little bit also in sensitive teeth. After using 15 days I'm writing this review.,SENSITIVE PLUS,0.636348486,-0.300000012,0.699999988,Quality
B09HQS6FNG,Sandeep singh,2.0 out of 5 stars,Doesn't work for sensitive teeth,13/08/2022 00:00,India,,Please don't go on it's name SENSITIVE PLUS it doesn't work a little bit also in sensitive teeth. After using 15 days I'm writing this review.,bit,0.163575411,-0.300000012,0.300000012,
B09HQS6FNG,Sandeep singh,2.0 out of 5 stars,Doesn't work for sensitive teeth,13/08/2022 00:00,India,,Please don't go on it's name SENSITIVE PLUS it doesn't work a little bit also in sensitive teeth. After using 15 days I'm writing this review.,teeth,0.150768429,-0.400000006,0.400000006,
B09HQS6FNG,Sandeep singh,2.0 out of 5 stars,Doesn't work for sensitive teeth,13/08/2022 00:00,India,,Please don't go on it's name SENSITIVE PLUS it doesn't work a little bit also in sensitive teeth. After using 15 days I'm writing this review.,review,0.049307674,0,0,
B09DGBS1HV,Kristie,3.0 out of 5 stars,Product is good but they are selling at a price higher than MRP!!,25/07/2022 00:00,India,2 people found this helpful,The box says it costs Rs. 210/- why are you selling it for Rs. 226 during the 2022 Amazon prime day sale and saying its a discounted rate? Very unfair.. plus you cannot return the product unless its damaged. Not happy about this.. Otherwise the Colgate product is excellent for your teeth and gum care.,product,0.031232815,0.600000024,0.600000024,Quality
B09DGBS1HV,Sanat,5.0 out of 5 stars,Prompt service.,18/08/2022 00:00,India,,Product & delivery were good.,Product,0.607672095,0.899999976,0.899999976,Quality
B09DGBS1HV,Sanat,5.0 out of 5 stars,Prompt service.,18/08/2022 00:00,India,,Product & delivery were good.,delivery,0.392327875,0.800000012,0.800000012,Service
B09DGBS1HV,Kristie,3.0 out of 5 stars,Product is good but they are selling at a price higher than MRP!!,25/07/2022 00:00,India,2 people found this helpful,The box says it costs Rs. 210/- why are you selling it for Rs. 226 during the 2022 Amazon prime day sale and saying its a discounted rate? Very unfair.. plus you cannot return the product unless its damaged. Not happy about this.. Otherwise the Colgate product is excellent for your teeth and gum care.,box,0.727637112,0,0,Packaging
B09DGBS1HV,Kristie,3.0 out of 5 stars,Product is good but they are selling at a price higher than MRP!!,25/07/2022 00:00,India,2 people found this helpful,The box says it costs Rs. 210/- why are you selling it for Rs. 226 during the 2022 Amazon prime day sale and saying its a discounted rate? Very unfair.. plus you cannot return the product unless its damaged. Not happy about this.. Otherwise the Colgate product is excellent for your teeth and gum care.,rate,0.068387344,0,0,
B09DGBS1HV,Kristie,3.0 out of 5 stars,Product is good but they are selling at a price higher than MRP!!,25/07/2022 00:00,India,2 people found this helpful,The box says it costs Rs. 210/- why are you selling it for Rs. 226 during the 2022 Amazon prime day sale and saying its a discounted rate? Very unfair.. plus you cannot return the product unless its damaged. Not happy about this.. Otherwise the Colgate product is excellent for your teeth and gum care.,sale,0.067572556,0,0,
B09DGBS1HV,Kristie,3.0 out of 5 stars,Product is good but they are selling at a price higher than MRP!!,25/07/2022 00:00,India,2 people found this helpful,The box says it costs Rs. 210/- why are you selling it for Rs. 226 during the 2022 Amazon prime day sale and saying its a discounted rate? Very unfair.. plus you cannot return the product unless its damaged. Not happy about this.. Otherwise the Colgate product is excellent for your teeth and gum care.,Amazon,0.040358398,0,0,
B09DGBS1HV,Kristie,3.0 out of 5 stars,Product is good but they are selling at a price higher than MRP!!,25/07/2022 00:00,India,2 people found this helpful,The box says it costs Rs. 210/- why are you selling it for Rs. 226 during the 2022 Amazon prime day sale and saying its a discounted rate? Very unfair.. plus you cannot return the product unless its damaged. Not happy about this.. Otherwise the Colgate product is excellent for your teeth and gum care.,product,0.019147448,-0.699999988,1.399999976,Quality
B09DGBS1HV,Dr.PRATEEK Srivastava,5.0 out of 5 stars,Highly recommended,06/07/2022 00:00,India,,"Being a dentist myself, I recommend this toothpaste to all of you to use daily to fight cavities and for fresh breath.",cavities,0.046742111,0.5,0.5,Health
B09DGBS1HV,Kristie,3.0 out of 5 stars,Product is good but they are selling at a price higher than MRP!!,25/07/2022 00:00,India,2 people found this helpful,The box says it costs Rs. 210/- why are you selling it for Rs. 226 during the 2022 Amazon prime day sale and saying its a discounted rate? Very unfair.. plus you cannot return the product unless its damaged. Not happy about this.. Otherwise the Colgate product is excellent for your teeth and gum care.,teeth,0.016049789,0.300000012,0.300000012,
B09DGBS1HV,Kristie,3.0 out of 5 stars,Product is good but they are selling at a price higher than MRP!!,25/07/2022 00:00,India,2 people found this helpful,The box says it costs Rs. 210/- why are you selling it for Rs. 226 during the 2022 Amazon prime day sale and saying its a discounted rate? Very unfair.. plus you cannot return the product unless its damaged. Not happy about this.. Otherwise the Colgate product is excellent for your teeth and gum care.,gum care,0.016049789,0.300000012,0.300000012,Quality
B09DGBS1HV,Kristie,3.0 out of 5 stars,Product is good but they are selling at a price higher than MRP!!,25/07/2022 00:00,India,2 people found this helpful,The box says it costs Rs. 210/- why are you selling it for Rs. 226 during the 2022 Amazon prime day sale and saying its a discounted rate? Very unfair.. plus you cannot return the product unless its damaged. Not happy about this.. Otherwise the Colgate product is excellent for your teeth and gum care.,Colgate,0.013564774,0.5,0.5,
B09DGBS1HV,Dr.PRATEEK Srivastava,5.0 out of 5 stars,Highly recommended,06/07/2022 00:00,India,,"Being a dentist myself, I recommend this toothpaste to all of you to use daily to fight cavities and for fresh breath.",dentist,0.644562483,0.5,1,Health
B09DGBS1HV,Dr.PRATEEK Srivastava,5.0 out of 5 stars,Highly recommended,06/07/2022 00:00,India,,"Being a dentist myself, I recommend this toothpaste to all of you to use daily to fight cavities and for fresh breath.",toothpaste,0.114199959,0.699999988,0.699999988,
B09DGBS1HV,Dr.PRATEEK Srivastava,5.0 out of 5 stars,Highly recommended,06/07/2022 00:00,India,,"Being a dentist myself, I recommend this toothpaste to all of you to use daily to fight cavities and for fresh breath.",breath,0.0646642,0.600000024,0.600000024,Health
B09DGBS1HV,Dr.PRATEEK Srivastava,5.0 out of 5 stars,Highly recommended,06/07/2022 00:00,India,,"Being a dentist myself, I recommend this toothpaste to all of you to use daily to fight cavities and for fresh breath.",all,0.129831225,0.5,0.5,
B092K383WY,Anshul Modi,5.0 out of 5 stars,"Great buy, good price",15/07/2022 00:00,India,,got original product at a cheaper rate than the retail price. Was delivered in 2 days. Satisfied.,product,0.507594466,0.200000003,0.200000003,Quality
B092K383WY,Anshul Modi,5.0 out of 5 stars,"Great buy, good price",15/07/2022 00:00,India,,got original product at a cheaper rate than the retail price. Was delivered in 2 days. Satisfied.,retail price,0.247524932,0.100000001,0.100000001,Pricing
B092K383WY,Anshul Modi,5.0 out of 5 stars,"Great buy, good price",15/07/2022 00:00,India,,got original product at a cheaper rate than the retail price. Was delivered in 2 days. Satisfied.,rate,0.244880587,0.400000006,0.400000006,
B082LF3CPD,Apan dvarma,4.0 out of 5 stars,Nice products,02/08/2022 00:00,India,,Very good product and regiment to all,product,0.515475988,0.800000012,0.800000012,Quality
B082LF3CPD,Apan dvarma,4.0 out of 5 stars,Nice products,02/08/2022 00:00,India,,Very good product and regiment to all,regiment,0.484524041,0.600000024,0.600000024,
B082LF3CPD,Alok Singh,2.0 out of 5 stars,Not safe for everyday use,01/08/2022 00:00,India,,This caused serious issue my gums become black after using 1 pack earlier my tooth have sensitivity consider other colgate toothpaste this is totally devastating for my teeth I am going to throw the left 1  .,issue,0.295282662,-0.400000006,0.400000006,
B082LF3CPD,Alok Singh,2.0 out of 5 stars,Not safe for everyday use,01/08/2022 00:00,India,,This caused serious issue my gums become black after using 1 pack earlier my tooth have sensitivity consider other colgate toothpaste this is totally devastating for my teeth I am going to throw the left 1  .,gums,0.120335937,-0.300000012,0.300000012,Health
B082LF3CPD,Alok Singh,2.0 out of 5 stars,Not safe for everyday use,01/08/2022 00:00,India,,This caused serious issue my gums become black after using 1 pack earlier my tooth have sensitivity consider other colgate toothpaste this is totally devastating for my teeth I am going to throw the left 1  .,sensitivity,0.098486453,-0.400000006,0.400000006,Quality
B082LF3CPD,Preethi Sadanandan,5.0 out of 5 stars,Good product,10/07/2022 00:00,India,,"- Started using it after I got cavities, and it's definitely improved my teeth",teeth,0.43836087,0.800000012,0.800000012,
B082LF3CPD,Alok Singh,2.0 out of 5 stars,Not safe for everyday use,01/08/2022 00:00,India,,This caused serious issue my gums become black after using 1 pack earlier my tooth have sensitivity consider other colgate toothpaste this is totally devastating for my teeth I am going to throw the left 1  .,tooth,0.249664932,-0.300000012,0.699999988,
B082LF3CPD,Alok Singh,2.0 out of 5 stars,Not safe for everyday use,01/08/2022 00:00,India,,This caused serious issue my gums become black after using 1 pack earlier my tooth have sensitivity consider other colgate toothpaste this is totally devastating for my teeth I am going to throw the left 1  .,toothpaste,0.085963577,-0.300000012,0.300000012,
B082LF3CPD,Alok Singh,2.0 out of 5 stars,Not safe for everyday use,01/08/2022 00:00,India,,This caused serious issue my gums become black after using 1 pack earlier my tooth have sensitivity consider other colgate toothpaste this is totally devastating for my teeth I am going to throw the left 1  .,left,0.041021217,-0.300000012,0.300000012,
B082LF3CPD,Alok Singh,2.0 out of 5 stars,Not safe for everyday use,01/08/2022 00:00,India,,This caused serious issue my gums become black after using 1 pack earlier my tooth have sensitivity consider other colgate toothpaste this is totally devastating for my teeth I am going to throw the left 1  .,teeth,0.025844283,-0.400000006,0.400000006,
B082LF3CPD,Veera,4.0 out of 5 stars,Good,27/07/2022 00:00,India,,We need more Freshness for this product,Freshness,0.546875179,0,0,Freshness
B082LF3CPD,Veera,4.0 out of 5 stars,Good,27/07/2022 00:00,India,,We need more Freshness for this product,product,0.453124851,0,0,Quality
B082LF3CPD,Preethi Sadanandan,5.0 out of 5 stars,Good product,10/07/2022 00:00,India,,"- Started using it after I got cavities, and it's definitely improved my teeth",cavities,0.56163913,0.699999988,0.699999988,Health
B082LF3CPD,Alok Singh,2.0 out of 5 stars,Not safe for everyday use,01/08/2022 00:00,India,,This caused serious issue my gums become black after using 1 pack earlier my tooth have sensitivity consider other colgate toothpaste this is totally devastating for my teeth I am going to throw the left 1  .,pack,0.083400927,-0.300000012,0.300000012,Packaging
B082LDRTD1,Bhaskar Vyas,4.0 out of 5 stars,My little daughter is happy now!,14/08/2022 00:00,India,,"My  daughter saw the ad in tv, and then said she wants it because the ad said, - ""Colgate strongteeth gives you strong teeth"".üòêüòè",daughter,0.529035926,0,0,
B082LDRTD1,Diganta Sardar,5.0 out of 5 stars,Online purchase less prize then normal oneüòÄ,16/08/2022 00:00,India,,"Everything perfect, less price then normal Store prize, so online purchase better",Everything,0.532002389,0.5,0.5,
B082LDRTD1,Diganta Sardar,5.0 out of 5 stars,Online purchase less prize then normal oneüòÄ,16/08/2022 00:00,India,,"Everything perfect, less price then normal Store prize, so online purchase better",price,0.176112741,0.699999988,0.699999988,Pricing
B082LDRTD1,Diganta Sardar,5.0 out of 5 stars,Online purchase less prize then normal oneüòÄ,16/08/2022 00:00,India,,"Everything perfect, less price then normal Store prize, so online purchase better",Store prize,0.164766893,0.5,0.5,Pricing
B082LDRTD1,Diganta Sardar,5.0 out of 5 stars,Online purchase less prize then normal oneüòÄ,16/08/2022 00:00,India,,"Everything perfect, less price then normal Store prize, so online purchase better",purchase,0.127117977,0.5,0.5,
B082LDRTD1,Sandeep kumar,5.0 out of 5 stars,Just go for it and forget all,14/08/2022 00:00,India,,Very good product offered by amazon,amazon,0.314235121,0.600000024,0.600000024,
B082LDRTD1,Bhaskar Vyas,4.0 out of 5 stars,My little daughter is happy now!,14/08/2022 00:00,India,,"My  daughter saw the ad in tv, and then said she wants it because the ad said, - ""Colgate strongteeth gives you strong teeth"".üòêüòè",ad,0.090934359,0,0,
B082LDRTD1,Bhaskar Vyas,4.0 out of 5 stars,My little daughter is happy now!,14/08/2022 00:00,India,,"My  daughter saw the ad in tv, and then said she wants it because the ad said, - ""Colgate strongteeth gives you strong teeth"".üòêüòè",ad,0.151492238,0,0,
B082LDRTD1,Bhaskar Vyas,4.0 out of 5 stars,My little daughter is happy now!,14/08/2022 00:00,India,,"My  daughter saw the ad in tv, and then said she wants it because the ad said, - ""Colgate strongteeth gives you strong teeth"".üòêüòè",tv,0.134258956,0,0,
B082LDRTD1,Bhaskar Vyas,4.0 out of 5 stars,My little daughter is happy now!,14/08/2022 00:00,India,,"My  daughter saw the ad in tv, and then said she wants it because the ad said, - ""Colgate strongteeth gives you strong teeth"".üòêüòè",teeth,0.065614305,0,0,
B082LDRTD1,PRATYUSH KUMAR,5.0 out of 5 stars,I liked colgate toothpaste which keep me refreshing.,19/08/2022 00:00,India,,I is refreshing and protect our teeth.,teeth,1,0.800000012,0.800000012,
B082LDRTD1,Bhaskar Vyas,4.0 out of 5 stars,My little daughter is happy now!,14/08/2022 00:00,India,,"My  daughter saw the ad in tv, and then said she wants it because the ad said, - ""Colgate strongteeth gives you strong teeth"".üòêüòè",Colgate strongteeth,0.028664229,0,0,Quality
B082LDRTD1,mishri lal khoiwal,2.0 out of 5 stars,‡§∏‡§æ‡§Æ‡§æ‡§® ‡§§‡•ã ‡§Ö‡§ö‡•ç‡§õ‡§æ ‡§π‡•à ‡§≤‡•á‡§ï‡§ø‡§® ‡§°‡§ø‡§≤‡§ø‡§µ‡§∞‡•Ä ‡§¨‡•â‡§Ø ‡§¨‡§ø‡§≤‡•ç‡§ï‡•Å‡§≤ ‡§∏‡§π‡•Ä ‡§®‡§π‡•Ä‡§Ç ‡§π‡•à,16/08/2022 00:00,India,,‡§∏‡§æ‡§Æ‡§æ‡§® ‡§§‡•ã ‡§Ö‡§ö‡•ç‡§õ‡§æ ‡§•‡§æ ‡§™‡§æ‡§∞ ‡§°‡§ø‡§≤‡•Ä‡§µ‡§∞‡•Ä ‡§µ‡§æ‡§≤‡•á ‡§¨‡§ø‡§≤‡•ç‡§ï‡•Å‡§≤ ‡§∏‡§π‡•Ä ‡§®‡§π‡•Ä‡§Ç ‡§π‡•à,‡§Ö‡§ö‡•ç‡§õ‡§æ ‡§•‡§æ ‡§™‡§æ‡§∞ ‡§°‡§ø‡§≤‡•Ä‡§µ‡§∞‡•Ä ‡§µ‡§æ‡§≤‡•á ‡§¨‡§ø‡§≤‡•ç‡§ï‡•Å‡§≤ ‡§∏‡§π‡•Ä,1,0.100000001,0.100000001,
B082LDRTD1,Sandeep kumar,5.0 out of 5 stars,Just go for it and forget all,14/08/2022 00:00,India,,Very good product offered by amazon,product,0.685764849,0.699999988,0.699999988,Quality
B082LD6Q8T,Sneha singh,1.0 out of 5 stars,"""Worst Toothpaste""",29/07/2022 00:00,India,,"Old Colgate swarn ved Shakti toothpaste was good but the new is really very very very Bad.. I don't want to given, even one star for this toothpaste.....",Shakti,0.171895862,0.100000001,0.100000001,
B082LD6Q8T,Sneha singh,1.0 out of 5 stars,"""Worst Toothpaste""",29/07/2022 00:00,India,,"Old Colgate swarn ved Shakti toothpaste was good but the new is really very very very Bad.. I don't want to given, even one star for this toothpaste.....",toothpaste,0.576485932,-0.300000012,0.800000012,
B082LD6Q8T,Sneha singh,1.0 out of 5 stars,"""Worst Toothpaste""",29/07/2022 00:00,India,,"Old Colgate swarn ved Shakti toothpaste was good but the new is really very very very Bad.. I don't want to given, even one star for this toothpaste.....",Old Colgate swarn,0.171895862,0,0,
B082LD6Q8T,Sneha singh,1.0 out of 5 stars,"""Worst Toothpaste""",29/07/2022 00:00,India,,"Old Colgate swarn ved Shakti toothpaste was good but the new is really very very very Bad.. I don't want to given, even one star for this toothpaste.....",Bad,0.058156867,0,0,
B082LD6Q8T,Sneha singh,1.0 out of 5 stars,"""Worst Toothpaste""",29/07/2022 00:00,India,,"Old Colgate swarn ved Shakti toothpaste was good but the new is really very very very Bad.. I don't want to given, even one star for this toothpaste.....",star,0.021565495,-0.400000006,0.400000006,
B082LD6Q8T,Ganeshkumar Sabapathy,1.0 out of 5 stars,The New Flavour is Not Good,11/08/2022 00:00,India,,"The Old Flavour was very strong and it made to be feel like we are using a natural toothpaste, the new one looks like they have added some flavour and color to the white colgate paste. The Color also stains my wash basin slowly.",Color,0.015003991,-0.800000012,0.800000012,Colour
B082LD6Q8T,Ganeshkumar Sabapathy,1.0 out of 5 stars,The New Flavour is Not Good,11/08/2022 00:00,India,,"The Old Flavour was very strong and it made to be feel like we are using a natural toothpaste, the new one looks like they have added some flavour and color to the white colgate paste. The Color also stains my wash basin slowly.",wash basin,0.015600679,-0.699999988,0.699999988,
B082LD6Q8T,Ganeshkumar Sabapathy,1.0 out of 5 stars,The New Flavour is Not Good,11/08/2022 00:00,India,,"The Old Flavour was very strong and it made to be feel like we are using a natural toothpaste, the new one looks like they have added some flavour and color to the white colgate paste. The Color also stains my wash basin slowly.",color,0.023102088,0.300000012,0.300000012,Colour
B082LD6Q8T,Ganeshkumar Sabapathy,1.0 out of 5 stars,The New Flavour is Not Good,11/08/2022 00:00,India,,"The Old Flavour was very strong and it made to be feel like we are using a natural toothpaste, the new one looks like they have added some flavour and color to the white colgate paste. The Color also stains my wash basin slowly.",paste,0.045686509,0.400000006,0.400000006,
B082LD6Q8T,Ganeshkumar Sabapathy,1.0 out of 5 stars,The New Flavour is Not Good,11/08/2022 00:00,India,,"The Old Flavour was very strong and it made to be feel like we are using a natural toothpaste, the new one looks like they have added some flavour and color to the white colgate paste. The Color also stains my wash basin slowly.",one,0.063796028,0.300000012,0.300000012,
B082LD6Q8T,Ganeshkumar Sabapathy,1.0 out of 5 stars,The New Flavour is Not Good,11/08/2022 00:00,India,,"The Old Flavour was very strong and it made to be feel like we are using a natural toothpaste, the new one looks like they have added some flavour and color to the white colgate paste. The Color also stains my wash basin slowly.",toothpaste,0.066104181,0.400000006,0.400000006,
B082LD6Q8T,Ganeshkumar Sabapathy,1.0 out of 5 stars,The New Flavour is Not Good,11/08/2022 00:00,India,,"The Old Flavour was very strong and it made to be feel like we are using a natural toothpaste, the new one looks like they have added some flavour and color to the white colgate paste. The Color also stains my wash basin slowly.",flavour,0.068122558,0.300000012,0.300000012,Flavour
B082LD6Q8T,Ganeshkumar Sabapathy,1.0 out of 5 stars,The New Flavour is Not Good,11/08/2022 00:00,India,,"The Old Flavour was very strong and it made to be feel like we are using a natural toothpaste, the new one looks like they have added some flavour and color to the white colgate paste. The Color also stains my wash basin slowly.",Old Flavour,0.702583969,0,0,Flavour
B082LD6Q8T,sambuddhak,4.0 out of 5 stars,Very good,19/08/2022 00:00,India,,Upto the quality of dabur red or better.,dabur,0.424034238,0.5,0.5,
B082LD6Q8T,sambuddhak,4.0 out of 5 stars,Very good,19/08/2022 00:00,India,,Upto the quality of dabur red or better.,quality,0.575965762,0.300000012,0.300000012,Quality
B07XC1SJD3,Bookworm,5.0 out of 5 stars,Good product.,07/06/2022 00:00,India,,The charcoal paste is really good. Feels clean and fresh,charcoal paste,1,0.800000012,0.800000012,
B07XC1SJD3,ISHAN THETE,2.0 out of 5 stars,DO NOT BUY,23/06/2022 00:00,India,,Taste is not so good. It does not whiten your teeth . I recommend not to buy üòä,teeth,0.075674012,0,0,
B07XC1SJD3,ISHAN THETE,2.0 out of 5 stars,DO NOT BUY,23/06/2022 00:00,India,,Taste is not so good. It does not whiten your teeth . I recommend not to buy üòä,Taste,0.924326003,-0.300000012,0.300000012,Taste
B07QL37M78,espak,3.0 out of 5 stars,Not for whitening,02/06/2022 00:00,India,,"Unlike other Coalgate options, this doesn't whiten your teeth.",teeth,0.164468899,-0.100000001,0.100000001,
B07QL37M78,espak,3.0 out of 5 stars,Not for whitening,02/06/2022 00:00,India,,"Unlike other Coalgate options, this doesn't whiten your teeth.",Coalgate,0.32027334,0,0,
B07QL37M78,espak,3.0 out of 5 stars,Not for whitening,02/06/2022 00:00,India,,"Unlike other Coalgate options, this doesn't whiten your teeth.",options,0.515257776,0,0,
B07QL37M78,M C Rastogi,5.0 out of 5 stars,Should fulfill promise.,03/06/2022 00:00,India,,"Not better in quality than cheaper variant toothpaste, except that medicated means more price.",price,0.229418501,-0.100000001,0.100000001,Pricing
B07QL37M78,M C Rastogi,5.0 out of 5 stars,Should fulfill promise.,03/06/2022 00:00,India,,"Not better in quality than cheaper variant toothpaste, except that medicated means more price.",variant toothpaste,0.321374565,0,0,
B07QL37M78,M C Rastogi,5.0 out of 5 stars,Should fulfill promise.,03/06/2022 00:00,India,,"Not better in quality than cheaper variant toothpaste, except that medicated means more price.",quality,0.449206918,0,0,Quality
B07QL37M78,Amazon Customer,5.0 out of 5 stars,Love the clove oil taste.,05/06/2022 00:00,India,,Was fresh and good. Would like to use the toothpaste in a bigger pack to make it last longer. Thank you.,pack,0.479539633,0.100000001,0.100000001,Packaging
B07QL37M78,Amazon Customer,5.0 out of 5 stars,Love the clove oil taste.,05/06/2022 00:00,India,,Was fresh and good. Would like to use the toothpaste in a bigger pack to make it last longer. Thank you.,toothpaste,0.520460367,0.100000001,0.100000001,
B07QL37M78,Tejendra Garg,5.0 out of 5 stars,Excellent toothpaste,13/07/2022 00:00,India,,"Great flavour, leaves an all day freshness. Have been using this for some time and has become my preferred toothpaste",toothpaste,0.050811309,0.600000024,0.600000024,
B07QL37M78,Tejendra Garg,5.0 out of 5 stars,Excellent toothpaste,13/07/2022 00:00,India,,"Great flavour, leaves an all day freshness. Have been using this for some time and has become my preferred toothpaste",day freshness,0.350305259,0.699999988,0.699999988,Freshness
B07QL37M78,Tejendra Garg,5.0 out of 5 stars,Excellent toothpaste,13/07/2022 00:00,India,,"Great flavour, leaves an all day freshness. Have been using this for some time and has become my preferred toothpaste",flavour,0.59888345,0.800000012,0.800000012,Flavour
B07JFW4CY4,VCDCCDDK,5.0 out of 5 stars,Refreshing Taste,17/07/2022 00:00,India,,Use this one and you will never feel like using other brands,one,0.725154042,0.400000006,0.400000006,
B07JFW4CY4,Roopesh Kumar R,5.0 out of 5 stars,Good brand with good price,10/08/2022 00:00,India,,Colgate is well known for its brand in toothpaste market. Good brand with good price.,brand,0.129289031,0.400000006,0.400000006,
B07JFW4CY4,Palash B.,5.0 out of 5 stars,Good product,18/08/2022 00:00,India,,It's like normal toothpaste. haha,toothpaste,1,0.100000001,0.100000001,
B07JFW4CY4,Roopesh Kumar R,5.0 out of 5 stars,Good brand with good price,10/08/2022 00:00,India,,Colgate is well known for its brand in toothpaste market. Good brand with good price.,Colgate,0.714714766,0.400000006,0.800000012,
B07JFW4CY4,Swetansh Singh,5.0 out of 5 stars,Best toothpaste,01/08/2022 00:00,India,,great offer and this toothpaste is the best.,toothpaste,0.152824402,0.899999976,0.899999976,
B07JFW4CY4,Roopesh Kumar R,5.0 out of 5 stars,Good brand with good price,10/08/2022 00:00,India,,Colgate is well known for its brand in toothpaste market. Good brand with good price.,toothpaste market,0.107074305,0.400000006,0.400000006,
B07JFW4CY4,Roopesh Kumar R,5.0 out of 5 stars,Good brand with good price,10/08/2022 00:00,India,,Colgate is well known for its brand in toothpaste market. Good brand with good price.,price,0.028496794,0.899999976,0.899999976,Pricing
B07JFW4CY4,Roopesh Kumar R,5.0 out of 5 stars,Good brand with good price,10/08/2022 00:00,India,,Colgate is well known for its brand in toothpaste market. Good brand with good price.,brand,0.020425117,0.899999976,0.899999976,
B07JFW4CY4,Anisha Chakraborty,5.0 out of 5 stars,Nice,02/08/2022 00:00,India,,Nice fragrance and amazing work i love this toothpaste,fragrance,0.720332623,0.899999976,0.899999976,
B07JFW4CY4,Anisha Chakraborty,5.0 out of 5 stars,Nice,02/08/2022 00:00,India,,Nice fragrance and amazing work i love this toothpaste,work,0.181438163,0.899999976,0.899999976,
B07JFW4CY4,Anisha Chakraborty,5.0 out of 5 stars,Nice,02/08/2022 00:00,India,,Nice fragrance and amazing work i love this toothpaste,toothpaste,0.098229192,0.899999976,0.899999976,
B07JFW4CY4,Swetansh Singh,5.0 out of 5 stars,Best toothpaste,01/08/2022 00:00,India,,great offer and this toothpaste is the best.,offer,0.847175598,0.899999976,1.899999976,
B07JFW4CY4,VCDCCDDK,5.0 out of 5 stars,Refreshing Taste,17/07/2022 00:00,India,,Use this one and you will never feel like using other brands,brands,0.274845928,0.300000012,0.300000012,
B07CHSCH9C,Sheetal,1.0 out of 5 stars,New Version is Pathetic,31/07/2022 00:00,India,,The new version of this toothpaste is pathetic. I've stopped using this toothpaste since they introduced the so called improved version.,version,0.056472179,-0.100000001,0.100000001,
B07CHSCH9C,Sheetal,1.0 out of 5 stars,New Version is Pathetic,31/07/2022 00:00,India,,The new version of this toothpaste is pathetic. I've stopped using this toothpaste since they introduced the so called improved version.,version,0.618742704,-0.800000012,0.800000012,
B07CHSCH9C,Sheetal,1.0 out of 5 stars,New Version is Pathetic,31/07/2022 00:00,India,,The new version of this toothpaste is pathetic. I've stopped using this toothpaste since they introduced the so called improved version.,toothpaste,0.24404341,-0.800000012,0.800000012,
B07CHSCH9C,Sheetal,1.0 out of 5 stars,New Version is Pathetic,31/07/2022 00:00,India,,The new version of this toothpaste is pathetic. I've stopped using this toothpaste since they introduced the so called improved version.,toothpaste,0.080741696,-0.200000003,0.200000003,
B07CHSCH9C,Kajal Baranwal,2.0 out of 5 stars,Bad packaging,24/07/2022 00:00,India,,Product is good but packaging is bad,packaging,0.273526698,-0.400000006,0.400000006,Packaging
B07CHSCH9C,Muthu,1.0 out of 5 stars,Tooth sore,24/07/2022 00:00,India,,The new vedhaskthi toothpaste very spicy and tooth sore coming by this .pls don't buy this. especially for children.,vedhaskthi toothpaste,0.40367043,-0.600000024,0.600000024,
B07CHSCH9C,Kajal Baranwal,2.0 out of 5 stars,Bad packaging,24/07/2022 00:00,India,,Product is good but packaging is bad,Product,0.726473331,-0.100000001,0.100000001,Quality
B07CHSCH9C,NADARAJAN,4.0 out of 5 stars,4in 1.So far so good.Time alone can tell if it is worth the money‚òùÔ∏èüëèüôå,23/07/2022 00:00,India,,Herbs all too good for Dental Health.,Herbs,0.926275969,0.5,0.5,
B07CHSCH9C,Muthu,1.0 out of 5 stars,Tooth sore,24/07/2022 00:00,India,,The new vedhaskthi toothpaste very spicy and tooth sore coming by this .pls don't buy this. especially for children.,tooth,0.28295669,-0.600000024,0.600000024,
B07CHSCH9C,NADARAJAN,4.0 out of 5 stars,4in 1.So far so good.Time alone can tell if it is worth the money‚òùÔ∏èüëèüôå,23/07/2022 00:00,India,,Herbs all too good for Dental Health.,Dental Health,0.073724061,0.5,0.5,Health
B07CHSCH9C,Muthu,1.0 out of 5 stars,Tooth sore,24/07/2022 00:00,India,,The new vedhaskthi toothpaste very spicy and tooth sore coming by this .pls don't buy this. especially for children.,children,0.062366921,0.200000003,0.200000003,
B07CHSCH9C,Muthu,1.0 out of 5 stars,Tooth sore,24/07/2022 00:00,India,,The new vedhaskthi toothpaste very spicy and tooth sore coming by this .pls don't buy this. especially for children.,sore,0.251005948,-0.5,0.5,
B079H16264,Abdul Zaki,3.0 out of 5 stars,Not much happy,27/07/2022 00:00,India,,This all things showed on adds would not make feel real,things,1,-0.400000006,0.400000006,
B0755J7HRX,harshul vohra,3.0 out of 5 stars,Product quality was fine,16/08/2022 00:00,India,,The product quality was fine,product quality,1,0.600000024,0.600000024,Quality
B0755J7HRX,Ghanshyam D.,5.0 out of 5 stars,Good product,16/08/2022 00:00,India,,"Best in class, freshness is max as per name.",class,0.423739761,0.800000012,0.800000012,
B0755J7HRX,Ghanshyam D.,5.0 out of 5 stars,Good product,16/08/2022 00:00,India,,"Best in class, freshness is max as per name.",freshness,0.355638176,0.699999988,0.699999988,Freshness
B0755J7HRX,Anand,5.0 out of 5 stars,good and fresh,25/07/2022 00:00,India,,as per market price value for money .,money,0.255493879,0.200000003,0.200000003,Pricing
B0755J7HRX,Anant Singhal,1.0 out of 5 stars,The product seen is different in images and in real,11/08/2022 00:00,India,,The product shown in images is 4 different boxes of 150gm but when delivered there are four tubes in one boxes not separate boxes as shown.,product,0.443484128,0,0,Quality
B0755J7HRX,Anant Singhal,1.0 out of 5 stars,The product seen is different in images and in real,11/08/2022 00:00,India,,The product shown in images is 4 different boxes of 150gm but when delivered there are four tubes in one boxes not separate boxes as shown.,boxes,0.178677633,0,0,Packaging
B0755J7HRX,Anant Singhal,1.0 out of 5 stars,The product seen is different in images and in real,11/08/2022 00:00,India,,The product shown in images is 4 different boxes of 150gm but when delivered there are four tubes in one boxes not separate boxes as shown.,images,0.167068884,0,0,
B0755J7HRX,Anant Singhal,1.0 out of 5 stars,The product seen is different in images and in real,11/08/2022 00:00,India,,The product shown in images is 4 different boxes of 150gm but when delivered there are four tubes in one boxes not separate boxes as shown.,boxes,0.127313152,0,0,Packaging
B0755J7HRX,Anant Singhal,1.0 out of 5 stars,The product seen is different in images and in real,11/08/2022 00:00,India,,The product shown in images is 4 different boxes of 150gm but when delivered there are four tubes in one boxes not separate boxes as shown.,boxes,0.046236984,0,0,Packaging
B0755J7HRX,Anand,5.0 out of 5 stars,good and fresh,25/07/2022 00:00,India,,as per market price value for money .,market price value,0.744506121,0.400000006,0.400000006,Pricing
B0755J7HRX,Ghanshyam D.,5.0 out of 5 stars,Good product,16/08/2022 00:00,India,,"Best in class, freshness is max as per name.",name,0.220622078,0.800000012,0.800000012,
B0755J7HRX,Anant Singhal,1.0 out of 5 stars,The product seen is different in images and in real,11/08/2022 00:00,India,,The product shown in images is 4 different boxes of 150gm but when delivered there are four tubes in one boxes not separate boxes as shown.,tubes,0.037219204,0,0,
B071D9RYQM,PRASHANT S.,5.0 out of 5 stars,Best Toothpaste for Dental Care,12/07/2022 00:00,India,,This is the best toothpaste for Dental Care.,Dental Care,0.086978257,0.800000012,0.800000012,Health
B071D9RYQM,PRASHANT S.,5.0 out of 5 stars,Best Toothpaste for Dental Care,12/07/2022 00:00,India,,This is the best toothpaste for Dental Care.,toothpaste,0.913021743,0.800000012,1.600000024,
B01I6IQ02Y,Bipin G.,4.0 out of 5 stars,Cool freshness.,16/07/2022 00:00,India,,Like for its cool feeling.,feeling,1,0.800000012,0.800000012,
B01I6IQ02Y,ishika sinha,1.0 out of 5 stars,Duplicate product,17/07/2022 00:00,India,,Not at all worthy. I think it is a duplicate product. Packaging is really poor. Poor plastic packaging used here..not feeling that this is the original one.,Packaging,0.109027259,-0.699999988,0.699999988,Packaging
B01I6IQ02Y,PANKAJ SHAH,5.0 out of 5 stars,Freshness & test,20/08/2022 00:00,India,,Very Good test & whitening,test,0.578333557,0.899999976,0.899999976,
B01I6IQ02Y,PANKAJ SHAH,5.0 out of 5 stars,Freshness & test,20/08/2022 00:00,India,,Very Good test & whitening,whitening,0.421666443,0.899999976,0.899999976,Quality
B01I6IQ02Y,Vishal,5.0 out of 5 stars,‡§ï‡•ã‡§à ‡§≠‡•Ä ‡§ñ‡§∞‡•Ä‡§¶‡§®‡§æ ‡§Æ‡§§! ‡§ñ‡§º‡§§‡§Æ ‡§π‡•Ä ‡§®‡§π‡•Ä‡§Ç ‡§π‡•ã ‡§∞‡§π‡•Ä ‡§Ø‡•á ‡§ï‡•â‡§≤‡§ó‡•á‡§ü üòÇüòÖ,12/08/2022 00:00,India,,‡§ï‡•ã‡§à ‡§≠‡•Ä ‡§ñ‡§∞‡•Ä‡§¶‡§®‡§æ ‡§Æ‡§§! ‡§ñ‡§º‡§§‡§Æ ‡§π‡•Ä ‡§®‡§π‡•Ä‡§Ç ‡§π‡•ã ‡§∞‡§π‡•Ä ‡§Ø‡•á ‡§ï‡•â‡§≤‡§ó‡•á‡§ü üòÇüòÖ,‡§ñ‡§º‡§§‡§Æ ‡§π‡•Ä,0.61654824,0.100000001,0.100000001,
B01I6IQ02Y,Vishal,5.0 out of 5 stars,‡§ï‡•ã‡§à ‡§≠‡•Ä ‡§ñ‡§∞‡•Ä‡§¶‡§®‡§æ ‡§Æ‡§§! ‡§ñ‡§º‡§§‡§Æ ‡§π‡•Ä ‡§®‡§π‡•Ä‡§Ç ‡§π‡•ã ‡§∞‡§π‡•Ä ‡§Ø‡•á ‡§ï‡•â‡§≤‡§ó‡•á‡§ü üòÇüòÖ,12/08/2022 00:00,India,,‡§ï‡•ã‡§à ‡§≠‡•Ä ‡§ñ‡§∞‡•Ä‡§¶‡§®‡§æ ‡§Æ‡§§! ‡§ñ‡§º‡§§‡§Æ ‡§π‡•Ä ‡§®‡§π‡•Ä‡§Ç ‡§π‡•ã ‡§∞‡§π‡•Ä ‡§Ø‡•á ‡§ï‡•â‡§≤‡§ó‡•á‡§ü üòÇüòÖ,‡§∞‡§π‡•Ä ‡§Ø‡•á ‡§ï‡•â‡§≤‡§ó‡•á‡§ü üòÇüòÖ,0.38345176,0,0,
B01I6IQ02Y,ishika sinha,1.0 out of 5 stars,Duplicate product,17/07/2022 00:00,India,,Not at all worthy. I think it is a duplicate product. Packaging is really poor. Poor plastic packaging used here..not feeling that this is the original one.,product,0.541863739,0,0.100000001,Quality
B01I6IQ02Y,ishika sinha,1.0 out of 5 stars,Duplicate product,17/07/2022 00:00,India,,Not at all worthy. I think it is a duplicate product. Packaging is really poor. Poor plastic packaging used here..not feeling that this is the original one.,packaging,0.349109024,-0.400000006,0.899999976,Packaging
B00R1BOIJU,Bhaskar R Kalambe,4.0 out of 5 stars,Good,30/05/2022 00:00,India,,Good to buy Rs. 88 @300gm,@300gm,1,0.899999976,0.899999976,
B00R1BOIJU,Velvet,5.0 out of 5 stars,The best toothpaste ever!,13/06/2022 00:00,India,,"Pepsodent is the most underrated toothpaste! I mean, it definitely saves trips to the dentist for my family and me.",dentist,0.028781589,0.5,0.5,Health
B00R1BOIJU,Velvet,5.0 out of 5 stars,The best toothpaste ever!,13/06/2022 00:00,India,,"Pepsodent is the most underrated toothpaste! I mean, it definitely saves trips to the dentist for my family and me.",family,0.065053701,0.5,0.5,
B00R1BOIJU,Velvet,5.0 out of 5 stars,The best toothpaste ever!,13/06/2022 00:00,India,,"Pepsodent is the most underrated toothpaste! I mean, it definitely saves trips to the dentist for my family and me.",trips,0.085870549,0.400000006,0.400000006,
B00R1BOIJU,Velvet,5.0 out of 5 stars,The best toothpaste ever!,13/06/2022 00:00,India,,"Pepsodent is the most underrated toothpaste! I mean, it definitely saves trips to the dentist for my family and me.",toothpaste,0.340453595,0.400000006,0.400000006,
B00R1BOIJU,Velvet,5.0 out of 5 stars,The best toothpaste ever!,13/06/2022 00:00,India,,"Pepsodent is the most underrated toothpaste! I mean, it definitely saves trips to the dentist for my family and me.",Pepsodent,0.479840547,0.600000024,0.600000024,
B00NOSVCC0,DR.SOUVIK PAUL,5.0 out of 5 stars,VERY GOOD,07/07/2022 00:00,India,,VERY VERY GOOD TOOTHPASTE. I LIKE IT VERY MUCH. THANK YOU.,TOOTHPASTE,1,0.899999976,0.899999976,
B00I6F64T2,Abhishek s.,4.0 out of 5 stars,Not a magical product but has good taste and freshness to it,12/08/2022 00:00,India,2 people found this helpful,Has a good taste and freshness attached to it. But not magical for teeth whitening. Go see a dentist you lazy boii.,boii,0.031591255,-0.100000001,0.100000001,
B00I6F64T2,Vicky,1.0 out of 5 stars,Bright teeth,29/07/2022 00:00,India,One person found this helpful,Toothpaste is not refreshing. Doesn't whites the teeth. Very expensive compare to other toothpaste. All teeth whitening claims are fake.,teeth,0.095307149,0,0,
B00I6F64T2,Abhishek s.,4.0 out of 5 stars,Not a magical product but has good taste and freshness to it,12/08/2022 00:00,India,2 people found this helpful,Has a good taste and freshness attached to it. But not magical for teeth whitening. Go see a dentist you lazy boii.,dentist,0.047638245,0,0,Health
B00I6F64T2,Vicky,1.0 out of 5 stars,Bright teeth,29/07/2022 00:00,India,One person found this helpful,Toothpaste is not refreshing. Doesn't whites the teeth. Very expensive compare to other toothpaste. All teeth whitening claims are fake.,toothpaste,0.029920451,-0.300000012,0.300000012,
B00I6F64T2,Vicky,1.0 out of 5 stars,Bright teeth,29/07/2022 00:00,India,One person found this helpful,Toothpaste is not refreshing. Doesn't whites the teeth. Very expensive compare to other toothpaste. All teeth whitening claims are fake.,claims,0.036855817,-0.800000012,0.800000012,
B00I6F64T2,Vicky,1.0 out of 5 stars,Bright teeth,29/07/2022 00:00,India,One person found this helpful,Toothpaste is not refreshing. Doesn't whites the teeth. Very expensive compare to other toothpaste. All teeth whitening claims are fake.,whites,0.084121473,0,0,Quality
B00I6F64T2,Vicky,1.0 out of 5 stars,Bright teeth,29/07/2022 00:00,India,One person found this helpful,Toothpaste is not refreshing. Doesn't whites the teeth. Very expensive compare to other toothpaste. All teeth whitening claims are fake.,teeth,0.065370619,-0.699999988,0.699999988,
B00I6F64T2,Vicky,1.0 out of 5 stars,Bright teeth,29/07/2022 00:00,India,One person found this helpful,Toothpaste is not refreshing. Doesn't whites the teeth. Very expensive compare to other toothpaste. All teeth whitening claims are fake.,Toothpaste,0.688424468,-0.600000024,0.600000024,
B00I6F64T2,Abhishek s.,4.0 out of 5 stars,Not a magical product but has good taste and freshness to it,12/08/2022 00:00,India,2 people found this helpful,Has a good taste and freshness attached to it. But not magical for teeth whitening. Go see a dentist you lazy boii.,taste,0.676093102,0.699999988,1.5,Taste
B00I6F64T2,Abhishek s.,4.0 out of 5 stars,Not a magical product but has good taste and freshness to it,12/08/2022 00:00,India,2 people found this helpful,Has a good taste and freshness attached to it. But not magical for teeth whitening. Go see a dentist you lazy boii.,freshness,0.185270876,0.800000012,0.800000012,Freshness
B00I6F64T2,Abhishek s.,4.0 out of 5 stars,Not a magical product but has good taste and freshness to it,12/08/2022 00:00,India,2 people found this helpful,Has a good taste and freshness attached to it. But not magical for teeth whitening. Go see a dentist you lazy boii.,teeth whitening,0.059406519,-0.200000003,0.200000003,Quality
B00I6F50PQ,SUVENDU SEKHAR SHARMA,1.0 out of 5 stars,Contains SLS Fluoride.,27/07/2022 00:00,India,,"Colgate toothpaste have Sodium Lauryl Sulfate SLS. Flouride, check the demerits then buy. Other best natural toothpaste is available in Amazon. Like biotique, bentodent,biomed,etc",Sodium Lauryl Sulfate SLS,0.090909548,0.100000001,0.100000001,
B00I6F50PQ,priyadharshini,1.0 out of 5 stars,Why the minimum quantity is 2?,23/06/2022 00:00,India,,Why the minimum order is 2 it's already a big pack of 300g then why a family would need 2x300g,pack,0.282734692,0,0,Packaging
B00I6F50PQ,SUVENDU SEKHAR SHARMA,1.0 out of 5 stars,Contains SLS Fluoride.,27/07/2022 00:00,India,,"Colgate toothpaste have Sodium Lauryl Sulfate SLS. Flouride, check the demerits then buy. Other best natural toothpaste is available in Amazon. Like biotique, bentodent,biomed,etc",Flouride,0.075218067,0,0,
B00I6F50PQ,SUVENDU SEKHAR SHARMA,1.0 out of 5 stars,Contains SLS Fluoride.,27/07/2022 00:00,India,,"Colgate toothpaste have Sodium Lauryl Sulfate SLS. Flouride, check the demerits then buy. Other best natural toothpaste is available in Amazon. Like biotique, bentodent,biomed,etc",toothpaste,0.064505026,0.800000012,0.800000012,
B00I6F50PQ,SUVENDU SEKHAR SHARMA,1.0 out of 5 stars,Contains SLS Fluoride.,27/07/2022 00:00,India,,"Colgate toothpaste have Sodium Lauryl Sulfate SLS. Flouride, check the demerits then buy. Other best natural toothpaste is available in Amazon. Like biotique, bentodent,biomed,etc",demerits,0.043820068,0,0,
B00I6F50PQ,SUVENDU SEKHAR SHARMA,1.0 out of 5 stars,Contains SLS Fluoride.,27/07/2022 00:00,India,,"Colgate toothpaste have Sodium Lauryl Sulfate SLS. Flouride, check the demerits then buy. Other best natural toothpaste is available in Amazon. Like biotique, bentodent,biomed,etc",biotique,0.035802286,0.200000003,0.200000003,
B00I6F50PQ,SUVENDU SEKHAR SHARMA,1.0 out of 5 stars,Contains SLS Fluoride.,27/07/2022 00:00,India,,"Colgate toothpaste have Sodium Lauryl Sulfate SLS. Flouride, check the demerits then buy. Other best natural toothpaste is available in Amazon. Like biotique, bentodent,biomed,etc",bentodent,0.035802286,0.200000003,0.200000003,
B00I6F50PQ,priyadharshini,1.0 out of 5 stars,Why the minimum quantity is 2?,23/06/2022 00:00,India,,Why the minimum order is 2 it's already a big pack of 300g then why a family would need 2x300g,family,0.21813035,0,0,
B00I6F50PQ,SUVENDU SEKHAR SHARMA,1.0 out of 5 stars,Contains SLS Fluoride.,27/07/2022 00:00,India,,"Colgate toothpaste have Sodium Lauryl Sulfate SLS. Flouride, check the demerits then buy. Other best natural toothpaste is available in Amazon. Like biotique, bentodent,biomed,etc",biomed,0.0251655,0.200000003,0.200000003,
B00I6F50PQ,priyadharshini,1.0 out of 5 stars,Why the minimum quantity is 2?,23/06/2022 00:00,India,,Why the minimum order is 2 it's already a big pack of 300g then why a family would need 2x300g,order,0.499134958,0.200000003,0.200000003,
B00I6F50PQ,Sonu T,5.0 out of 5 stars,Good deal,17/07/2022 00:00,India,,Good deal... We are permanent user of this product..,product,0.090647824,0.100000001,0.100000001,Quality
B00I6F50PQ,Sonu T,5.0 out of 5 stars,Good deal,17/07/2022 00:00,India,,Good deal... We are permanent user of this product..,user,0.148368821,0,0,
B00I6F50PQ,Sonu T,5.0 out of 5 stars,Good deal,17/07/2022 00:00,India,,Good deal... We are permanent user of this product..,deal,0.760983348,0.899999976,0.899999976,
B00I6F50PQ,SUVENDU SEKHAR SHARMA,1.0 out of 5 stars,Contains SLS Fluoride.,27/07/2022 00:00,India,,"Colgate toothpaste have Sodium Lauryl Sulfate SLS. Flouride, check the demerits then buy. Other best natural toothpaste is available in Amazon. Like biotique, bentodent,biomed,etc",Amazon,0.009406476,0.800000012,0.800000012,
B00I6F50PQ,Sureshkumar,4.0 out of 5 stars,Good,18/08/2022 00:00,India,,Good Product Value for Money,Value for Money,1,0.899999976,1.899999976,Pricing
B00I6F50PQ,SUVENDU SEKHAR SHARMA,1.0 out of 5 stars,Contains SLS Fluoride.,27/07/2022 00:00,India,,"Colgate toothpaste have Sodium Lauryl Sulfate SLS. Flouride, check the demerits then buy. Other best natural toothpaste is available in Amazon. Like biotique, bentodent,biomed,etc",Colgate,0.228390262,0.100000001,0.100000001,
B00I6F50PQ,SUVENDU SEKHAR SHARMA,1.0 out of 5 stars,Contains SLS Fluoride.,27/07/2022 00:00,India,,"Colgate toothpaste have Sodium Lauryl Sulfate SLS. Flouride, check the demerits then buy. Other best natural toothpaste is available in Amazon. Like biotique, bentodent,biomed,etc",toothpaste,0.390980482,0.100000001,0.100000001,
B00DRDYGHK,Paprika,1.0 out of 5 stars,Disappointing performance,25/01/2018 00:00,India,,Tartar builds up within half a day. Pepsodent's own Germicheck 12 hour protection is much better. Even Vicco performs excellent in front of this product.,Tartar,0.599565804,0.200000003,0.200000003,
B00DRDYGHK,Paprika,1.0 out of 5 stars,Disappointing performance,25/01/2018 00:00,India,,Tartar builds up within half a day. Pepsodent's own Germicheck 12 hour protection is much better. Even Vicco performs excellent in front of this product.,protection,0.128568992,0.600000024,0.600000024,Quality
B00DRDYGHK,Paprika,1.0 out of 5 stars,Disappointing performance,25/01/2018 00:00,India,,Tartar builds up within half a day. Pepsodent's own Germicheck 12 hour protection is much better. Even Vicco performs excellent in front of this product.,front,0.07470718,0.100000001,0.100000001,
B00DRDYGHK,Paprika,1.0 out of 5 stars,Disappointing performance,25/01/2018 00:00,India,,Tartar builds up within half a day. Pepsodent's own Germicheck 12 hour protection is much better. Even Vicco performs excellent in front of this product.,Germicheck,0.064379513,0.5,0.5,Health
B00DRDYGHK,Paprika,1.0 out of 5 stars,Disappointing performance,25/01/2018 00:00,India,,Tartar builds up within half a day. Pepsodent's own Germicheck 12 hour protection is much better. Even Vicco performs excellent in front of this product.,Pepsodent,0.063606165,0.5,0.5,
B00DRDYGHK,Paprika,1.0 out of 5 stars,Disappointing performance,25/01/2018 00:00,India,,Tartar builds up within half a day. Pepsodent's own Germicheck 12 hour protection is much better. Even Vicco performs excellent in front of this product.,product,0.0526154,0.300000012,0.300000012,Quality
B00DRDYGHK,Paprika,1.0 out of 5 stars,Disappointing performance,25/01/2018 00:00,India,,Tartar builds up within half a day. Pepsodent's own Germicheck 12 hour protection is much better. Even Vicco performs excellent in front of this product.,Vicco,0.01655692,0.400000006,0.400000006,
