ASIN,Question,Answer,Votes,Date
B08SR372S7,Can we wash oily or grease clothes,Yes...,0,27-06-2022
B08SR372S7,Warranty will be covered by bosh or amazon...?,Obviously Bosch.,0,07-06-2022
B08SR372S7,"Hi , is it normal to have water droplets and white water spots inside and on the grey rubber area, when u receive this item brand new?",Yeah it is normal and nothing to worry about. During pre dispatch inspection sometimes few droplets or spot remain even after cleaning. Just clean it.,0,26-05-2022
B08SR372S7,Waj2416sin 2022 modal ?,It's 2021 model...,0,08-05-2022
B08SR372S7,Is it requires a stand?,Its optional but better to have a stand. Also try stand price in market n try to buy from market as almost 50% saving if you buy from installation guy. They can quote any rate with or without invoice.,0,17-04-2022
B08SR372S7,Which year of model is this?,I think it is 2018.,0,14-04-2022
B08SR372S7,Can we get latest model?,Sure..,0,15-04-2022
B08SR372S7,Is this machine have any mode which is only used for Drying ?,Yes there is.,0,09-07-2022
B08SR372S7,Periodical service is required?,"It almost require service everyday. Don't buy Bosch, they did not do the right enginnering. They have a problem in the way they aligned the inlet pipe and how much ever pressure is there, it will not be able to take water.",0,16-07-2022
B08JYPDFXV,I have a Bosch 7kg washing machine. Can I place this dryer on top of the washing machine.,yes you can,0,26-06-2022
B08JYPDFXV,Is it only cloth dryer? Or is it washer+ dryer?,It's only Dryer. If you have any requirements for Washer+Dryer contact us @9911468008,0,24-06-2022
B08JYPDFXV,Is it a plug and play appliance. What is inlet pipe for,Yes its plug and play. Pipe is to drain out water from the dryer,0,19-06-2022
B08JYPDFXV,Its says inbuilt heater.. is it the same as heater pump condensor? How much electricity is used in every load?,Yes it has a heat pump.,0,25-05-2022
B08JYPDFXV,Can it be wall hanged or stacked on front load washing machine?,"Don't think you can hang it on the wall... But it can be stacked for sure, on top of front loading washing machine using accessories from Bosch.",0,16-04-2022
B08JYPDFXV,is this seller (E Sales India) an authorized reseller of bosch and will bosch india honor warranty on dryer bought on Amazon?,Yes,0,19-04-2022
B08JYPDFXV,Will demo provided and how ?,Yes you can contact bosch for demo and installation,0,19-06-2022
B08JYPDFXV,"Do clothes come out 100% dry ?
does it require exhaust for moisture or does it have a box to collect moisture, can i keep it in a enclosed room?",Yes they come out 100% dry.  The machine can be kept in a room. There is a pipe that needs to be attached to the machine so that the water can be drained out from the machine,0,19-06-2022
B08JYPDFXV,Can this be placed directly on the  washing machine mountable,Yes but only bosch washing machine.,0,19-06-2022
B08JYPDFXV,Will this dryer be installed by the company?,Yes,0,19-06-2022
B08JYPDFXV,Does it require a water outlet drain,"Yes,  ideally. Alternatively, as a stop gap arrangement, you can collect water through the pipe in a small tub and throw it later",0,19-06-2022
B08JYPDFXV,Why is there an inlet pipe in the Dryer?,Its an outlet pipe,0,26-06-2022
B08JYPDFXV,Is installation included with this product?,Yes,0,19-06-2022
B08JYPDFXV,I have IFB 6.5 kg washing machine can i fix it top of the washing machine?,yes,0,09-07-2022
B08JYPDFXV,It this 5 star rated electricity rating machine,doesnt comes star rating,0,09-07-2022
B08JYPDFXV,Can it be placed over washing machine inverted/upside down ??,YES,0,16-07-2022
B08SR624PS,How many watts of mechine,0.2 kWh with 30degC program and as high as 1.9kwh with 95degC program. It varies with the temperature settings. But overall consumption is less.,0,29-05-2022
B08SR624PS,this model manufacturing year?,2021,0,26-05-2022
B08SR624PS,Is it anti Wrinkle ?,No,0,25-05-2022
B08SR624PS,"What iis the dimension, it says 59 x 59.8 x 84.8 Centimeters whereas in the image it's different ?",no almost same,0,26-05-2022
B08SR624PS,What is inverter touch,touch is bit hard,0,26-05-2022
B08SR624PS,Does it has in built heater,Yes inbuilt heater,0,24-07-2022
B08SR624PS,Is it direct drive or belt,Drive,0,24-07-2022
B08SR624PS,How can we put water  in machine when water tap is unavailable ?,Compulsory tap needed,0,24-07-2022
B08SR624PS,what is inverted touch control,Simply touch like mobile phone display,0,24-07-2022
B08SR624PS,Does it has in built heater,Yes it has in buit heater,0,28-07-2022
B08J3KFLBT,Whether hardwater compatible??,"Yes, but you have to do complete cleaning every month",0,05-07-2022
B08J3KFLBT,Can it soften hard water?,No,0,27-06-2022
B08J3KFLBT,"Manufacturing date,country of manufacture of the particular item? is the drum of ss or chromium plated? qty of water consumed in single wash?",Complete drum built by SS 304 grade and any washing machine major components from BOSCH only in front loading washing machines the best BOSCH.Made in India  only.Thanks & RegardsVenkataramana Reddy Kichilisee less,0,15-06-2022
B08J3KFLBT,which year manufacturing is this product,You will know before you place the order,0,27-06-2022
B08J3KFLBT,Does it dry the clothes?,"No, you have to do it manually. But takes just an hour to dry",0,27-06-2022
B08J3KFLBT,What do we have to do if length of power cord is not sufficient? How can we extend without using extension box?,"If you are having good electrical knowledge, you can remove the back door and replace the entire cord from the terminal itself with a required length.",0,21-05-2022
B08J3KFLBT,Can I schedule the installation date as per my availability?,Yes,0,30-07-2022
B08J3KFLBT,Which year model will be delivered,"The latest one, I believe",0,30-07-2022
B08J3KFLBT,Does it require stabilizer,No,0,31-07-2022
B08SR4L6X2,Deos it come with outlet hose gudie ( u bend) in the box?,Flexible plastic outlet/drain pipe of 2 meter length is factory fixed for this model.,0,19-06-2022
B08SR4L6X2,After drying can we keep it in cupboard,"No, does not have a heater drier. Hence, needs few hours of regular rope drying.",0,23-07-2022
B08SR4L6X2,"Which is good in terms of RPM, 1200 or 1400?","Hi, 1200 rpm is sufficient for daily usage. Machine is just top notch. Go for it.",0,24-07-2022
B08SR4L6X2,Which year model is this ?,2021,0,24-07-2022
B08PZCS9J6,Tub self clean available?,No,0,27-06-2022
B08PZCS9J6,Which detergent should be used? Powder or liquid? Which brand or only bosch brand???,We can use both types of detergent i.e. either powder or liquid. Detergent to be used shall be suitable for front load type of machine also,0,26-04-2022
B08PZCS9J6,Is it come with inbuilt  invertor?,Yes,0,25-04-2022
B08PZCS9J6,With steam or without steam,Without steam,0,22-07-2022
B08PZCS9J6,Model Year.,We purchased this in 2021 and it was manufactured in same year. Model was introduced 2 yrs back.,0,24-07-2022
B08PZCS9J6,"I require a gst bill , how do i get it on purchase?",GST amount is indicated in bill and you can claim the same,0,24-07-2022
B08PZCS9J6,Tub material??,It is steel,0,24-07-2022
B08PZCS9J6,Can i get extended additional warranty of 3 years apart form 2 years manufacturing warranty toatal 2+3=5 years,Yes. Many a times BOSCH comes witj such schemes and you can avail that. I have personally availed the same scheme with 2+3 yrs warranty. The person who comes for installation will update you about omgoing warrantee schemes,0,24-07-2022
B08PZCS9J6,What will be year manufacture of this product,I have answered this question,0,24-07-2022
B08PZCS9J6,Do I get company warranty on the product,Yes. Service is also very good,0,24-07-2022
B08PZCS9J6,what is the  actual bee star rating of this washing machine ?,5 star,0,24-07-2022
B08SR52BSM,This product use extra trolley stand,"Trolley stand not required if washing machine is kept in dry area. It's required if kept in bathroom, but make sure the stand is very strong as machine is pretty heavy.",0,19-05-2022
B08SR52BSM,"Please reconfirm the drum quality of the newer models, as I could see it’s galvanised steel opposed to stainless steel, quality degrade?",No,0,08-07-2022
B08SR52BSM,What is the breadth and length of bosch 7 kg front load wash machine?,GOOD,0,08-07-2022
B08SR52BSM,What is the length breadth of bosch 7 kg front load wash machine?,Good,0,08-07-2022
B08SR52BSM,Is there is a baby care,There is also option called as kids wear,0,09-07-2022
B00ZCJRXOK,Is this real drying or simply spinning at high speed to wring out moisture?,Full dry.. You can let the heat dissipate in open for 15-30 mins and keep it in the cupboard,0,10-04-2022
B08XMNBD3Q,After completion will the clothes be 80-90% dry or completly wet?,Yes,0,08-06-2022
B08XMNBD3Q,What warranty?,2+10 YEARS,0,25-07-2022
B08XMNBD3Q,"The weight of this product is mentioned as 60 kg on amazon while on bosch website it is given as 75.3 kg, why is there such difference?",exact weight is written bosch website,0,25-07-2022
B08XMNBD3Q,Is front load 9kg Bosch washing machine able to wash double layered double bed blankets,"bosch doenot recommend, but if indian culture to be considered, you could load it",0,30-07-2022
B08XMNBD3Q,Is front load 9kg Bosch washing machine able to wash double layered double bed blankets,No,0,01-08-2022
B08XMNBD3Q,Installation free h,Yes,0,01-08-2022
B08XMNBD3Q,Is this machine is compatible for Hard Water,Yes,0,01-08-2022
B08XMNBD3Q,Does washing machine has water heater?,Yes,0,01-08-2022
B08XMNBD3Q,Is it wash & dry,No it’s a pure Front loading washing machine.,0,02-08-2022
B08PZBZD5M,I have a basic tap available which we use for normal washing machine. Will that work or any extra attachment needed for this washing machine?,"Hi, we have connected directly to the water tap. No attachment installed and the machine is working fine. My understanding is that, depending on the quality of the water in your supply, you may need a softening kit. In our case we did not need one.",0,21-06-2022
B08PZBZD5M,Is this machine has stimmer?,Yes with heater,0,29-05-2022
B08PZBZD5M,Which series ?,Wjl series,0,23-05-2022
B08PZBZD5M,Unbox inspection included during delivery day ?,Yes,0,29-05-2022
B08PZBZD5M,Noise db level of this product?,"almost noiseless. a very little noise might come during the spin time, other than that almost noiseless. I basically keep it in my utility balcony and almost all the time, I get to know that everything is done, at the last three beeps.",0,01-05-2022
B08PZBZD5M,Is Delay tlme available?,Yes,0,23-04-2022
B08PZBZD5M,Any Drawbacks??,No,1,13-04-2022
B08PZBZD5M,How to use in built user?,There are many standard pre configured options available to select for washing different types of clothes.,0,14-07-2022
B08PZBZD5M,Over load indication?,Yes available,0,14-07-2022
B08PZBZD5M,Does this machine require stabliser?,no,0,22-07-2022
B08PZBZD5M,What's the star rating of this model in 2022?,I believe it is 4 star. Please confirm with the seller.,0,22-07-2022
B08PZBZD5M,Is rat net available?,No,0,22-07-2022
B08PZBZD5M,Does it work with low water pressure tap?,No,0,22-07-2022
B08PZBZD5M,"Elbow for securing the water drain hose, is it not part of this model? Ive not received it with my washing machine",No that is not included.,0,22-07-2022
B08PZBZD5M,Does installation go ahead automatically by process or do we need to call for installation ?,Yes,0,22-07-2022
B08PZBZD5M,Is this have drier,Yes,0,28-07-2022
B08PZBZD5M,Is it 2020 model,2021,0,28-07-2022
B09KGXPHKF,Does it need outdoor dry after drying?,"Yes obviously, no washing machine can dry cloths completely that you can directly wear it",0,08-06-2022
B09KGXPHKF,Is this machine a belt driven or direct drum driven motor??,"Direct drive washing machines perform better than belt-drive washers. In addition, they lack belts and the other parts that most commonly wear down and break on belt-drive washers. Direct drive washers are also quieter, more reliable, and more energy-efficient than their belt-drive counterparts.",0,25-05-2022
B09KGXPHKF,Does it resume from where it left after power cut?,Yes,0,07-05-2022
B09KGXPHKF,Is this wifi enabled?,Yes.  Connect it through smart things app. You should have a wifi connection at home I guess for it.,0,15-05-2022
B09KGXPHKF,Inbuilt heater available,Yes,0,07-05-2022
B09KGXPHKF,Is this machine is noiceless,"Yes, it is noiseless.",0,14-04-2022
B09KGXPHKF,Does this have laundry add option during a wash cycle?,"No, not at all",0,09-07-2022
B09KGXPHKF,Can you start the machine or washing cycle using smart things app on your phone?,"You can't start the machine, as in power on from the app, but once it's on and connected to wifi, you can add washing cycle to it, send washing settings and control cycle",0,28-07-2022
B09KGXPHKF,Does this works with alexa,"No, it doesn't",0,28-07-2022
B09KGXPHKF,Where we should use water filter for this product to reduce hardwater,In the inlet area or your tap,0,28-07-2022
B09KGXPHKF,Can we operate it with Google assistant or Alexa ?,"No, you can't",0,28-07-2022
B09KGXPHKF,Can i use surf also,"Yes, both solid and liquid detergents can be usex",0,28-07-2022
B09KGXPHKF,Is it a dryer as well?,Yes,0,28-07-2022
B0861C4YCG,Will it work fine if voltages drop to 180v? in my area the voltages rarely go above 200v. is voltages stabilizer needed?,"I'm not the expert in this so I can just tell you that we have normal single phase electricity line and we never have faced any issue regarding power supply. So I THINK it should be working fine at your area too. The only thing to take care is, as per company's guideline, water tank should be at least 10 feels above the washing machine. But we have this just 7 feets above, still it's working fine, don't know what this can cause in future!see less",0,03-07-2022
B0861C4YCG,"Smart check related, in description showing smart check available but installation time samsung executive said smart check not available this machine.",No there is no smart check,0,03-07-2022
B0861C4YCG,Can I buy washing mechine related products from the person who is coming for installation.,"Sure, but check the pricing beforehand so you are aware of the market pricing",0,17-06-2022
B0861C4YCG,Manufacturing year ...?,"Dear Customer,This Model was launched in 2020 however you will get latest stock as per availability. Hope this is of help.Regards,Samsung Indiasee less",0,15-06-2022
B0861C4YCG,Installation or demo charge,"Free, included in product price",0,17-06-2022
B0861C4YCG,Exchange ऑफर है क्या?,"Dear Customer,Exchange offer is applicable in this Model. To check the applicability please enter your area pin code and look for the offer. In case not able to find exchange offer please contact Amazon support Team for further assistance. Hope this is of help.Regards,Samsung Indiasee less",0,16-06-2022
B0861C4YCG,Motor Wattage of this washing machinr,"Dear Customer,Power consumption of this washing machine model is 200-250 W having 5 star energy rating. Hope this is of help.Regards,Samsung Indiasee less",0,16-06-2022
B0861C4YCG,What is wattage ?,"Wattage isn't deal, it takes about double of time to wash than other brands like LG. So 5 star Samsung washing machine is actually 2 - 3 star only. Trust me still i regret with my decision to get samsung",0,24-05-2022
B0861C4YCG,Which model having soft closed lid?,"Dear Customer,Thank you for your query. Washing machine model WA10T5260BY/TL comes with soft closing door. Model WA65T4262GG/TL comes with Tempered Glass Window which provides durability. Hope this is of help.Regards,Samsung Indiasee less",0,23-06-2022
B0861C4YCG,क्या आप गडचिरोली जिल्है मे डिलीव्हरी कर सकते हैं ?,"Dear Customer,To check delivery of product please enter your area pin code on Amazon webpage of this Model. In case not able to check delivery option please contact Amazon support team. Hope this is of help.Regards,Samsung Indiasee less",0,23-06-2022
B0861C4YCG,Washing machine got delivered on May 7th. But no installation was done. Whom to contact for installation?,samsung customer care,0,20-05-2022
B0861C4YCG,GST,"Dear Customer,Amazon Business provides purchasing solutions that lets registered businesses shop for business supplies on Amazon and get GST invoice and save up to 28% on business purchases. For that you need to sign up for free. For more details please contact Amazon support team. Hope this is of help.Regards,Samsung Indiasee less",0,23-06-2022
B0861C4YCG,Why doesn't Samsung allow this washing machine to be kept on Washing machine stand ?,"Dear Customer,This Washing machine model comes with levelling feets to provide stability while standing hence separate stand not required. However you can contact service engineer from nearest Samsung service center for further assistance regarding installation of stand. Hope this is of help.Regards,Samsung Indiasee less",0,23-06-2022
B0861C4YCG,Is it good for hard water wash,"Dear Customer,You can wash clothes with hard water in this model. For better results you can use fabric softeners. Also it has Eco tub Clean feature. For the ultimate convenience, the Eco Tub Clean course keeps your top load washer fresh without using harsh chemicals. And it can even notify you automatically when it needs cleaning. Hope this is of help.Regards,Samsung Indiasee less",0,23-06-2022
B0861C4YCG,Can i get the latest manufacturing date ?,I can only tell you my experience. Got the machine on 1st Jan 2022. It was manufactured in Nov. 2021.  That seems fine. Hope it answers your query.,0,12-04-2022
B0861C4YCG,What is the manufacturing date?,2020,0,12-04-2022
B0861C4YCG,Is it made in china?,"No sir,",0,12-04-2022
B0861C4YCG,I have 5.8 kg samsung washing machine working condition eligible for exchange,Yes.,0,17-07-2022
B0861C4YCG,I dont have tap water connection will it work?,"It won't work and if you have tap water then also don't take it , it's of no use not cleaning the clothes other top load in Samsung are good but this model is pathetic",0,20-07-2022
B0861C4YCG,Does this model have rat mesh ?,It is covered and closed from back and bottom also.,0,21-07-2022
B0861C4YCG,Power cut memory hai kya isme?,"Dear Customer,This fully automatic washing machine model resumes cycle again after power cut. For e.g. if spin cycle was running during power cut. It will resume same cycle after power cut. Hope this is of help.Regards,Samsung Indiasee less",0,03-08-2022
B0861C4YCG,Can be use in hard/salt water?,"Dear Customer,You can wash clothes with hard water in this model. For better washing results you can add fabric softners. Also it has Eco tub Clean feature. For the ultimate convenience, the Eco Tub Clean course keeps your top load washer fresh without using harsh chemicals. And it can even notify you automatically when it needs cleaning. Hope this is of help.Regards,Samsung Indiasee less",0,03-08-2022
B0861C4YCG,The material of the outer body of the machine?,"Dear Customer,Outer Body is combination of high quality plastic and steel which is corrosion and rust proof. Drum is made of stainless steel. Diamond Drum’s unique “soft curl”design washes clothes very effectively,while treating them with care. Its smooth,diamond-shaped ridges are gentle on even delicate items. The small water exit holes also prevent fabric from becoming trapped and damaged. Hope this is of help.Regards,Samsung Indiasee less",0,03-08-2022
B0861C4YCG,मेरे घर में पानी की सप्लाई सीधे नहीं तो मेरे use की है ?,"Dear Customer,Direct water connection is not necessary. Basic installation requirement will be a Tap water connection which can also be connected with water tank storage. Hope this is of help.Regards,Samsung Indiasee less",0,03-08-2022
B0861C4YCG,I dont have tap water connection will it work?,"Dear Customer,Thank you for query. Tap connection is installation requirement for this Washing Machine model. Hope this is of help.Regards,Samsung Indiasee less",0,03-08-2022
B0861C4YCG,Will it work fine if voltages drop to 180v? in my area the voltages rarely go above 200v. is voltages stabilizer needed?,"Dear Customer,This fully automatic Top load washing machine model has direct drive digital inverter motor hence separate stabilizer not required. However, if there is frequent voltage fluctuation please ask the service engineer regarding stabilizer at the time of installation/demo. AC 220-240 V /50Hz fuse or circuit breaker is required. Hope this is of help.Regards,Samsung Indiasee less",0,03-08-2022
B09KGYCR7Z,Can we only dry clothes without washing them in this machine?,"Yes, it has a function name 'Drain/Spin' which drains all water and spins the drum at 1200 RPM",0,07-07-2022
B09KGYCR7Z,In buit ceramic heater this washing machine,Yes,0,07-07-2022
B09KGYCR7Z,Shall we do only dry clothes in this machine ?,"No, You can wash wet cloth also, but When intially system sensing more weight of wet cloth compare to  dry cloth.",0,29-06-2022
B09KGYCR7Z,Do we get stand for the Washing machine,You have to purchase separate. It doesn't comes with machine.,0,19-06-2022
B09KGYCR7Z,Sound in decibles???,Almost Zero during washing but at the time of drying it has normal spinning sound because drum runs in speed.,0,19-06-2022
B09KGYCR7Z,How does wifi work in this machine,"It works pretty well, one can set the timing to run the machine and the work is automatically done .",0,12-06-2022
B09KGYCR7Z,"Does it have bubble cleaning feature , which cleans by generating foam?","Dear Customer,Thank you for your query. This Washing Machine is not available with Eco Bubble Technology. It comes with AI control Washing and Hygiene Steam. Hope this is of help.Regards,Samsung Indiasee less",0,15-06-2022
B09KGYCR7Z,Which one is better between two?,"Dear Customer,Thank you for your query. WW70T502NAN/TL is 2021 Model however WW70T502NAN1TL is latest 2022 Model with 5 Star energy efficiency rating. Hope this is of help.Regards,Samsung Indiasee less",0,15-06-2022
B09KGYCR7Z,Do we delay and add clothes during wash cycle,"Dear Customer,Yes, delay end feature is available in this Fully automatic washing machine model .You can set the washing machine to finish your wash automatically at later time. Choose a delay of between 1 to 24 hours (in 1 hour increments). Add Wash feature is not available however you need to pause the Machine and then add additional laundry. Hope this is of help.Regards,Samsung Indiasee less",0,16-06-2022
B09KGYCR7Z,Is it EcoBubble washing?,No,0,23-05-2022
B09KGYCR7Z,Is it free installation,Yes,0,23-05-2022
B09KGYCR7Z,Is this machine a wash-dryer or is it only for washing??,This is a wash-dryer machine.,0,20-05-2022
B09KGYCR7Z,Manufacturing year?,"Dear Customer,This model was available for purchase in 2022. You will get latest stock as per availability. Hope this is of help.Regards,Samsung Indiasee less",0,23-06-2022
B09KGYCR7Z,what is the noise level in wash and spin in this machine,"Dear Customer,This Model Spin speed is 1200 RPM. It comes with digital inverter motor hence it delivers powerful but quiet cycles. Hope this is of help.Regards,Samsung Indiasee less",0,23-06-2022
B09KGYCR7Z,This machine will dry clothes atleast 50% after wash?,"The clothes are quite dry once out of the machine.  Even without sunlight in a dry climate, it dries in a few hours.",0,10-04-2022
B09KGYCR7Z,There is no exchange offer ??,It's there,0,23-05-2022
B09KGYCR7Z,How to install washing machine,"Dear Customer,After delivery of your Product our service support team will help with free Demo and Installation at your door step. Hope this is of help.Regards,Samsung Indiasee less",0,01-06-2022
B09KGYCR7Z,Is inbuilt heater available,Yes,0,23-05-2022
B09KGYCR7Z,In bilt heater???,Yes,0,23-05-2022
B09KGYCR7Z,Bubble system eneble ???,No,0,23-05-2022
B09KGYCR7Z,Is the touch panel display water proof?,Yes,0,29-06-2022
B09KGYCR7Z,does it need a stand?,Yes....,0,19-06-2022
B09KGYCR7Z,What is wifi and non wifi in washing machine,With wifi  model you can control some basic functions from your phone directly,0,29-06-2022
B09KGYCR7Z,How many days post delivery does the installation happen,Really good working . Cost effective and more silent working machine . Really awesome,0,18-07-2022
B09KGYCR7Z,Does the install happen with delivery?,"It's depends on your location, you will get sms Or email you can call that and check when installation person coming. but with in 48hr , not same time .. Different person.. Might be same day.",0,18-07-2022
B09KGYCR7Z,We have low water pressure in pipes as we stay in single storied house. Does the machine still work in low water pressure?,Yes it will.,0,19-07-2022
B09KGYCR7Z,"Does it have direct drive, i.e. no belt ?",Direct drive,0,19-07-2022
B09KGYCR7Z,Which model has eco bubble technology,"Dear Customer,You can opt for washing machine model WW70T502DAX1TL having Eco Bubble technology. Hope this is of help.Regards,Samsung Indiasee less",0,28-07-2022
B09KGYCR7Z,Wi fi ku Diya hua rahata hai,"Dear Customer,You can connect this Washing machine with Wi-Fi through SmartThings App available in iOS and Android devices. After downloading the App select the Washing Machine to connect and start operating from your Smart phone directly. It also comes with AI control which notes your washing patterns and gives recommended Washing cycles to choose from. Hope this is of help.Regards,Samsung Indiasee less",0,03-08-2022
B09KGYCR7Z,How good is this with hard water? Do we need  an additional water softener?,"Dear Customer,You can use hard water for laundry washing. For best results you can use softener. It comes  Drum Clean feature keeps your front load washer fresh without using harsh chemicals. And it can even notify you automatically when it needs cleaning. Hope this is of help.Regards,Samsung Indiasee less",0,03-08-2022
B09KGYCR7Z,How many days post delivery does the installation happen,"Dear Customer,Yes, you get a call from support team for installation/demo as per convenient time and date after delivery of product. In case you haven't received call please contact our support team on toll free number 1-800-40-726-7864 (1-800-40-SAMSUNG) and Whats app number 1800-57-267864 for installation request. Usually it is done within 2-3 days  depending upon service location. Hope this is of help.Regards,Samsung Indiasee less",0,03-08-2022
B09KGYCR7Z,"Does it have direct drive, i.e. no belt ?","Dear Customer,This Washing machine model comes with Direct Drive Digital Inverter motor. Digital Inverter Technology utilizes strong magnets for quieter and more powerful performance, but consumes less energy than a Universal Motor. Hope this is of help.Regards,Samsung Indiasee less",0,03-08-2022
B099GLFH5T,Can i wash shoes in this machine??,"Dear Customer,Thank you for your query. Washing shoes not recommended, it is suitable for laundry washing. Hope this is of help.Regards,Samsung Indiasee less",0,15-06-2022
B099GLFH5T,How many units of power consumption is daily estimated for a solid 1hr program?,"Dear Customer,This 5 Star rated washing machine model energy consumption is 0.0115 kWh/kg/cycle. Hope this is of help.Regards,Samsung Indiasee less",0,23-06-2022
B099GLFH5T,This body is metal or plastic?,Metal. But the top cover is plastic + glass,0,10-06-2022
B099GLFH5T,Who to meet if washing machine get in problem after buying,Samsung service,0,10-06-2022
B099GLFH5T,Is this machine rat free?,Yes it is. Machine has a preventable rat frame installed at the bottom of the washing machine,0,19-07-2022
B099GLFH5T,This machine 's power  wattage of motor?,500 watt overall machine wattage,0,19-07-2022
B099GLFH5T,"inlet pipe is available or not,",Yes comes with machine,0,19-07-2022
B099GLFH5T,When i got refund of cancelled items,Please connect custmor care,0,19-07-2022
B099GLFH5T,Will the steel body perish quickly?,Yes,0,19-07-2022
B099GLFH5T,Will the steel body perish quickly?,"Dear Customer,This Washing Machine model comes with combination of metal and high grade plastic on outer body. The body is designed for long lasting durability Hope this is of help.Regards,Samsung Indiasee less",0,25-07-2022
B099GLFH5T,This machine 's power  wattage of motor?,"Dear Customer,Maximum power consumption of this Washing machine is 500W. Hope this is of help.Regards,Samsung Indiasee less",0,03-08-2022
B08779BJY1,Does it have soft closing door?,yes,0,24-06-2022
B08779BJY1,model year,2020,0,15-06-2022
B08779BJY1,Can we use pale water for washing,Not recommended,0,24-06-2022
B08GXYZFNB,Product ki height kitni h,"Dear Customer,Net dimension (WxHxD) cm of this model is 54 x 92.6 x 56.8 cm. Hope this is of help.Regards,Samsung Indiasee less",0,23-06-2022
B08GXYZFNB,Outer body is aluminium or plactic?,"Dear Customer,Outer body is high grade plastic with inner steel frame. Hope this is of help.Regards,Samsung Indiasee less",0,15-06-2022
B08GXYZFNB,Which material is used as anti rat cover?,"Dear Customer,Anti rat cover is made of high-grade plastic . Hope this is of help.Regards,Samsung Indiasee less",0,28-07-2022
B08KTKH5K4,Can I pour water in it manually??,Yes. You can,0,27-06-2022
B08KTKH5K4,Does this product have auto restart function?,Yes,0,18-06-2022
B08KTKH5K4,model year,If you want to buy this you should have another Rs.15000 to buy a UPS. Otherwise there will be a problem.,0,15-06-2022
B08KTKH5K4,If at all Power failure the wm will restart from the stop time or from the beginning,I tried for a solution. There is no proper answer from the company and also Amazon also left it at that stage.,0,15-06-2022
B08KTKH5K4,Installing free???,Yes,0,27-06-2022
B08KTKH5K4,Does it have hydrolic door ?,Spring are attached to door.,0,27-06-2022
B08KTKH5K4,Is there any settings for quick wash like 30 mins??,Yes,0,27-06-2022
B09BR9NQ37,how rinsing done.Is there water changeover knob from washer tub to spin drier tub ?,Not so good,0,14-06-2022
B087795NDB,Iska jo shutter he wo hidrolic he ?,Yes it's hydrolic and works very good,0,05-07-2022
B087795NDB,Can i wash double blanket?,we haven't tried either double or single blanket but double comforter which is lighter can be washed and dried pretty well. I would say better not to try blankets as they become very heavy after soaking up water,0,16-04-2022
B08WX2LSP4,How many litres of water will it get maximum ?,Not sure about that. But experience with this washing machine is very bad. It does not clean the cloths properly even after two cycles. Samsung did not provided any satisfactory solution at all.,0,07-07-2022
B08WX2LSP4,Do this work on 1000 volt sollar plat,"Dear Customer,Voltage/Frequency requirement of this Washing machine model is 230V / 50Hz hence it should work however please check from service engineer at the time of installation. Power consumption of this washing machine is 200-250 W. Hope this is of help.Regards,Samsung Indiasee less",0,23-06-2022
B08WX2LSP4,Is this washing machine  fiber body,"Dear Customer,The outer body of this washing machine is made of high quality plastic material. Hope this is of help.Regards,Samsung Indiasee less",0,23-06-2022
B08WX2LSP4,How to remove rhe enlarged sink tray?,"Dear Customer,Thank you for your query. The Active Wash+ feature sink is non-removable. This sink provides a convenient place to hand-wash delicate items and pre-treat heavily soiled clothes. A water jet starts and stops at the push of a button. Hope this is of help.Regards,Samsung Indiasee less",0,23-06-2022
B08WX2LSP4,is there spin only function,"Yes, only spin can be done but its a bit tricky. You need to manipulate the settings. Direct only spon not avlbl",0,26-04-2022
B08WX2LSP4,Wouldn't it be a problem to use it in salt water?,Should not be a prob,0,26-04-2022
B08WX2LSP4,How we connect water for this type washing machine,You need a half 8nch tap adapter,0,26-04-2022
B08WX2LSP4,Kya is mein blanket wash mode hai,"Dear Customer,Thank you for your query. This model is not available with Blanket Wash Mode. Hope this is of help.Regards,Samsung Indiasee less",0,16-05-2022
B08WX2LSP4,Does this machine have Auto restart facility,"Well, once you choose the required washing cycle within the options provided you have to start the machine yourself in the beginning and the machine does the work for you. You are liberted to start/pause the cycle during the washing process except while draining (option automatically gets disabled). In any event it will not autorestart if interrupted manually or due to external factors (power cut).see less",0,15-07-2022
B08WX2LSP4,Washing machine is taking more than sufficient water what to do anyone help pls??,The machine's water intake capacity is upto level 5. You can repeatedly press the water level button to change the level as per your convenience even if the machine autoselects any particular level (which it does depending on the load),0,15-07-2022
B08WX2LSP4,Rat mesh ?,Provided along,0,15-07-2022
B08WX2LSP4,Wouldn't it be a problem to use it in salt water?,"Dear Customer,You can wash clothes with hard water in this model. For better results you can use fabric softeners. Also it has Drum Clean feature. For the ultimate convenience, the Drum Clean Clean course keeps your top load washer fresh without using harsh chemicals. And it can even notify you automatically when it needs cleaning. Hope this is of help.Regards,Samsung Indiasee less",0,19-07-2022
B08WX2LSP4,is there spin only function,"Dear Customer,Through option list you can select Spin cycle by manual selection. Hope this is of help.Regards,Samsung Indiasee less",0,25-07-2022
B08WX2LSP4,Does this machine have Auto restart facility,"Dear Customer,This fully automatic washing machine model resumes cycle again after power cut. For e.g. if spin cycle was running during power cut. It will resume same cycle after power cut. Hope this is of help.Regards,Samsung Indiasee less",0,03-08-2022
B08ZJHJ5DJ,Is plastic cover for washing machine,No,0,08-05-2022
B08ZJHJ5DJ,Plastic back or stainless steal?,Plastic back,0,13-04-2022
B08ZJHJ5DJ,How much charges take to installation ?,Free installation,0,13-04-2022
B08ZJHJ5DJ,How much energy star rating?,See product details,0,13-04-2022
B08ZJHJ5DJ,Panch member ke liye kafi hai,No,0,13-04-2022
B08ZJHJ5DJ,Smart door?,See product details,0,13-04-2022
B08ZJHJ5DJ,Installation is free or chargeble,Free,0,13-04-2022
B082GFNRKM,Does this model have led display timer?,"Yes,",0,04-06-2022
B082FJ9RS7,Year of manufacturing,2020,0,12-04-2022
B095PT9K7Z,Guarantee? Warranty?,"Really good , excellent after sales support .",0,02-07-2022
B082FJMJNN,Should we purchse the extra powder packets for cleaning the drum?,No,0,16-06-2022
B082FJMJNN,Can I connect this washing machine with alexa ?,"For now technology is in Japan only, when comes to india Alexa will put clothes too",0,14-06-2022
B082FJMJNN,Does this model had anti clock feature or not???,360,0,14-06-2022
B082FJMJNN,"Hey, I don't see my warranty card. What's the best way to get the customer service with a potential issue? The machine is only 6 months old",Amazon should refer this question to manufacturers asking fellow customer is like indirectly protecting manufacturer .,0,24-04-2022
B082FJMJNN,Auto restart option is available or not?,yes available,0,19-04-2022
B082FJMJNN,During installation service agent asked us to put scalegon and calstarit  . Is that necessary? With charge,not asking,0,19-04-2022
B082FJMJNN,Manually bucket water fill,Yes. but this one is fully automatic,0,19-04-2022
B082FJMJNN,Machine ka weight kitna h,24 kg,0,01-05-2022
B082FJMJNN,Is there delivery of washing machine in karnal city?,check your pincode,0,19-04-2022
B082FJMJNN,Can we start where it stopp,yes,0,19-04-2022
B082FJMJNN,What is the difference between automatic & semiautomatic washing machine,Semi-automatic mein sab khud karna padta hai...button settings...water fill.,0,01-05-2022
B082FJMJNN,with this price installation will be done and who will do it,Company service man and free of cost,0,01-05-2022
B082FJMJNN,How much liter of water required in 1 wash,10-12 ltrs,0,01-05-2022
B082FJMJNN,Motor speed?,Very fast,0,14-06-2022
B082FJMJNN,"How many years warranty for whole product, on motor and and compressor",5 years,0,01-05-2022
B082FJMJNN,Warenty period,5 years,0,01-05-2022
B082FJMJNN,Does it contain dryer??,Yes it's fully automatic,0,22-07-2022
B07BNLKS7V,Modle of which year,i think its 2021 was i order,0,02-05-2022
B07BNLKS7V,both Motor  warranty for 10 year na,"Nope , primary washing moter will be cover 10yr and secondary dryer moter cover only 2 year . Solid built so mostly sooner may not come moter issue",0,20-04-2022
B08L5CRR6R,Rat protection is there,"It's hard, but",0,06-07-2022
B08L5CRR6R,can we wash saree ?,Yes we can wash.,0,03-06-2022
B08L5CRR6R,Mottor Warranty ?,2 Years Comprehensive Warranty on Product and 10 Years on Wash Motor and Prime Mover.,0,26-05-2022
B083G25P9L,Is the body made of metal or fiber/plastic?,Plastic,0,29-06-2022
B083G25P9L,Does it have lint collector ?,Yes. It has,0,02-06-2022
B083G25P9L,I can use king size bed sheets for wash through this machine,Yes. But the quality of washing won't be too good.,0,30-05-2022
B083G25P9L,who does the installation? can it be installed by own?,"Yes you can easily, don't rely on company technician. They are not useful. You go through the guide and do it on your own.",0,02-06-2022
B083G25P9L,clothes are not getting dried properly,"Yes, but check the level. You fill dryer up to 75 pc and then try. If you fill totally with clothes it generates huge sound.",0,02-06-2022
B083G25P9L,warranty of the product,One'year,0,02-06-2022
B083G25P9L,Can u tell me This washing machine work with out over head tank?,"Yes it will work without water storage tank, but u need water to wash the clothes which u can easily store in the machine itself,",0,20-05-2022
B083G25P9L,Capacity of spin tub,Depends. My machine is 7 kg,0,02-06-2022
B083G25P9L,Purani washing machine exange ho sakti h kya,Depends,0,02-06-2022
B083G25P9L,I ordered this machine  but my sim card is not working and i want to change my number for received my product,You contact Amazon customer care and change your mobile number,0,02-06-2022
B083G25P9L,"My washing machine's Inbuilt scrubber is damaged, can I replace it with a new one, if yes where can I buy it?","Contact service centre, they will change",0,02-06-2022
B083G25P9L,Had ordered this product and recived as per schedule but if installation demo is needed whom to contact?,"Company service technician, send a mail or contact Amazon customer care if you had purchased the product from them",0,02-06-2022
B083G25P9L,Is there a return policy available for this product?,"I don't think, it is only replaceable in case any manufacturing defect",0,02-06-2022
B083G25P9L,At the end it do any sound like buzzer,Yes,0,29-06-2022
B083G25P9L,Do we need water softner with semi automatic machine,Only if you are going to use hard water orelse water softner is not required.....vineger is best if you use hard water,0,03-08-2022
B08KRZ69XY,Is display pannel waterproof,"Yes, display panel is waterproof",0,03-07-2022
B08KRZ69XY,In this machine have inbuilt heater,Yes,0,17-06-2022
B08KRZ69XY,What is the difference between Waj2846sin and  Waj28262in?,Yes,0,17-06-2022
B08KRZ69XY,Does it spin only?,wash and spin both,0,09-07-2022
B08KTL8FDF,what is the power cord length,4.5 feet and the insertion is at the bottom left corner when you look at it from the back side,0,22-06-2022
B08KTL8FDF,Is this having dryer?,"Yes, this model contains both Washing & Dryer facility in it.",0,09-05-2022
B08KTL8FDF,Cord length,4.5 feet and the insertion is at the bottom left corner when you look at it from the back side.,0,18-04-2022
B08SR5BPLK,Can we add clothes midcycle ?,YES,0,06-07-2022
B08SR5BPLK,Upto how many days after receiving the product i can return it if i find any faults?? Please reoly fast i m gonna buy a washing machine today.,10 days,0,06-07-2022
B08SR5BPLK,"Can i use normal detergent/surf like tide, surf excel etc  ??",Yes,0,24-06-2022
B08SR5BPLK,Do you install it in Coimbatore?,In Bangalore,0,24-06-2022
B08SR5BPLK,Is this having eco silence drive,Yes,0,22-05-2022
B08SR5BPLK,Can I use liquid detergent,Yes,0,11-05-2022
B08SR5BPLK,I have 61 cm gap into which the machine should go.  one reviewer mentioned the width is 61.5 cm.  what is exact width ?,61.5 is a safer bet but you can check dimensions before buying,0,07-07-2022
B08SR5BPLK,Lot of customer reviews it was broken,Had no such problem,0,07-07-2022
B08SR5BPLK,Can we pay through bajaj finance,Why not,0,07-07-2022
B08SR5BPLK,Which ditergent can we use in this machine,Surf excel matic powder or liquid,0,09-07-2022
B08SR5BPLK,Is it have auto cleaning procedure,Yes,0,19-07-2022
B08SR5BPLK,Automatically dary?,Yes,0,23-07-2022
B08SR5BPLK,"Can you confirm warranty, on othet side same model has 3 years?",1 yr,0,23-07-2022
B09KGW3NWL,What metal is its drum made of?,Stainless-steel,0,03-07-2022
B09KGW3NWL,What's the colour of lid ?,"Dear Customer,Body color of this Washing Machine is White and Door Color (Lid) is Black. Please check product main Image showing color details. Hope this is of help.Regards,Samsung Indiasee less",0,16-05-2022
B09KGW3NWL,Lid colour is black or white ?,"Dear Customer,Body color of this Washing Machine is White and Door Color (Lid) is Black. Hope this is of help.Regards,Samsung Indiasee less",0,16-05-2022
B08HZ5XQD3,model manufacturing year,2019,0,15-06-2022
B08HZ5XQD3,what are samsung washing machine models with automatic and non inverter?,Wa65a4022ns,0,12-04-2022
B08HZ5XQD3,Witch as real prise in samsung dimond drupm 6.5 kg washing mashin,Prices are changing day to day. You can get same item at low cost as you see today.,0,22-07-2022
B09KGY7S81,Can we only dry clothes without washing them in this machine,"Yes, you can.",0,07-07-2022
B09KGY7S81,Which year model is this?,2022 this may 22nd model,0,29-05-2022
B09KGY7S81,"what is the difference between net dimension and product diamension, your team making total confusion",मुझे समझ नही आया आप फोन कर सकते है,0,24-05-2022
B09KGY7S81,What is the actual   dimension of ww70t4020ee1tl,Simply super... quality is excellent,0,30-05-2022
B09KGY7S81,Is there only Spin function in this machine means if I want to spin the clothes only is it possible,Yes there is a drier option is there.,0,31-05-2022
B09KGY7S81,Auto restart is there,Yes in case of power cut it will resume from last left time.,0,21-05-2022
B09KGY7S81,Does this machine stop when water is not available and resume when water becomes available?,When water is not available it will throw an error and stop washing the cloth.,0,21-05-2022
B09KGY7S81,What is the minimum water pressure required?,normal pressure,0,26-04-2022
B09KGY7S81,This is direct drive?,Yes,0,21-04-2022
B09KGY7S81,Is it belt driven or shaft driven?,It’s direct drive,0,21-04-2022
B09KGY7S81,[wronginfo] how can the lxwxh is in 5.5x6x8.9 meters ? i mean in meter ?,I think in feets.,-1,22-04-2022
B09KGY7S81,Does 2022 model have ecobubble?,No,0,14-04-2022
B09KGY7S81,What kind of drives ?....belt drive or direct drive,Direct drive,0,21-04-2022
B09KGY7S81,What is smart check option available with this modeland how does this feature works?,Based on weight of the cloths and it indicates some signs on display with red.,0,22-04-2022
B09KGY7S81,Hot water inbuilt heater is available,Yes,0,22-04-2022
B09KGY7S81,Does this product have 5 star ratings ?,"Dear Customer,Washing machine Model WW70T4020EE1TL comes with 5 Star Energy efficiency and digital inverter motor. DIT offers less noise and a long-lasting performance. Hope this is of help.Regards,Samsung Indiasee less",0,16-05-2022
B09KGY7S81,Can we adjust duration of soaking?,Yes,0,22-07-2022
B09KGY7S81,How to find 2022 and 2021 model  different,It is available at description and specifications,0,24-07-2022
B09KGY7S81,Motor warranty and product warranty?,Motor I think 3yrs and product is 1yr,0,24-07-2022
B09KGY7S81,Can i set the cycle for 30mins,Yes,0,24-07-2022
B09KGY7S81,What is difference in front lod and top load,Please Google it,0,24-07-2022
B09KGVKZXS,Is there pause and add feature,"Yes ,it has..",0,01-07-2022
B09KGVKZXS,Touch panel?,Yes,0,18-06-2022
B09KGVKZXS,Ceramic coated heater there or not,"Dear Customer,Yes, Ceramic heater is available in this Washing machine model. Hope this is of help.Regards,Samsung Indiasee less",0,15-06-2022
B09KGVKZXS,Does it display load?,"Dear Customer,Once you set the cycle you want, the screen displays a brief cycle description, maximum laundry load, and cycle time. You can also check the cycle progress, remaining cycle time, and information codes. Hope this is of help.Regards,Samsung Indiasee less",0,15-06-2022
B09KGVKZXS,Can i use without wifi connection,Yes brother,0,07-06-2022
B09KGVKZXS,Is this work on house inverter,"Dear Customer,Power consumption (Washing and heating) of this Washing machine model is 1900-2300 W. Hence it is advisable to not use with Home Inverter. Hope this is of help.Regards,Samsung Indiasee less",0,16-06-2022
B09KGVKZXS,Is this machine a belt driven or direct driven motor?,"Dear Customer,This model comes with direct drive digital inverter motor. Digital Inverter Technology utilizes strong magnets for a quieter and more powerful performance, but consumes less energy than a Universal Motor. By eliminating the use of brushes, it provides outstanding durability – backed-up by a 10 year warranty. Hope this is of help.Regards,Samsung Indiasee less",0,16-06-2022
B09KGVKZXS,Can i operate it without using phone also ?,Yes it can be . One of the best washing machine.,0,13-05-2022
B09KGVKZXS,In built heater is there,Yes,0,13-05-2022
B09KGVKZXS,Is there a notification of wash cycle end in SmartThings app,Yes,0,14-07-2022
B09KGVKZXS,Is there steam washing mode?,S,0,14-07-2022
B09KGVKZXS,Can this washing machine removes stains on collar?,"S,i have checked twice... It is working good",0,14-07-2022
B09KGVKZXS,Is this 1400 rpm or 1200 rpm?.. You mentioned 2 rpms,1400 max,0,14-07-2022
B09KGVKZXS,Howmany was programs?,21,0,15-07-2022
B09KGVKZXS,Does it comes with Rat mesh?,Yes and washing quality super like hand wash,0,23-07-2022
B09KGVKZXS,Does it require stabilizer?,No needed because you are not using 24/7,0,23-07-2022
B09KGVKZXS,Noise in db,I am not sure but very less noises compared others,0,23-07-2022
B09KGVKZXS,where is this product built? How about the spare part support?,Every thing good,0,23-07-2022
B09KGVKZXS,Is there an auto restart feature?,Yes,0,23-07-2022
B09KGVKZXS,Is this 2022  model,Yes,0,25-07-2022
B09KGVKZXS,It has ecobubble technologh or not,Yes it has ecobubble technology.,0,25-07-2022
B09KGVKZXS,Can it be installed on a stand ?,Yes,0,25-07-2022
B084LGQKD7,Is it having dryer with Iron?,"It has a dryer, which dries up to 90%. There is no washing machine which irons.",0,05-07-2022
B084LGQKD7,My clothes are damp after all kinds of different cycles. How do I change the settings to make them fully dry ?,No machine dries 100%. Try setting the dryer RPM to 1000 cycles per minute,0,05-07-2022
B084LGQKD7,Is there a inbuilt water softener for hard water wash? Or is it recommended to use a external water softener?,These are baseless questions which I donot think any relevant if you have a free flowing water then these things donot come up,0,21-06-2022
B084LGQKD7,Is there a facility to soften water/treat hard/salt water in built? If not what other options do I need externally to ensure good maintenance? Thanks,"Dear Customer,You can use hard water in this Washing machine model with softener for best results. Also clean the drum with dry cloth once washing cycle is complete. Hope this is of help.Regards,Samsung Indiasee less",0,15-06-2022
B084LGQKD7,Volume of the tank,"Dear Customer,Washing Capacity of this Washing Machine model is 6.0 kg. Hope this is of help.Regards,Samsung Indiasee less",0,15-06-2022
B084LGQKD7,I do not have a power socket near where I can keep the washing machine. Will this machine work if I use an extension cable?,"Dear Customer,You can use extension cord however it is advisable to not use any other appliance in the cord when using Washing Machine. Hope this is of help.Regards,Samsung Indiasee less",0,15-06-2022
B084LGQKD7,Do we have to plug direct to the wall power socket or can we use plug it to the extension?,"Dear Customer,In case the power socket is far from Installation site of Washing Machine you can use extension cord however it is advisable to not use any other appliance in the cord when using Washing Machine. Best will be to use with power socket directly. Hope this is of help.Regards,Samsung Indiasee less",0,15-06-2022
B084LGQKD7,Inverter pcb under guarantee?,"Dear Customer,You will get 3 years comprehensive warranty on product which include internal parts and 10 years warranty on motor from Samsung India. Onsite warranty will be available with this product. Hope this is of help.Regards,Samsung Indiasee less",0,15-06-2022
B084LGQKD7,This product is which year of manufacturer ?? Also when is available 2022 year manufacturer model ??,"Dear Customer,This Model was launched in 2020 however you will get latest model as per availability. Hope this is of help.Regards,Samsung Indiasee less",0,16-06-2022
B084LGQKD7,What is wattage?,0.09 wts/kg/cycle,0,29-05-2022
B084LGQKD7,5amo/15amp,15 amp,0,06-06-2022
B084LGQKD7,Do the clothes tear in the drum?,No. So far never happened. We used regular n formal wear...All r good,0,20-05-2022
B084LGQKD7,Does it have a place to put conditioner ?,"Dear Customer,Yes, This washing machine model comes with a detergent and softener compartment.Regards,Samsung Indiasee less",0,23-06-2022
B084LGQKD7,Can we wash through cold water in cotton cycle,Yes,0,20-05-2022
B084LGQKD7,Can we use ground water for washing clothes in this machine,You should have an inlet,0,20-05-2022
B084LGQKD7,Motor will made by copper or silver?,Copper,0,20-05-2022
B084LGQKD7,In which compartment to insert liquid detergent?? In main wash or prewash,Main wash,0,06-06-2022
B084LGQKD7,Shiping charges,Free,0,06-06-2022
B084LGQKD7,what is the difference from similar model (newer and bit expensive) starting with WW61?,"Dear Customer,You can check and compare feature of both models through Samsung India official webpage. However both are 5 Star Rated and comes in 6 kg Capacity. Hope this is of help.Regards,Samsung Indiasee less",0,16-05-2022
B084LGQKD7,मशीन में सर्विस की जरूरत,"In 2 years, I needed to get service once and that was a small issue due to hard water quality at my place.",0,21-07-2022
B084LGQKD7,Is a spin cancel option available?,"Spin is an integral part of wash, used to wring the clothes of detergent. It cannot be cancelled. However, the spin in the last cycle of wash, which is for drying, can be cancelled before you start the wash.",0,24-07-2022
B084LGQKD7,Is cremaic heater a coted one?,"Yes ceramic coated heater, so scaling of the heating element by hard water is minimized.",0,24-07-2022
B084LGQKD7,How much litres of water required to wash fifteen clothes,"The load is calculated in kgs, not number of clothes. For a load of 6 kgs, it takes 35 to 45 liters, depending upon the wash cycle chosen.",0,24-07-2022
B084LGQKD7,This machine have a try wash,"You mean, dry wash?",0,24-07-2022
B084LGQKD7,Is there a inbuilt water softener for hard water wash? Or is it recommended to use a external water softener?,"Dear Customer,You can wash clothes in hard water. To make washing efficient you can add softeners. Hope this is of help.Regards,Samsung Indiasee less",0,28-07-2022
B084LGQKD7,Does this washing machine have Self tub cleaning feature?,"Dear Customer,Thank you for your query. This Washing machine model is not available with Drum Clean feature. You can opt for model WW70T4020EE1TL having a drum clean feature. Hope this is of help.Regards,Samsung Indiasee less",0,28-07-2022
B084LGQKD7,How do I know where to use liquid detergent and powder out of three partion trays,In left large compartment,0,31-07-2022
B084LGQKD7,Manufacturing year?,"Dear Customer,This Model is available since 2020 however you will get latest model as per the availability. Hope this is of help.Regards,Samsung Indiasee less",0,03-08-2022
B084LGQKD7,Is a spin cancel option available?,"Dear Customer,To cancel spin cycle press spin button till it shows light on stop spin cycle icon. Hope this is of help.Regards,Samsung Indiasee less",0,03-08-2022
B084LGQKD7,How much litres of water required to wash fifteen clothes,"Dear Customer,This fully automatic Front load washing machine water consumption is ~55L (for cotton course). [ for max loading: 6kg*9L = 54L ] Rest will vary depending on load and course. In general, water and energy consumption is more efficient (lesser) than top loading and semi automatic machines. Hope this is of help.Regards,Samsung Indiasee less",0,03-08-2022
B084LGQKD7,How to use and how it’s work washing machine,"Dear Customer,Onsite Installation/Demo will be provided by service engineer. Also it comes with user manual which you can refer while operating. It comes with 11 cycles depending washing type required. Cycles are  15' Quick Wash , Cotton, Daily Wash, Delicates, Denim, Hygiene Steam, Option List (Pre Wash, Intensive, Rinse+), Rinse + Spin, Spin, Synthetics and wool. Hope this is of help.Regards,Samsung Indiasee less",0,03-08-2022
B084LGQKD7,This machine have a try wash,"Dear Customer,This fully automatic front load washing machine has 11 cycles depending washing type required. Cycles are  15' Quick Wash , Cotton, Daily Wash, Delicates, Denim, Hygiene Steam, Option List (Pre Wash, Intensive, Rinse+), Rinse + Spin, Spin, Synthetics and wool. Hope this is of help.Regards,Samsung Indiasee less",0,03-08-2022
B084LGQKD7,Is it having dryer with Iron?,"Dear Customer,Thank you for your query. This washing machine model is not available with Dryer with iron. There is Spin cycle available to remove moisture from clothes.  Hope this is of help.Regards,Samsung Indiasee less",0,03-08-2022
B09T6NX8W2,What is mator wattage  use in it,500 W,0,25-05-2022
B09T6NX8W2,Kiya eski moter copper ki hai,पता नहीं।,0,25-05-2022
B09T6NX8W2,Kya macanic bhi aayega fiting kane ghar pe,"Fitting ya installation ki koi zaroorat nahi hai. Machine aapke paas puri tarike se ready deliver hogi, aapko sirf chalana hai",0,25-05-2022
B09T6NX8W2,Will the product be installed as well?,"Installation nit required, plug it and use",0,25-05-2022
B09T6NX8W2,Fibralon body,Fibre body,0,25-05-2022
B08ZJJZDMP,Alaram is there  after washing completion,yes,0,19-06-2022
B08ZJJZDMP,model year,2022,0,15-06-2022
B08ZJJZDMP,Installation is free??,Free,0,15-06-2022
B08QNZTQ96,How much time it takes un quick wash,Around 35 min for normal dirty clothes,0,22-05-2022
B08QNZTQ96,Its Airdrier mation,It's purely bad product. Functions not working properly. Making lot of sound. I'm not able to contact service people as well. Machine not taking,0,21-05-2022
B08QNZTQ96,How to contact customer care ?,I'm not able to connect customer care as well,0,21-05-2022
B08QNZTQ96,"For emi ,initially we should pay anything?",Emi and all ok,0,21-05-2022
B08QNZTQ96,Is this a invertor motor washing machine,Yes,0,21-05-2022
B08QNZTQ96,Exchange offer at burdwan golapbag available or not??,Not available,0,21-05-2022
B08QNZTQ96,Will I get the latest 2022 model?,Check with Amazon,0,14-07-2022
B07NXCK997,How many Watt?,360watt,0,11-05-2022
B07NXCK997,Can we dry the cloths with heat?,"No only rinse n spin u need to dry outside which will dry in an hour depend on weather conditions, heater is to heat the water for washing",0,11-05-2022
B07NXCK997,Steel or Stainless steel material drum?,Stainless steel drum,0,11-05-2022
B07NXCK997,Can i wash hand made blanket?,Yes,0,11-05-2022
B07NXCK997,Any type of detergent used,Yes u can use any type detergent liquid,0,15-04-2022
B07NXCK997,How to use in detail,U can goto whirlpool website and from there download the manuals or check whirlpool youtube channel they hav posted videos showing how to use,0,29-07-2022
B07NXCK997,If we get any damage within 2 years how can we claim warrenty,Just contact the service centre they will come to home n will replace the damaged part,0,29-07-2022
B07NXCK997,How to use in detail,It works as normal refrigerator. Nothing special in operation,0,30-07-2022
B07NXCK997,What is the model no ?,Mentioned in the decription,0,31-07-2022
B07NXCK997,manufacturing 2022?,"No, Manufacturing year is 2021",0,31-07-2022
B08SMC7R5S,Does it have wheels,Yes,0,27-05-2022
B08CN7RZ6R,How can i assure that hydrilic window or top is opening ?,I assured,0,02-06-2022
B08L3HH6SC,Pause & reload option available?,Yes,0,18-04-2022
B08L3HH6SC,What is the percentage of drying? Does it dry clothes 100%?,60% to 70% in case of cotton or mix clothes,0,16-04-2022
B08L3HH6SC,Is it with inverter technology ?,No,0,16-04-2022
B08DDTG2XX,Do we have to use descaller powder to  clean the drum,Use vinegar for drum cleaning,0,30-06-2022
B08DDTG2XX,Is it Direct drive or belt drive?,Belt,0,30-06-2022
B08DDTG2XX,Does this washing machine have self tub clean feature?,Yes,0,19-06-2022
B08DDTG2XX,Wash type tumble or pulsator?,Tumble,0,30-06-2022
B08DDTG2XX,Will it restart from where it stopped when power restored?,Yes,0,16-06-2022
B08DDTG2XX,What is minimum water pressure required at Inlet of the Washing m/c?,Water inlet will be of normal pressure & the machine will take the desired quantity automatically,0,29-04-2022
B08DDTG2XX,"[wronginfo] the dimensions in images is lxw is 45x60 which is increased to 56x60 in the details below, what actually is the dimension ??",45×60,0,25-04-2022
B08DDTG2XX,What kind water supply require,Soft water is good but still hard water will work. Proper cleaning is required due to scaling,0,29-04-2022
B08DDTG2XX,Is it available hot water system?,Yes,0,29-04-2022
B08DDTG2XX,Will i get samsung warranty card while delivery,Yes,0,29-04-2022
B08DDTG2XX,Whether instalation  will be done,Yes,0,29-04-2022
B08GY3PZQF,Is installation included?,Yes of course.,0,03-07-2022
B08GY3PZQF,Samsung service man told me to don't use trolley. If i use trolley and machine get some problem it will out of warranty.,Spinning problem,0,29-06-2022
B08GY3PZQF,Emi pe kaise le,Credit Card ya debit card ley saktey hoo,0,29-06-2022
B08GY3PZQF,Can we move it easily from one place to another one,You should buy wheel stand.,0,28-06-2022
B08GY3PZQF,This washing machine have waterfall function,Credit card ya debit card ley saktey hoo,0,29-06-2022
B08GY3PZQF,Does it also has dryer ?,Yes,0,26-06-2022
B08GY3PZQF,How long is the power chord,As long as it’s required. Standard length.,0,23-06-2022
B08GY3PZQF,"Is this machine suitable for jeans , blanket, sweater . If yes, which progrrmme should we select ?? Plzz reply","Dear Customer,You can wash Blanket, Jeans, Cotton etc fabrics laundry in this Top Load Washing machine model. You can select normal wash cycle for same. For fabrics like Wool, Silk, Linen and embroidery you can choose delicate wash cycle for best results. Hope this is of help.Regards,Samsung Indiasee less",0,15-06-2022
B08GY3PZQF,Is tub stainless steel?,No,0,12-06-2022
B08GY3PZQF,What is the name of center part inside the drum?,"Dear Customer,This Washing Machine Model comes with Center Jet Pulsator. Jets of water generating from the center of the pulsator which improves washing effectiveness by lifting any clothes that falls down onto the surface of the pulsator and thus preventing tangled laundry. Hope this is of help.Regards,Samsung Indiasee less",0,15-06-2022
B08GY3PZQF,This model Have wobble technology or not?,"Dear Customer,Thank you for your query. This Washing machine is not available with Wobble Technology. It comes with Center Jet Pulsator. Jets of water generating from the center of the pulsator which improves washing effectiveness by lifting any clothes that falls down onto the surface of the pulsator and thus preventing tangled laundry. Hope this is of help.Regards,Samsung Indiasee less",0,15-06-2022
B08GY3PZQF,"How much time it will take for normal wash in samsung auto washing machine, for me it will take 90 minutes",Superb 👍 very good 😊👍,0,10-06-2022
B08GY3PZQF,It will dry clothes automatically after washing?,The machine will only rinse your clothes. You need to hang them up for drying.,0,05-06-2022
B08GY3PZQF,Can i open lid in middle of a cycle ?,"Yes, you can.",0,03-06-2022
B08GY3PZQF,Is this machine dries clothes completely,"No, upto 90%",0,03-06-2022
B08GY3PZQF,Exchang offer,Superb 👌 thank u,0,01-06-2022
B08GY3PZQF,Will they provide extra length of inlet and oulet pipe if required.. During installation,They supply a fixed length (maybe 1.5 mt). The person coming to install can get you longer pipes for water inlet and waste water outflow too. Excellent product and service!,0,28-05-2022
B08GY3PZQF,Can I run this refrigerator on 200ah battery with 900va Inverter?,Thanks 👍 superb,0,01-06-2022
B08GY3PZQF,what is the size of washing machine tub?,20L,0,03-06-2022
B08GY3PZQF,Manufacturing date?,"I recently bought this machine it’s been 15 days working perfectly, good quality as expected just go for it.",0,22-05-2022
B08GY3PZQF,Is it Samsung wooble technology,I dont know. But dont buy samsung product at all. The service is beyond sadness. Installation will happen at the speed of SBI Loan process,0,19-05-2022
B08GY3PZQF,How to claim warrenty in case of motor fault?,"Dear Customer,You can claim warranty through Electronic Bill received on Email/Hard Copy received with product, warranty can be claimed from nearest Samsung authorized service center or call our support team on toll free number 1800-40-7267864 and whats app number 1800-5-7267864. Hope this is of help.Regards,Samsung Indiasee less",0,23-06-2022
B08GY3PZQF,Is the machine water resistant?,Yes,0,15-05-2022
B08GY3PZQF,Can i get it delivered in different city and installation in different city?,Yes,0,15-05-2022
B08GY3PZQF,What will be total warranty of motor? 4 year?s,"Dear Customer,You will get 2 Year comprehensive warranty on product which includes motor warranty. Hope this is of help.Regards,Samsung Indiasee less",0,23-06-2022
B08GY3PZQF,Can we get till 10th of may pin vode 444001?,Superb 👍 thank you,0,10-06-2022
B08GY3PZQF,Any hidden charges?,Hidden sadness? Yes.,0,19-05-2022
B08GY3PZQF,Delivery to 416114,Superb,0,10-06-2022
B08GY3PZQF,can i turn off somehow this beep sound in the end of washing? I don't want to hear this sound,Use cotton,0,02-05-2022
B08GY3PZQF,What is procedure for machine service,Contact Customer care,0,02-05-2022
B08GY3PZQF,"Who will delivered this product delivery partners like (Ecom , Delivery) or Amazon",Concrete on product not delivery partner,0,02-05-2022
B08GY3PZQF,Can someone tell me how it is used in brief??? And does it also dry the clothes or how is it done ?,"Dryer is good but you have to expose to o open air 4 to five hours, in direct Sun light one two two hours. Buy it and experience the   process very simple no rocket science.",0,02-05-2022
B08GY3PZQF,What is the Energy rating of this product?,3star,0,26-04-2022
B08GY3PZQF,Is it working in low water presure,May be,0,02-05-2022
B08GY3PZQF,"What is the total warranty on motor? at some places, it is 10 years and at others, it is just 2 years. whom to believe.",Let them stamp the warranty card first,0,19-05-2022
B08GY3PZQF,Warranty period is not mentioned on warranty card,Superb 👍 thank you,0,10-06-2022
B08GY3PZQF,Is this model can work if select only Wash and rinse?,May be,0,13-04-2022
B08GY3PZQF,Does it have baby care?,"Yes,it is baby care.",0,13-04-2022
B08GY3PZQF,Which model year?,2022,0,13-04-2022
B08GY3PZQF,Is there any installation cost?,Insallation is fully free of cost,0,11-04-2022
B08GY3PZQF,Any hidden cost during installation?,Insallation only free of cosy,0,11-04-2022
B08GY3PZQF,"Cost for installation? Like tap, powder etc.",Insallation free of cost,0,11-04-2022
B08GY3PZQF,Do this machine has floor balance adjuster??,Yes,0,11-04-2022
B08GY3PZQF,Why promotional code deleted,sellers choice,0,14-04-2022
B08GY3PZQF,What is the benefit of this product for prime membership,Speedy delivery and savings.,0,11-04-2022
B08GY3PZQF,This machine can load inverter connection,Yes,0,13-04-2022
B08GY3PZQF,I need Pay on delivery.,No.,0,13-04-2022
B08GY3PZQF,"Which washing powder to be used in this machine's tub,to make it clean?","Dear Customer,You can use any Brand Detergent power or Liquid for Washing purpose meant for Top Load Washing Machine. Most of the brands mention if the product is suitable for Top Load Washing. Hope this is of help.Regards,Samsung Indiasee less",0,01-06-2022
B08GY3PZQF,This washing machine having dryer?,"Dear Customer,Thank you for your query. Spin Cycle is available which removes moisture from clothes after washing. Hope this is of help.Regards,Samsung Indiasee less",0,01-06-2022
B08GY3PZQF,"What is the exact warranty policy associated with this specific product? (Samsung India website says 120 months warranty, right?)","Dear Customer,You will get 2 years warranty on product and 2 years warranty on motor from Samsung India. Samsung India Official webpage showing same warranty details. For more details you can contact our support team on toll free number 1800-40-7267864 and whats app number 1800-5-7267864. Hope this is of help.Regards,Samsung Indiasee less",0,01-06-2022
B08GY3PZQF,"Is that dry washing there,","Dear Customer,Thank you for your query. Air Wash Feature is not available in this Washing Machine model. There is Spin Cycle available which removes moisture from clothes and make laundry dry. Hope this is of help.Regards,Samsung Indiasee less",0,16-05-2022
B08GY3PZQF,How much the warrnaty period for motor 2 or 10 years. And if 2 years how to extend it?,2 yrs,0,11-04-2022
B08GY3PZQF,One double bed quilt wash in this machine?,Yes if it's not too heavy,0,13-04-2022
B08GY3PZQF,How to drain water if I do not select Spin function ?,"Dear Customer,The Rinse Cycle will automatically work to drain soapy water out. Also you can select Rinse cycle manually. Hope this is of help.Regards,Samsung Indiasee less",0,16-05-2022
B08GY3PZQF,How many Stars,3,0,11-04-2022
B08GY3PZQF,Does this have a dryer ?,Yes it has dryer... it is a fully automatic washing machine...,0,12-07-2022
B08GY3PZQF,Used this machine twice or thrice since my purchase a month ago and the machine wont switch on today so any idea on how to claim warranty,Call the call center,0,12-07-2022
B08GY3PZQF,Will I receive the new model ?,Yes,0,12-07-2022
B08GY3PZQF,Automatic meaning wash rinse spin and even dry?,Correct,0,16-07-2022
B08GY3PZQF,Samsung provide 10 year  warranty on motor but hear only 4 year why,Additional,0,16-07-2022
B08GY3PZQF,What is finial price to purchage the washing machine at 17/7/22,13500,0,17-07-2022
B08GY3PZQF,Tub is steel or plastic,Stanless steel daimond cut design,0,23-07-2022
B08GY3PZQF,Does machine stop if the water pressure is low ?,No,0,23-07-2022
B08GY3PZQF,What is energy saving rating?,"Compared to the earlier machines, i am giving my opinion... 1. Against 2 hrs washing time for 5.5kg, it takes less than an hour to wash 6.5kg 2. It takes lesser water 3. Very clean wash 3. Very low noise even during final spin... and relatively at a shorter time... hope got the reply...lower running time and a good wash... subject to less than 17 days observation, as of now...see less",0,28-07-2022
B08GY3PZQF,Kya spin cancellation ka provision h iss model m,This machine shows each stage of washing in normal mode. You may manually switch off at any stage. So you may stop in spin mode.  Power saver mode also may be used. This is my opinion  as per my understanding of the machine as explained to me by the person who came to install the machine from the company and l am not an expert or technically qualified person.see less,0,03-08-2022
B08GY3PZQF,What is energy saving rating?,"Dear Customer,Thank you for your query. This model is not applicable for energy star rating. However it comes with energy-saving cycle which helps save energy without compromising in wash quality. Hope this is of help.Regards,Samsung Indiasee less",0,03-08-2022
B08GY3PZQF,Is it dry cloth also?,"Dear Customer,This Washing Machine comes with Spin cycle to remove moisture from laundry. It also comes with Monsoon cycle to speed up drying process. Hope this is of help.Regards,Samsung Indiasee less",0,03-08-2022
B08GY3PZQF,Tub is steel or plastic,"Dear Customer,This Washing machine model drum is made of stainless steel. Diamond Drum’s unique “soft curl”design washes clothes very effectively, while treating them with care. Its smooth,diamond-shaped ridges are gentle on even delicate items. The small water exit holes also prevent fabric from becoming trapped and damaged. Hope this is of help.Regards,Samsung Indiasee less",0,03-08-2022
B08GY3PZQF,Does machine stop if the water pressure is low ?,"Dear Customer,Low water pressure will work however it may take time to fill water for washing and start washing cycle. Desired water pressure requirement (Mpa (kg.f/cm2)) of this model is 0.05-0.78 (0.5-8.0) . Hope this is of help.Regards,Samsung Indiasee less",0,03-08-2022
B08GY3PZQF,WHat is the energy saving rating for this model ?,"Dear Customer,Thank you for your query. This model is not applicable for energy star rating. However it comes with energy saving cycle which helps save energy without compromising in wash quality. Hope this is of help.Regards,Samsung Indiasee less",0,03-08-2022
B08GY3PZQF,what is the manufacturing date of the said washing machine?,"Dear Customer,This model was first available in 2020 however you will get latest stock depending upon availability. Hope this is of help.Regards,Samsung Indiasee less",0,03-08-2022
B08GY3PZQF,What is finial price to purchage the washing machine at 17/7/22,"Dear Customer,To check price after discount please visit Amazon webpage of this model. You can also check additional offers like exchange or card offers. Hope this is of help.Regards,Samsung Indiasee less",0,03-08-2022
B0861BRS3B,Does the lid come down slowly or does it just drops down?,"Dear Customer,Thank you for your query. This Washing Machine model is not available with soft closing door. However it comes with Tempered Glass Window providing durability to door lid. Hope this is of help.Regards,Samsung Indiasee less",0,15-06-2022
B0861BRS3B,My machine manufacturing year,2021,0,08-06-2022
B0861BRS3B,Hard water can be use by this machine?,"Yes, but more frequent service might be needed",0,09-06-2022
B0861BRS3B,Is Hitter available in this machine?,"Dear Customer,Thank you for your query. Automatic temperature control feature is not available. You can use hot water in this fully automatic washing machine however temperature should be equal to or below 50°C. Hope this is of help.Regards,Samsung Indiasee less",0,16-06-2022
B0861BRS3B,Is any problem using bore water,Bore water contains Hard Water Which means it will take more water and the cleaning efficiency will be less !! But yes u can use !!,0,27-05-2022
B0861BRS3B,"During Power cut, is it have memory for again start automatically where it finish ? How to set or test. It is not work for me.",Yes automatic work start after power cut where we left,0,30-05-2022
B0861BRS3B,Warranty on site hai kya,"Dear Customer,Yes, Onsite warranty is available for this model from Samsung India. Hope this is of help.Regards,Samsung Indiasee less",0,23-06-2022
B0861BRS3B,What are installation charges? Is purchase of accessories mandatory from installation engineer?,Dont buy it. Its a defective piece,0,14-05-2022
B0861BRS3B,Dose it works with salt water?,No,0,10-05-2022
B0861BRS3B,Its a inventor washing machine?,"Dear Customer,This model has inbuilt digital inverter technology which gives you greater energy efficiency, less noise and long-lasting performance. Digital inverter technology uses strong magnets for a quieter and more powerful performance, but consumes less energy. It provides outstanding durability, backed up by 12 years warranty on motor. Hope this is of help.Regards,Samsung Indiasee less",0,23-06-2022
B0861BRS3B,Drains by gravity via valve of with pump where drain pipe is kept at 100cm,"Dear Customer,Thank you for  your query. A standpipe in height of 90-100 cm is recommended. The drain hose must be connected through the hose clip to the standpipe, and the standpipe must fully cover the drain hose. At the time of installation our service engineer will assist with best possible drainage setting during installation.Hope this is  of help.Regards,Samsung Indiasee less",0,23-06-2022
B0861BRS3B,Drain position,Backside,0,17-05-2022
B0861BRS3B,How to book exchange of old washing machine to new samsung washing machine?,Already available on Amazon,0,11-05-2022
B0861BRS3B,Does it drying,Yes it does drying,0,03-05-2022
B0861BRS3B,Can we adjust water level as per our requirement,It is automatic and it uses its own logic to adjust water level based on the cloths inside,0,03-05-2022
B0861BRS3B,Can we use hard water in this washing machine?,"Dear Customer,You can use hard water for laundry washing. For best results, you can use a softener. Also periodically run Eco Tub Clean cycle. Eco Drum Clean technology keeps your front load washer fresh without using harsh chemicals. And it can even notify you automatically when it needs cleaning. Hope this is of help.Regards,Samsung Indiasee less",0,23-06-2022
B0861BRS3B,If noone calls for installation..who shld we contact ????,Amazon customer care first and then try with Samsung customer care,0,03-05-2022
B0861BRS3B,this machine have in built heater,No,0,03-05-2022
B0861BRS3B,"Is there any Warranty card ,I may have not received it.can I get some pictures",Yes available in box,0,11-05-2022
B0861BRS3B,Hot water available?,No,0,17-05-2022
B0861BRS3B,Does the machine has other colours,Couldn't find any other colors,0,17-05-2022
B0861BRS3B,Where we can add surf in it,there is a place written Detergent !! u can place it there,0,27-05-2022
B0861BRS3B,How many liters of water required for 7kg machine 1 wash?,It takes water automatically,0,27-05-2022
B0861BRS3B,After activation child lock can we deactivate or not and machine cycle working start when it was stopped or not ?,"Dear Customer,You can activate or De-activate child lock without interfering the Washing Cycle which is running. Hope this is of help.Regards,Samsung Indiasee less",0,01-06-2022
B0861BRS3B,Hot water wash available or not,"Dear Customer,Thank you for your query. In-Built Heater is not available in this Washing Machine model. However you can use hot water in this fully automatic washing machine having temperature range equal to or below 50°C. Hope this is of help.Regards,Samsung Indiasee less",0,01-06-2022
B0861BRS3B,Can wash cycles timing be changed?,"Dear Customer,Yes, You can change Water Level, Wash Time, Rinse Time and Spin Time Manually. Hope this is of help.Regards,Samsung Indiasee less",0,16-05-2022
B0861BRS3B,Suitable for hard water or salty water,"Dear Customer,You can use hard water for washing however softner is advisable and using descaler meant for Washing machine. Also periodically run Eco Tub Clean cycle. Eco Drum Clean technology keeps your front load washer fresh without using harsh chemicals. And it can even notify you automatically when it needs cleaning. Hope this is of help.Regards,Samsung Indiasee less",0,16-05-2022
B0861BRS3B,Does it dry the clothe,Yes there is a spin dry programme.,0,09-07-2022
B0861BRS3B,Please tell me anyone which washing machine is best,That is a very generic question to answer. This Samsung fully automatic model is quite good. Very silent and couple of new features like monsoon drying etc.. Value for money,0,13-07-2022
B0861BRS3B,Clothes remain wet after spin.. Not sure how to solve this issue..,They won't dry fully. You still have to put it out for drying. Ensure that nothing is blocking the water outlet pipe or that pipe is not clogged. And it is lower level than washing machine.,0,13-07-2022
B0861BRS3B,Can I use bucket water instead of tap optionally I mean once in a while?,Yes you can,0,17-07-2022
B0861BRS3B,Can we delay installation at our conveninet time and date as I am not avialable at home for 3-4 days after delivery ?,"Yes, installation can be scheduled. You will received a call from local service centre and they would ask uou about uohr preferred date and time to schedule the installation.",0,17-07-2022
B0861BRS3B,Product name,"Samsung 7 Kg, 5 star fully automatic inverter washing machine with roller at bottom to keep your washed clothes tangle free.",0,17-07-2022
B0861BRS3B,How to change the delivery date,Call customer care and reschedule,0,17-07-2022
B0861BRS3B,Is this 5 Star rating and does it have inverter built into it?,No inverter built into it its washing machine only,0,17-07-2022
B0861BRS3B,Which year model is this? 2021 or 2022?,2021,0,23-07-2022
B0861BRS3B,How many programs available in this washing machine,"Dear Customer,This washing machine comes with 10 cycles i.e. Aqua Preserve, Delicates, Eco Tub Clean, Energy Saving, Jeans, Normal, Option List (Drain, Adjustable Wash, Rinse, Spin), Quick Wash, Rinse + Spin and Super Clean. Hope this is of help.Regards,Samsung Indiasee less",0,28-07-2022
B0861BRS3B,What's the minimum wash time?,You can do a quick wash of 15mins,0,02-08-2022
B0861BRS3B,Can I Installation it self without avoiding warranty.,"Dear Customer,Installation by Samsung authorized service engineer is recommended. You get a call from support team to book installation request as per your convenient date and time slot. Hope this is of help.Regards,Samsung Indiasee less",0,03-08-2022
B0861BRS3B,Is human interface is button,"Dear Customer,Yes, touch panel is available for controlling and selecting wash cycles as per requirement. Hope this is of help.Regards,Samsung Indiasee less",0,03-08-2022
B0861BRS3B,Which year model is this? 2021 or 2022?,"Dear Customer,This washing machine model is available from 2020 however you will get latest stock as per the availability. Hope this is of help.Regards,Samsung Indiasee less",0,03-08-2022
B0861BRS3B,Only drying is possible,"Dear Customer,You can select Spin cycle/monsoon cycle manually to speed up the drying process. Hope this is of help.Regards,Samsung Indiasee less",0,03-08-2022
B0861BRS3B,Can I use bucket water instead of tap optionally I mean once in a while?,"Dear Customer,In This Samsung fully automotic washing machine water is taken automatically depending upon laundry load however you can also select water level manually as per requirement. Pouring water through bucket is not advisable. Hope this is of help.Regards,Samsung Indiasee less",0,03-08-2022
B0861BRS3B,Does it dry the clothe,"Dear Customer,Thank you for your query. Dryer feature is not available in this Top load fully automatic washing machine. Spin cycle is available to remove moisture from laundry after washing. Also you can select monsoon cycle to speed up the drying process. Hope this is of help.Regards,Samsung Indiasee less",0,03-08-2022
B0861BRS3B,"If we order now,Will you deliver 2022 manufactured product?","Dear Customer,This model is available from 2020 however you will get the latest stock as per availability. Hope this is of help.Regards,Samsung Indiasee less",0,03-08-2022
B0861BRS3B,Is this 5 Star rating and does it have inverter built into it?,"Dear Customer,Yes, This washing machine comes with 5 Star energy rating that comes with digital inverter technology motor which gives you greater energy efficiency, less noise and long-lasting performance. Digital inverter technology uses strong magnets for a quieter and more powerful performance but consumes less energy. It provides outstanding durability, backed up by 12 years warranty on motor. Hope this is of help.Regards,Samsung Indiasee less",0,03-08-2022
B09T6NH99B,It have drier,Yes,0,05-07-2022
B09T6NH99B,क्या इसमे कपडा सुखाया जा सकता है।,सुखाना तो नहीं कहेंगे परंतु,0,04-06-2022
B09T6NH99B,Motor winding copper or aluminium?,Pur copper,0,31-07-2022
B09T6NH99B,Motor winding coppee or aluminium,Pure copper,0,31-07-2022
B09T6NH99B,Wash and drain motor dono ki warranty hai 5 year ki,Yes,0,31-07-2022
B09T6NH99B,Is it available for open box deleivery?,Yes,0,31-07-2022
B09T6NH99B,Power consumption,Very low,0,31-07-2022
B09T6NH99B,Supply of plastic cover to avoid dust ingress,Yes,0,31-07-2022
B09T6NH99B,Is this product is having outlet pipe to drain water?,Yes. It comes with one bundled.,0,02-08-2022
B08QP41KBP,क्या इसमें ब्लैंकेटdho सकते हैं,Yes small,0,27-04-2022
B083G1WGLF,Waranty kitni,It has 5 year warranty,0,20-06-2022
B083G1WGLF,Iski motor aluminum ki hai ya copper ki,"No sure, because it's completely covered with plastic",0,14-06-2022
B083G1WGLF,Is there a water selector knob (to switch water from wash to drain) on this product,Yes,0,12-06-2022
B083G1WGLF,What is the tub material? Stainless steel or plastic?,Plastic,0,19-05-2022
B083G1WGLF,What is material of the outer body?,Plastic,0,19-05-2022
B083G1WGLF,Warranty kitani hai,1 year,0,19-05-2022
B083G1WGLF,Is it 5star or not,No 0 star,0,19-05-2022
B083G1WGLF,Does impeller moves in both direction,Yes,0,19-05-2022
B083G1WGLF,Is this comes with Inbuilt heater,No,0,19-05-2022
B083G1WGLF,Can i use spin feature and drain same time,Yes,0,13-07-2022
B083G1WGLF,Isme dryer h kya,"इसमे water extractor है, जो पानी निचोड़ के आधे से ज्यादा सूखा देता है, it does not hav hot air dryer like tumble dryer",0,17-07-2022
B08D7RWNWK,Buzzer available in washing machine,Yes buzzer is available,0,02-06-2022
B07WGD8QQT,Where we claim warranty or services??,Whirlpool would help with warranty n services,0,18-06-2022
B07WGD8QQT,Can we return this machine smoothly if there is any damages from vendor?,Yes,0,18-06-2022
B07WGD8QQT,Is there technician comes or not for installation,Yes the technician will came from whirlpool side for installation and will guide you the process to use.,0,28-05-2022
B07WGD8QQT,My washing not move properly means work properly ...,Contact whirlpool,0,18-06-2022
B07WGD8QQT,how many king size bedsheets can be washed at a time,3 to 4,0,25-04-2022
B07WGD8QQT,Does it invade poland?,No,0,25-04-2022
B07WGD8QQT,Is it available inspection on door when deliver,Yes,0,25-04-2022
B07WGD8QQT,i like this washing machine and want to exchange it with the old one i have could you please suggest on how it can be done?,Choose your productTap on buy nowChoose the option to exchangeFill your detailsExchange price options will be shownChoose and place your ordersee less,0,25-04-2022
B07WGD8QQT,"When changing pipe from washer to drier, does it get messy? Is there any chance outside detergent can come back into tub when changing pipe?",Changing pipe is smoothly process.,0,19-07-2022
B07WGD8QQT,"what is the size of machine, length and width",Length and width given in 'details' page.,0,19-07-2022
B08337R52J,Is this 5 year warranty for both wash and spin motors?,Yes,0,24-05-2022
B08337R52J,Dryer capacity,I think 2 to 3 kg,0,14-04-2022
B08337R52J,Is it working properly,Yes.,0,28-07-2022
B08HZ8RBF7,It's taking water very slowly And washing completed is also very late? what can I do For taking water speedly And washing in Less time ??????,"Water intake in this machine is very good..But you need overhead tank with full force water flow,Also need to check your machine intake valve, it also may block by dust due to non cleaness at frequent time.see less",0,11-06-2022
B08HZ8RBF7,In how many  and in which colours this machine is available?,"3 colors, read the description of products",0,11-06-2022
B07NSRNF79,Blanket can be wash in machine or not,Yes but check weight of blanket after sok in water is not more then its capacity.,0,19-05-2022
B08R8DGDSK,Do you send someone for installation and guiding how to use after purchase?,"Yes, whirlpool representative came and demonstrated on how to use washing machine",0,15-06-2022
B08R8DGDSK,Is it 5 star energy consumption?,Yes. It is.,0,07-06-2022
B08R8DGDSK,I want delivery on tomorrow,no,0,07-06-2022
B08R8DGDSK,How many times to need water in this machine,1 time and it will take autometically.,0,14-04-2022
B08R8DGDSK,Jaise every washing machine tub k inner wall per dust net hoti h wesi is machhine me kahan h?,1 time,0,14-04-2022
B08R8DGDSK,Can i just use dryer instead of washing and then drying?,Yes you can use the dryer,0,14-07-2022
B08R8DGDSK,Water fall technology.,no,0,29-07-2022
B07SVFX64L,Does it have inverter,Yes it works on inverter,0,09-07-2022
B084CMDS7B,Does it has touch button panel or push buttons??,all are push buttons... besy washing machine in market... very usefull,0,13-07-2022
B084CMDS7B,Is everyone facing issues with Shaking during spin cycle?,no... if u don't use trolly.. machine shake like hell... always use it with trolly... iron trolly for better stability,0,13-07-2022
B09R1R7NMR,Do this Machine have in build Heater,No,0,15-07-2022
B09R1R7NMR,How many clothes can be washed at a time?,It depends on how big cloths you wash.  Normally I wash 8-10 adult shirts ones.  But this machine is not so good as front load machine.  Better i recommend front load,0,18-07-2022
B072FPNN8K,Does it have dryer,Yes,0,23-07-2022
B072FPNN8K,Can i buy this washing machine in exchange of old ifb machine?,Yes,0,23-07-2022
B072FPNN8K,Is it have wheels,No,0,23-07-2022
B072FPNN8K,Which year model is this,2021,0,23-07-2022
B072FPNN8K,In this machine filter is mandatory,No,0,23-07-2022
B072FPNN8K,does it have aqua store function,No,0,23-07-2022
B07H187SQW,Can we stack a serie 2 bosch dryer under it? Where can we get a stacking kit?,You can get it separately but you won't get with product.,0,24-07-2022
B07NZBLJSK,Is it also work for dryer ?,Not working fully dryer,0,24-07-2022
B08J3KFLBS,What series model wlj2026din is?,This is a Series 4 machine.,0,25-07-2022
B08J3KFLBS,Is it belt driven or direct driven ?,Bosch machines are generally Belt driven unless specified.,0,25-07-2022
B08J3KFLBS,The product images say galvanzied steel but the specification details say its stainless steel. which one is correct?,It's Galvanized steel.,0,25-07-2022
B08J3KFLBS,Do i need a stablizer too ??,If you have frequent power cutoff or too much variation in power supply then it's better to use a stabilizer.,0,25-07-2022
B08J3KFLBS,Does the wlj2026din 6.5 kg bosch washing machine have both tangle wash and anti wrinkle feature and function???,"Anti tangle is available, anti wrinkle is not available.",0,25-07-2022
B08J3KFLBS,Can I set it's temperature manually?,"Yes, depending on the selected program.",0,25-07-2022
B08J3KFLBS,Noise from drum while spinning time,This is not absolutely silent but not too noisy.,0,25-07-2022
