ASIN,Details Tag,Present
B00U2DT3H6,Item Dimensions Lxwxh,True
B00U2DT3H6,Item Part Number,False
B00U2DT3H6,Included Components,False
B00U2DT3H6,Is Discontinued By Manufacturer,True
B00U2DT3H6,Package Dimensions,False
B00U2DT3H6,Generic Name,False
B00U2DT3H6,Net Quantity,True
B00U2DT3H6,Importer,False
B00U2DT3H6,Packer,False
B00U2DT3H6,Date First Available,True
B00U2DT3H6,Asin,True
B00U2DT3H6,Product Dimensions,True
B00U2DT3H6,Best Sellers Rank,True
B00U2DT3H6,Item Weight,True
B00U2DT3H6,Item Model Number,True
B00U2DT3H6,Customer Reviews,True
B00U2DT3H6,Manufacturer,True
B00U2DT3H6,Country Of Origin,True
B09DGBS1HV,Item Dimensions Lxwxh,True
B09DGBS1HV,Item Part Number,False
B09DGBS1HV,Included Components,False
B09DGBS1HV,Is Discontinued By Manufacturer,False
B09DGBS1HV,Package Dimensions,False
B09DGBS1HV,Generic Name,True
B09DGBS1HV,Net Quantity,True
B09DGBS1HV,Importer,False
B09DGBS1HV,Packer,True
B09DGBS1HV,Date First Available,True
B09DGBS1HV,Asin,True
B09DGBS1HV,Product Dimensions,True
B09DGBS1HV,Best Sellers Rank,True
B09DGBS1HV,Item Weight,True
B09DGBS1HV,Item Model Number,True
B09DGBS1HV,Customer Reviews,True
B09DGBS1HV,Manufacturer,True
B09DGBS1HV,Country Of Origin,True
B092K383WY,Item Dimensions Lxwxh,True
B092K383WY,Item Part Number,False
B092K383WY,Included Components,True
B092K383WY,Is Discontinued By Manufacturer,False
B092K383WY,Package Dimensions,False
B092K383WY,Generic Name,True
B092K383WY,Net Quantity,True
B092K383WY,Importer,True
B092K383WY,Packer,True
B092K383WY,Date First Available,True
B092K383WY,Asin,True
B092K383WY,Product Dimensions,True
B092K383WY,Best Sellers Rank,True
B092K383WY,Item Weight,True
B092K383WY,Item Model Number,True
B092K383WY,Customer Reviews,True
B092K383WY,Manufacturer,True
B092K383WY,Country Of Origin,True
B00DRDYGHK,Item Dimensions Lxwxh,True
B00DRDYGHK,Item Part Number,False
B00DRDYGHK,Included Components,False
B00DRDYGHK,Is Discontinued By Manufacturer,True
B00DRDYGHK,Package Dimensions,False
B00DRDYGHK,Generic Name,False
B00DRDYGHK,Net Quantity,True
B00DRDYGHK,Importer,False
B00DRDYGHK,Packer,False
B00DRDYGHK,Date First Available,True
B00DRDYGHK,Asin,True
B00DRDYGHK,Product Dimensions,True
B00DRDYGHK,Best Sellers Rank,True
B00DRDYGHK,Item Weight,True
B00DRDYGHK,Item Model Number,True
B00DRDYGHK,Customer Reviews,True
B00DRDYGHK,Manufacturer,True
B00DRDYGHK,Country Of Origin,False
B07CHSCH9C,Item Dimensions Lxwxh,True
B07CHSCH9C,Item Part Number,False
B07CHSCH9C,Included Components,True
B07CHSCH9C,Is Discontinued By Manufacturer,False
B07CHSCH9C,Package Dimensions,False
B07CHSCH9C,Generic Name,True
B07CHSCH9C,Net Quantity,True
B07CHSCH9C,Importer,True
B07CHSCH9C,Packer,True
B07CHSCH9C,Date First Available,True
B07CHSCH9C,Asin,True
B07CHSCH9C,Product Dimensions,True
B07CHSCH9C,Best Sellers Rank,True
B07CHSCH9C,Item Weight,True
B07CHSCH9C,Item Model Number,True
B07CHSCH9C,Customer Reviews,True
B07CHSCH9C,Manufacturer,True
B07CHSCH9C,Country Of Origin,True
B00DRDZPIO,Item Dimensions Lxwxh,True
B00DRDZPIO,Item Part Number,False
B00DRDZPIO,Included Components,False
B00DRDZPIO,Is Discontinued By Manufacturer,True
B00DRDZPIO,Package Dimensions,False
B00DRDZPIO,Generic Name,True
B00DRDZPIO,Net Quantity,True
B00DRDZPIO,Importer,False
B00DRDZPIO,Packer,True
B00DRDZPIO,Date First Available,True
B00DRDZPIO,Asin,True
B00DRDZPIO,Product Dimensions,True
B00DRDZPIO,Best Sellers Rank,True
B00DRDZPIO,Item Weight,True
B00DRDZPIO,Item Model Number,True
B00DRDZPIO,Customer Reviews,True
B00DRDZPIO,Manufacturer,True
B00DRDZPIO,Country Of Origin,True
B00DRDZP4I,Item Dimensions Lxwxh,True
B00DRDZP4I,Item Part Number,False
B00DRDZP4I,Included Components,False
B00DRDZP4I,Is Discontinued By Manufacturer,True
B00DRDZP4I,Package Dimensions,False
B00DRDZP4I,Generic Name,True
B00DRDZP4I,Net Quantity,True
B00DRDZP4I,Importer,False
B00DRDZP4I,Packer,True
B00DRDZP4I,Date First Available,True
B00DRDZP4I,Asin,True
B00DRDZP4I,Product Dimensions,True
B00DRDZP4I,Best Sellers Rank,True
B00DRDZP4I,Item Weight,True
B00DRDZP4I,Item Model Number,True
B00DRDZP4I,Customer Reviews,True
B00DRDZP4I,Manufacturer,True
B00DRDZP4I,Country Of Origin,True
B082LF3CPD,Item Dimensions Lxwxh,True
B082LF3CPD,Item Part Number,False
B082LF3CPD,Included Components,True
B082LF3CPD,Is Discontinued By Manufacturer,False
B082LF3CPD,Package Dimensions,False
B082LF3CPD,Generic Name,True
B082LF3CPD,Net Quantity,True
B082LF3CPD,Importer,False
B082LF3CPD,Packer,True
B082LF3CPD,Date First Available,True
B082LF3CPD,Asin,True
B082LF3CPD,Product Dimensions,True
B082LF3CPD,Best Sellers Rank,True
B082LF3CPD,Item Weight,True
B082LF3CPD,Item Model Number,True
B082LF3CPD,Customer Reviews,True
B082LF3CPD,Manufacturer,True
B082LF3CPD,Country Of Origin,True
B0755FMSWZ,Item Dimensions Lxwxh,True
B0755FMSWZ,Item Part Number,False
B0755FMSWZ,Included Components,False
B0755FMSWZ,Is Discontinued By Manufacturer,True
B0755FMSWZ,Package Dimensions,False
B0755FMSWZ,Generic Name,True
B0755FMSWZ,Net Quantity,True
B0755FMSWZ,Importer,False
B0755FMSWZ,Packer,True
B0755FMSWZ,Date First Available,True
B0755FMSWZ,Asin,True
B0755FMSWZ,Product Dimensions,True
B0755FMSWZ,Best Sellers Rank,True
B0755FMSWZ,Item Weight,True
B0755FMSWZ,Item Model Number,True
B0755FMSWZ,Customer Reviews,True
B0755FMSWZ,Manufacturer,True
B0755FMSWZ,Country Of Origin,True
B09QSBPKTF,Item Dimensions Lxwxh,True
B09QSBPKTF,Item Part Number,False
B09QSBPKTF,Included Components,False
B09QSBPKTF,Is Discontinued By Manufacturer,False
B09QSBPKTF,Package Dimensions,False
B09QSBPKTF,Generic Name,True
B09QSBPKTF,Net Quantity,True
B09QSBPKTF,Importer,False
B09QSBPKTF,Packer,True
B09QSBPKTF,Date First Available,True
B09QSBPKTF,Asin,True
B09QSBPKTF,Product Dimensions,True
B09QSBPKTF,Best Sellers Rank,True
B09QSBPKTF,Item Weight,True
B09QSBPKTF,Item Model Number,True
B09QSBPKTF,Customer Reviews,True
B09QSBPKTF,Manufacturer,True
B09QSBPKTF,Country Of Origin,False
B09QRTXCWD,Item Dimensions Lxwxh,True
B09QRTXCWD,Item Part Number,False
B09QRTXCWD,Included Components,False
B09QRTXCWD,Is Discontinued By Manufacturer,False
B09QRTXCWD,Package Dimensions,False
B09QRTXCWD,Generic Name,True
B09QRTXCWD,Net Quantity,True
B09QRTXCWD,Importer,False
B09QRTXCWD,Packer,True
B09QRTXCWD,Date First Available,True
B09QRTXCWD,Asin,True
B09QRTXCWD,Product Dimensions,True
B09QRTXCWD,Best Sellers Rank,True
B09QRTXCWD,Item Weight,True
B09QRTXCWD,Item Model Number,True
B09QRTXCWD,Customer Reviews,True
B09QRTXCWD,Manufacturer,True
B09QRTXCWD,Country Of Origin,True
B00I6F50PQ,Item Dimensions Lxwxh,True
B00I6F50PQ,Item Part Number,False
B00I6F50PQ,Included Components,True
B00I6F50PQ,Is Discontinued By Manufacturer,True
B00I6F50PQ,Package Dimensions,False
B00I6F50PQ,Generic Name,True
B00I6F50PQ,Net Quantity,True
B00I6F50PQ,Importer,True
B00I6F50PQ,Packer,True
B00I6F50PQ,Date First Available,True
B00I6F50PQ,Asin,True
B00I6F50PQ,Product Dimensions,True
B00I6F50PQ,Best Sellers Rank,True
B00I6F50PQ,Item Weight,True
B00I6F50PQ,Item Model Number,True
B00I6F50PQ,Customer Reviews,True
B00I6F50PQ,Manufacturer,True
B00I6F50PQ,Country Of Origin,True
B01I6IQ02Y,Item Dimensions Lxwxh,True
B01I6IQ02Y,Item Part Number,False
B01I6IQ02Y,Included Components,True
B01I6IQ02Y,Is Discontinued By Manufacturer,False
B01I6IQ02Y,Package Dimensions,False
B01I6IQ02Y,Generic Name,True
B01I6IQ02Y,Net Quantity,True
B01I6IQ02Y,Importer,True
B01I6IQ02Y,Packer,True
B01I6IQ02Y,Date First Available,True
B01I6IQ02Y,Asin,True
B01I6IQ02Y,Product Dimensions,True
B01I6IQ02Y,Best Sellers Rank,True
B01I6IQ02Y,Item Weight,True
B01I6IQ02Y,Item Model Number,True
B01I6IQ02Y,Customer Reviews,True
B01I6IQ02Y,Manufacturer,True
B01I6IQ02Y,Country Of Origin,True
B09VKSDFM1,Item Dimensions Lxwxh,True
B09VKSDFM1,Item Part Number,False
B09VKSDFM1,Included Components,False
B09VKSDFM1,Is Discontinued By Manufacturer,False
B09VKSDFM1,Package Dimensions,False
B09VKSDFM1,Generic Name,True
B09VKSDFM1,Net Quantity,True
B09VKSDFM1,Importer,False
B09VKSDFM1,Packer,True
B09VKSDFM1,Date First Available,True
B09VKSDFM1,Asin,True
B09VKSDFM1,Product Dimensions,True
B09VKSDFM1,Best Sellers Rank,True
B09VKSDFM1,Item Weight,True
B09VKSDFM1,Item Model Number,True
B09VKSDFM1,Customer Reviews,True
B09VKSDFM1,Manufacturer,True
B09VKSDFM1,Country Of Origin,True
B09QRQQL51,Item Dimensions Lxwxh,True
B09QRQQL51,Item Part Number,False
B09QRQQL51,Included Components,False
B09QRQQL51,Is Discontinued By Manufacturer,False
B09QRQQL51,Package Dimensions,False
B09QRQQL51,Generic Name,True
B09QRQQL51,Net Quantity,True
B09QRQQL51,Importer,False
B09QRQQL51,Packer,True
B09QRQQL51,Date First Available,True
B09QRQQL51,Asin,True
B09QRQQL51,Product Dimensions,True
B09QRQQL51,Best Sellers Rank,True
B09QRQQL51,Item Weight,True
B09QRQQL51,Item Model Number,True
B09QRQQL51,Customer Reviews,True
B09QRQQL51,Manufacturer,True
B09QRQQL51,Country Of Origin,True
B00I6F64T2,Item Dimensions Lxwxh,True
B00I6F64T2,Item Part Number,False
B00I6F64T2,Included Components,True
B00I6F64T2,Is Discontinued By Manufacturer,True
B00I6F64T2,Package Dimensions,False
B00I6F64T2,Generic Name,True
B00I6F64T2,Net Quantity,True
B00I6F64T2,Importer,True
B00I6F64T2,Packer,True
B00I6F64T2,Date First Available,True
B00I6F64T2,Asin,True
B00I6F64T2,Product Dimensions,True
B00I6F64T2,Best Sellers Rank,True
B00I6F64T2,Item Weight,True
B00I6F64T2,Item Model Number,True
B00I6F64T2,Customer Reviews,True
B00I6F64T2,Manufacturer,True
B00I6F64T2,Country Of Origin,True
B07XC1SJD3,Item Dimensions Lxwxh,True
B07XC1SJD3,Item Part Number,False
B07XC1SJD3,Included Components,True
B07XC1SJD3,Is Discontinued By Manufacturer,False
B07XC1SJD3,Package Dimensions,False
B07XC1SJD3,Generic Name,True
B07XC1SJD3,Net Quantity,True
B07XC1SJD3,Importer,False
B07XC1SJD3,Packer,True
B07XC1SJD3,Date First Available,True
B07XC1SJD3,Asin,True
B07XC1SJD3,Product Dimensions,True
B07XC1SJD3,Best Sellers Rank,True
B07XC1SJD3,Item Weight,True
B07XC1SJD3,Item Model Number,True
B07XC1SJD3,Customer Reviews,True
B07XC1SJD3,Manufacturer,True
B07XC1SJD3,Country Of Origin,True
B09PNV9C37,Item Dimensions Lxwxh,True
B09PNV9C37,Item Part Number,False
B09PNV9C37,Included Components,False
B09PNV9C37,Is Discontinued By Manufacturer,False
B09PNV9C37,Package Dimensions,False
B09PNV9C37,Generic Name,True
B09PNV9C37,Net Quantity,True
B09PNV9C37,Importer,False
B09PNV9C37,Packer,True
B09PNV9C37,Date First Available,True
B09PNV9C37,Asin,True
B09PNV9C37,Product Dimensions,True
B09PNV9C37,Best Sellers Rank,True
B09PNV9C37,Item Weight,True
B09PNV9C37,Item Model Number,True
B09PNV9C37,Customer Reviews,True
B09PNV9C37,Manufacturer,True
B09PNV9C37,Country Of Origin,True
B082LDRTD1,Item Dimensions Lxwxh,True
B082LDRTD1,Item Part Number,False
B082LDRTD1,Included Components,True
B082LDRTD1,Is Discontinued By Manufacturer,False
B082LDRTD1,Package Dimensions,False
B082LDRTD1,Generic Name,True
B082LDRTD1,Net Quantity,True
B082LDRTD1,Importer,True
B082LDRTD1,Packer,True
B082LDRTD1,Date First Available,True
B082LDRTD1,Asin,True
B082LDRTD1,Product Dimensions,True
B082LDRTD1,Best Sellers Rank,True
B082LDRTD1,Item Weight,True
B082LDRTD1,Item Model Number,True
B082LDRTD1,Customer Reviews,True
B082LDRTD1,Manufacturer,True
B082LDRTD1,Country Of Origin,True
B071D9RYQM,Item Dimensions Lxwxh,True
B071D9RYQM,Item Part Number,False
B071D9RYQM,Included Components,False
B071D9RYQM,Is Discontinued By Manufacturer,True
B071D9RYQM,Package Dimensions,False
B071D9RYQM,Generic Name,True
B071D9RYQM,Net Quantity,True
B071D9RYQM,Importer,False
B071D9RYQM,Packer,True
B071D9RYQM,Date First Available,True
B071D9RYQM,Asin,True
B071D9RYQM,Product Dimensions,True
B071D9RYQM,Best Sellers Rank,True
B071D9RYQM,Item Weight,True
B071D9RYQM,Item Model Number,True
B071D9RYQM,Customer Reviews,True
B071D9RYQM,Manufacturer,True
B071D9RYQM,Country Of Origin,True
B0B2PVXWZS,Item Dimensions Lxwxh,True
B0B2PVXWZS,Item Part Number,False
B0B2PVXWZS,Included Components,False
B0B2PVXWZS,Is Discontinued By Manufacturer,False
B0B2PVXWZS,Package Dimensions,False
B0B2PVXWZS,Generic Name,True
B0B2PVXWZS,Net Quantity,True
B0B2PVXWZS,Importer,True
B0B2PVXWZS,Packer,True
B0B2PVXWZS,Date First Available,True
B0B2PVXWZS,Asin,True
B0B2PVXWZS,Product Dimensions,True
B0B2PVXWZS,Best Sellers Rank,True
B0B2PVXWZS,Item Weight,True
B0B2PVXWZS,Item Model Number,True
B0B2PVXWZS,Customer Reviews,True
B0B2PVXWZS,Manufacturer,True
B0B2PVXWZS,Country Of Origin,True
B0755J7HRX,Item Dimensions Lxwxh,True
B0755J7HRX,Item Part Number,False
B0755J7HRX,Included Components,True
B0755J7HRX,Is Discontinued By Manufacturer,True
B0755J7HRX,Package Dimensions,False
B0755J7HRX,Generic Name,True
B0755J7HRX,Net Quantity,True
B0755J7HRX,Importer,True
B0755J7HRX,Packer,True
B0755J7HRX,Date First Available,True
B0755J7HRX,Asin,True
B0755J7HRX,Product Dimensions,True
B0755J7HRX,Best Sellers Rank,True
B0755J7HRX,Item Weight,True
B0755J7HRX,Item Model Number,True
B0755J7HRX,Customer Reviews,True
B0755J7HRX,Manufacturer,True
B0755J7HRX,Country Of Origin,True
B082LD6Q8T,Item Dimensions Lxwxh,True
B082LD6Q8T,Item Part Number,False
B082LD6Q8T,Included Components,True
B082LD6Q8T,Is Discontinued By Manufacturer,False
B082LD6Q8T,Package Dimensions,False
B082LD6Q8T,Generic Name,True
B082LD6Q8T,Net Quantity,True
B082LD6Q8T,Importer,False
B082LD6Q8T,Packer,True
B082LD6Q8T,Date First Available,True
B082LD6Q8T,Asin,True
B082LD6Q8T,Product Dimensions,True
B082LD6Q8T,Best Sellers Rank,True
B082LD6Q8T,Item Weight,True
B082LD6Q8T,Item Model Number,True
B082LD6Q8T,Customer Reviews,True
B082LD6Q8T,Manufacturer,True
B082LD6Q8T,Country Of Origin,True
B07QL37M78,Item Dimensions Lxwxh,True
B07QL37M78,Item Part Number,False
B07QL37M78,Included Components,False
B07QL37M78,Is Discontinued By Manufacturer,False
B07QL37M78,Package Dimensions,False
B07QL37M78,Generic Name,True
B07QL37M78,Net Quantity,True
B07QL37M78,Importer,True
B07QL37M78,Packer,True
B07QL37M78,Date First Available,True
B07QL37M78,Asin,True
B07QL37M78,Product Dimensions,True
B07QL37M78,Best Sellers Rank,True
B07QL37M78,Item Weight,True
B07QL37M78,Item Model Number,True
B07QL37M78,Customer Reviews,True
B07QL37M78,Manufacturer,True
B07QL37M78,Country Of Origin,True
B01MQQFYCY,Item Dimensions Lxwxh,False
B01MQQFYCY,Item Part Number,True
B01MQQFYCY,Included Components,False
B01MQQFYCY,Is Discontinued By Manufacturer,False
B01MQQFYCY,Package Dimensions,False
B01MQQFYCY,Generic Name,False
B01MQQFYCY,Net Quantity,True
B01MQQFYCY,Importer,False
B01MQQFYCY,Packer,False
B01MQQFYCY,Date First Available,True
B01MQQFYCY,Asin,True
B01MQQFYCY,Product Dimensions,False
B01MQQFYCY,Best Sellers Rank,True
B01MQQFYCY,Item Weight,True
B01MQQFYCY,Item Model Number,False
B01MQQFYCY,Customer Reviews,True
B01MQQFYCY,Manufacturer,True
B01MQQFYCY,Country Of Origin,True
B00AN66R1M,Item Dimensions Lxwxh,True
B00AN66R1M,Item Part Number,False
B00AN66R1M,Included Components,False
B00AN66R1M,Is Discontinued By Manufacturer,True
B00AN66R1M,Package Dimensions,False
B00AN66R1M,Generic Name,False
B00AN66R1M,Net Quantity,True
B00AN66R1M,Importer,False
B00AN66R1M,Packer,False
B00AN66R1M,Date First Available,True
B00AN66R1M,Asin,True
B00AN66R1M,Product Dimensions,True
B00AN66R1M,Best Sellers Rank,True
B00AN66R1M,Item Weight,True
B00AN66R1M,Item Model Number,True
B00AN66R1M,Customer Reviews,True
B00AN66R1M,Manufacturer,True
B00AN66R1M,Country Of Origin,False
B00DRE33UU,Item Dimensions Lxwxh,True
B00DRE33UU,Item Part Number,False
B00DRE33UU,Included Components,False
B00DRE33UU,Is Discontinued By Manufacturer,True
B00DRE33UU,Package Dimensions,False
B00DRE33UU,Generic Name,False
B00DRE33UU,Net Quantity,True
B00DRE33UU,Importer,False
B00DRE33UU,Packer,False
B00DRE33UU,Date First Available,True
B00DRE33UU,Asin,True
B00DRE33UU,Product Dimensions,True
B00DRE33UU,Best Sellers Rank,True
B00DRE33UU,Item Weight,True
B00DRE33UU,Item Model Number,True
B00DRE33UU,Customer Reviews,True
B00DRE33UU,Manufacturer,True
B00DRE33UU,Country Of Origin,True
B07GYRWTDZ,Item Dimensions Lxwxh,True
B07GYRWTDZ,Item Part Number,False
B07GYRWTDZ,Included Components,False
B07GYRWTDZ,Is Discontinued By Manufacturer,False
B07GYRWTDZ,Package Dimensions,False
B07GYRWTDZ,Generic Name,False
B07GYRWTDZ,Net Quantity,True
B07GYRWTDZ,Importer,False
B07GYRWTDZ,Packer,False
B07GYRWTDZ,Date First Available,True
B07GYRWTDZ,Asin,True
B07GYRWTDZ,Product Dimensions,True
B07GYRWTDZ,Best Sellers Rank,True
B07GYRWTDZ,Item Weight,True
B07GYRWTDZ,Item Model Number,True
B07GYRWTDZ,Customer Reviews,True
B07GYRWTDZ,Manufacturer,True
B07GYRWTDZ,Country Of Origin,True
B00QWZPEIU,Item Dimensions Lxwxh,False
B00QWZPEIU,Item Part Number,True
B00QWZPEIU,Included Components,False
B00QWZPEIU,Is Discontinued By Manufacturer,True
B00QWZPEIU,Package Dimensions,False
B00QWZPEIU,Generic Name,False
B00QWZPEIU,Net Quantity,True
B00QWZPEIU,Importer,False
B00QWZPEIU,Packer,False
B00QWZPEIU,Date First Available,True
B00QWZPEIU,Asin,True
B00QWZPEIU,Product Dimensions,False
B00QWZPEIU,Best Sellers Rank,True
B00QWZPEIU,Item Weight,True
B00QWZPEIU,Item Model Number,False
B00QWZPEIU,Customer Reviews,True
B00QWZPEIU,Manufacturer,True
B00QWZPEIU,Country Of Origin,True
B00QX1MXAU,Item Dimensions Lxwxh,False
B00QX1MXAU,Item Part Number,True
B00QX1MXAU,Included Components,False
B00QX1MXAU,Is Discontinued By Manufacturer,True
B00QX1MXAU,Package Dimensions,False
B00QX1MXAU,Generic Name,False
B00QX1MXAU,Net Quantity,True
B00QX1MXAU,Importer,False
B00QX1MXAU,Packer,False
B00QX1MXAU,Date First Available,True
B00QX1MXAU,Asin,True
B00QX1MXAU,Product Dimensions,False
B00QX1MXAU,Best Sellers Rank,True
B00QX1MXAU,Item Weight,True
B00QX1MXAU,Item Model Number,False
B00QX1MXAU,Customer Reviews,True
B00QX1MXAU,Manufacturer,True
B00QX1MXAU,Country Of Origin,True
B01LADWHNS,Item Dimensions Lxwxh,False
B01LADWHNS,Item Part Number,True
B01LADWHNS,Included Components,False
B01LADWHNS,Is Discontinued By Manufacturer,False
B01LADWHNS,Package Dimensions,False
B01LADWHNS,Generic Name,False
B01LADWHNS,Net Quantity,True
B01LADWHNS,Importer,False
B01LADWHNS,Packer,False
B01LADWHNS,Date First Available,True
B01LADWHNS,Asin,True
B01LADWHNS,Product Dimensions,False
B01LADWHNS,Best Sellers Rank,True
B01LADWHNS,Item Weight,True
B01LADWHNS,Item Model Number,False
B01LADWHNS,Customer Reviews,True
B01LADWHNS,Manufacturer,True
B01LADWHNS,Country Of Origin,True
B00U2DT1EQ,Item Dimensions Lxwxh,True
B00U2DT1EQ,Item Part Number,False
B00U2DT1EQ,Included Components,False
B00U2DT1EQ,Is Discontinued By Manufacturer,True
B00U2DT1EQ,Package Dimensions,False
B00U2DT1EQ,Generic Name,False
B00U2DT1EQ,Net Quantity,True
B00U2DT1EQ,Importer,False
B00U2DT1EQ,Packer,False
B00U2DT1EQ,Date First Available,True
B00U2DT1EQ,Asin,True
B00U2DT1EQ,Product Dimensions,True
B00U2DT1EQ,Best Sellers Rank,True
B00U2DT1EQ,Item Weight,True
B00U2DT1EQ,Item Model Number,True
B00U2DT1EQ,Customer Reviews,True
B00U2DT1EQ,Manufacturer,True
B00U2DT1EQ,Country Of Origin,True
B014FD91MU,Item Dimensions Lxwxh,True
B014FD91MU,Item Part Number,True
B014FD91MU,Included Components,False
B014FD91MU,Is Discontinued By Manufacturer,False
B014FD91MU,Package Dimensions,False
B014FD91MU,Generic Name,False
B014FD91MU,Net Quantity,True
B014FD91MU,Importer,False
B014FD91MU,Packer,False
B014FD91MU,Date First Available,True
B014FD91MU,Asin,True
B014FD91MU,Product Dimensions,True
B014FD91MU,Best Sellers Rank,True
B014FD91MU,Item Weight,True
B014FD91MU,Item Model Number,False
B014FD91MU,Customer Reviews,True
B014FD91MU,Manufacturer,True
B014FD91MU,Country Of Origin,False
B00U2DW14I,Item Dimensions Lxwxh,True
B00U2DW14I,Item Part Number,False
B00U2DW14I,Included Components,False
B00U2DW14I,Is Discontinued By Manufacturer,True
B00U2DW14I,Package Dimensions,False
B00U2DW14I,Generic Name,False
B00U2DW14I,Net Quantity,True
B00U2DW14I,Importer,False
B00U2DW14I,Packer,False
B00U2DW14I,Date First Available,True
B00U2DW14I,Asin,True
B00U2DW14I,Product Dimensions,True
B00U2DW14I,Best Sellers Rank,True
B00U2DW14I,Item Weight,True
B00U2DW14I,Item Model Number,True
B00U2DW14I,Customer Reviews,True
B00U2DW14I,Manufacturer,True
B00U2DW14I,Country Of Origin,True
B00R1BOIJU,Item Dimensions Lxwxh,True
B00R1BOIJU,Item Part Number,False
B00R1BOIJU,Included Components,False
B00R1BOIJU,Is Discontinued By Manufacturer,True
B00R1BOIJU,Package Dimensions,False
B00R1BOIJU,Generic Name,False
B00R1BOIJU,Net Quantity,True
B00R1BOIJU,Importer,False
B00R1BOIJU,Packer,False
B00R1BOIJU,Date First Available,True
B00R1BOIJU,Asin,True
B00R1BOIJU,Product Dimensions,True
B00R1BOIJU,Best Sellers Rank,True
B00R1BOIJU,Item Weight,True
B00R1BOIJU,Item Model Number,True
B00R1BOIJU,Customer Reviews,True
B00R1BOIJU,Manufacturer,True
B00R1BOIJU,Country Of Origin,True
B08DHMMJFS,Item Dimensions Lxwxh,True
B08DHMMJFS,Item Part Number,False
B08DHMMJFS,Included Components,False
B08DHMMJFS,Is Discontinued By Manufacturer,False
B08DHMMJFS,Package Dimensions,False
B08DHMMJFS,Generic Name,False
B08DHMMJFS,Net Quantity,True
B08DHMMJFS,Importer,False
B08DHMMJFS,Packer,False
B08DHMMJFS,Date First Available,True
B08DHMMJFS,Asin,True
B08DHMMJFS,Product Dimensions,True
B08DHMMJFS,Best Sellers Rank,True
B08DHMMJFS,Item Weight,True
B08DHMMJFS,Item Model Number,False
B08DHMMJFS,Customer Reviews,True
B08DHMMJFS,Manufacturer,True
B08DHMMJFS,Country Of Origin,False
B010B6KWS2,Item Dimensions Lxwxh,True
B010B6KWS2,Item Part Number,False
B010B6KWS2,Included Components,False
B010B6KWS2,Is Discontinued By Manufacturer,True
B010B6KWS2,Package Dimensions,False
B010B6KWS2,Generic Name,True
B010B6KWS2,Net Quantity,True
B010B6KWS2,Importer,False
B010B6KWS2,Packer,True
B010B6KWS2,Date First Available,True
B010B6KWS2,Asin,True
B010B6KWS2,Product Dimensions,True
B010B6KWS2,Best Sellers Rank,True
B010B6KWS2,Item Weight,True
B010B6KWS2,Item Model Number,True
B010B6KWS2,Customer Reviews,True
B010B6KWS2,Manufacturer,True
B010B6KWS2,Country Of Origin,False
B010B6K59S,Item Dimensions Lxwxh,False
B010B6K59S,Item Part Number,True
B010B6K59S,Included Components,False
B010B6K59S,Is Discontinued By Manufacturer,False
B010B6K59S,Package Dimensions,True
B010B6K59S,Generic Name,False
B010B6K59S,Net Quantity,True
B010B6K59S,Importer,False
B010B6K59S,Packer,False
B010B6K59S,Date First Available,True
B010B6K59S,Asin,True
B010B6K59S,Product Dimensions,False
B010B6K59S,Best Sellers Rank,True
B010B6K59S,Item Weight,True
B010B6K59S,Item Model Number,False
B010B6K59S,Customer Reviews,True
B010B6K59S,Manufacturer,True
B010B6K59S,Country Of Origin,True
B00NOSVCC0,Item Dimensions Lxwxh,False
B00NOSVCC0,Item Part Number,True
B00NOSVCC0,Included Components,False
B00NOSVCC0,Is Discontinued By Manufacturer,False
B00NOSVCC0,Package Dimensions,True
B00NOSVCC0,Generic Name,False
B00NOSVCC0,Net Quantity,True
B00NOSVCC0,Importer,False
B00NOSVCC0,Packer,False
B00NOSVCC0,Date First Available,True
B00NOSVCC0,Asin,True
B00NOSVCC0,Product Dimensions,False
B00NOSVCC0,Best Sellers Rank,True
B00NOSVCC0,Item Weight,True
B00NOSVCC0,Item Model Number,False
B00NOSVCC0,Customer Reviews,True
B00NOSVCC0,Manufacturer,True
B00NOSVCC0,Country Of Origin,True
B01NBABUUK,Item Dimensions Lxwxh,False
B01NBABUUK,Item Part Number,True
B01NBABUUK,Included Components,False
B01NBABUUK,Is Discontinued By Manufacturer,False
B01NBABUUK,Package Dimensions,False
B01NBABUUK,Generic Name,False
B01NBABUUK,Net Quantity,True
B01NBABUUK,Importer,False
B01NBABUUK,Packer,False
B01NBABUUK,Date First Available,True
B01NBABUUK,Asin,True
B01NBABUUK,Product Dimensions,False
B01NBABUUK,Best Sellers Rank,True
B01NBABUUK,Item Weight,True
B01NBABUUK,Item Model Number,False
B01NBABUUK,Customer Reviews,True
B01NBABUUK,Manufacturer,True
B01NBABUUK,Country Of Origin,True
B011B8ZBNK,Item Dimensions Lxwxh,True
B011B8ZBNK,Item Part Number,False
B011B8ZBNK,Included Components,False
B011B8ZBNK,Is Discontinued By Manufacturer,False
B011B8ZBNK,Package Dimensions,False
B011B8ZBNK,Generic Name,False
B011B8ZBNK,Net Quantity,True
B011B8ZBNK,Importer,False
B011B8ZBNK,Packer,False
B011B8ZBNK,Date First Available,True
B011B8ZBNK,Asin,True
B011B8ZBNK,Product Dimensions,True
B011B8ZBNK,Best Sellers Rank,True
B011B8ZBNK,Item Weight,True
B011B8ZBNK,Item Model Number,True
B011B8ZBNK,Customer Reviews,True
B011B8ZBNK,Manufacturer,True
B011B8ZBNK,Country Of Origin,True
B0105Z61UW,Item Dimensions Lxwxh,True
B0105Z61UW,Item Part Number,True
B0105Z61UW,Included Components,False
B0105Z61UW,Is Discontinued By Manufacturer,False
B0105Z61UW,Package Dimensions,False
B0105Z61UW,Generic Name,False
B0105Z61UW,Net Quantity,True
B0105Z61UW,Importer,False
B0105Z61UW,Packer,False
B0105Z61UW,Date First Available,True
B0105Z61UW,Asin,True
B0105Z61UW,Product Dimensions,True
B0105Z61UW,Best Sellers Rank,True
B0105Z61UW,Item Weight,True
B0105Z61UW,Item Model Number,False
B0105Z61UW,Customer Reviews,True
B0105Z61UW,Manufacturer,True
B0105Z61UW,Country Of Origin,True
B07G4CMNPQ,Item Dimensions Lxwxh,True
B07G4CMNPQ,Item Part Number,False
B07G4CMNPQ,Included Components,True
B07G4CMNPQ,Is Discontinued By Manufacturer,False
B07G4CMNPQ,Package Dimensions,False
B07G4CMNPQ,Generic Name,True
B07G4CMNPQ,Net Quantity,True
B07G4CMNPQ,Importer,True
B07G4CMNPQ,Packer,True
B07G4CMNPQ,Date First Available,True
B07G4CMNPQ,Asin,True
B07G4CMNPQ,Product Dimensions,True
B07G4CMNPQ,Best Sellers Rank,True
B07G4CMNPQ,Item Weight,True
B07G4CMNPQ,Item Model Number,True
B07G4CMNPQ,Customer Reviews,True
B07G4CMNPQ,Manufacturer,True
B07G4CMNPQ,Country Of Origin,True
B07JN8GJ1D,Item Dimensions Lxwxh,True
B07JN8GJ1D,Item Part Number,False
B07JN8GJ1D,Included Components,False
B07JN8GJ1D,Is Discontinued By Manufacturer,True
B07JN8GJ1D,Package Dimensions,False
B07JN8GJ1D,Generic Name,False
B07JN8GJ1D,Net Quantity,True
B07JN8GJ1D,Importer,False
B07JN8GJ1D,Packer,False
B07JN8GJ1D,Date First Available,True
B07JN8GJ1D,Asin,True
B07JN8GJ1D,Product Dimensions,True
B07JN8GJ1D,Best Sellers Rank,True
B07JN8GJ1D,Item Weight,True
B07JN8GJ1D,Item Model Number,True
B07JN8GJ1D,Customer Reviews,True
B07JN8GJ1D,Manufacturer,True
B07JN8GJ1D,Country Of Origin,True
B079H16264,Item Dimensions Lxwxh,True
B079H16264,Item Part Number,False
B079H16264,Included Components,False
B079H16264,Is Discontinued By Manufacturer,False
B079H16264,Package Dimensions,False
B079H16264,Generic Name,True
B079H16264,Net Quantity,True
B079H16264,Importer,False
B079H16264,Packer,False
B079H16264,Date First Available,True
B079H16264,Asin,True
B079H16264,Product Dimensions,True
B079H16264,Best Sellers Rank,True
B079H16264,Item Weight,True
B079H16264,Item Model Number,True
B079H16264,Customer Reviews,True
B079H16264,Manufacturer,True
B079H16264,Country Of Origin,True
B09QRL1M8Y,Item Dimensions Lxwxh,True
B09QRL1M8Y,Item Part Number,False
B09QRL1M8Y,Included Components,False
B09QRL1M8Y,Is Discontinued By Manufacturer,False
B09QRL1M8Y,Package Dimensions,False
B09QRL1M8Y,Generic Name,True
B09QRL1M8Y,Net Quantity,True
B09QRL1M8Y,Importer,False
B09QRL1M8Y,Packer,True
B09QRL1M8Y,Date First Available,True
B09QRL1M8Y,Asin,True
B09QRL1M8Y,Product Dimensions,True
B09QRL1M8Y,Best Sellers Rank,True
B09QRL1M8Y,Item Weight,True
B09QRL1M8Y,Item Model Number,True
B09QRL1M8Y,Customer Reviews,True
B09QRL1M8Y,Manufacturer,True
B09QRL1M8Y,Country Of Origin,True
B012RIL1M8,Item Dimensions Lxwxh,True
B012RIL1M8,Item Part Number,False
B012RIL1M8,Included Components,False
B012RIL1M8,Is Discontinued By Manufacturer,True
B012RIL1M8,Package Dimensions,False
B012RIL1M8,Generic Name,True
B012RIL1M8,Net Quantity,True
B012RIL1M8,Importer,False
B012RIL1M8,Packer,True
B012RIL1M8,Date First Available,True
B012RIL1M8,Asin,True
B012RIL1M8,Product Dimensions,True
B012RIL1M8,Best Sellers Rank,True
B012RIL1M8,Item Weight,True
B012RIL1M8,Item Model Number,True
B012RIL1M8,Customer Reviews,True
B012RIL1M8,Manufacturer,True
B012RIL1M8,Country Of Origin,True
B0895C4PZS,Item Dimensions Lxwxh,True
B0895C4PZS,Item Part Number,False
B0895C4PZS,Included Components,False
B0895C4PZS,Is Discontinued By Manufacturer,False
B0895C4PZS,Package Dimensions,False
B0895C4PZS,Generic Name,True
B0895C4PZS,Net Quantity,True
B0895C4PZS,Importer,False
B0895C4PZS,Packer,False
B0895C4PZS,Date First Available,True
B0895C4PZS,Asin,True
B0895C4PZS,Product Dimensions,True
B0895C4PZS,Best Sellers Rank,True
B0895C4PZS,Item Weight,True
B0895C4PZS,Item Model Number,True
B0895C4PZS,Customer Reviews,True
B0895C4PZS,Manufacturer,True
B0895C4PZS,Country Of Origin,False
B09HQS6FNG,Item Dimensions Lxwxh,False
B09HQS6FNG,Item Part Number,False
B09HQS6FNG,Included Components,False
B09HQS6FNG,Is Discontinued By Manufacturer,False
B09HQS6FNG,Package Dimensions,False
B09HQS6FNG,Generic Name,False
B09HQS6FNG,Net Quantity,False
B09HQS6FNG,Importer,False
B09HQS6FNG,Packer,False
B09HQS6FNG,Date First Available,False
B09HQS6FNG,Asin,False
B09HQS6FNG,Product Dimensions,False
B09HQS6FNG,Best Sellers Rank,False
B09HQS6FNG,Item Weight,False
B09HQS6FNG,Item Model Number,False
B09HQS6FNG,Customer Reviews,False
B09HQS6FNG,Manufacturer,False
B09HQS6FNG,Country Of Origin,False
B07JFW4CY4,Item Dimensions Lxwxh,True
B07JFW4CY4,Item Part Number,False
B07JFW4CY4,Included Components,True
B07JFW4CY4,Is Discontinued By Manufacturer,False
B07JFW4CY4,Package Dimensions,False
B07JFW4CY4,Generic Name,True
B07JFW4CY4,Net Quantity,True
B07JFW4CY4,Importer,True
B07JFW4CY4,Packer,True
B07JFW4CY4,Date First Available,True
B07JFW4CY4,Asin,True
B07JFW4CY4,Product Dimensions,True
B07JFW4CY4,Best Sellers Rank,True
B07JFW4CY4,Item Weight,True
B07JFW4CY4,Item Model Number,True
B07JFW4CY4,Customer Reviews,True
B07JFW4CY4,Manufacturer,True
B07JFW4CY4,Country Of Origin,True
B07JXLZQKJ,Item Dimensions Lxwxh,True
B07JXLZQKJ,Item Part Number,False
B07JXLZQKJ,Included Components,True
B07JXLZQKJ,Is Discontinued By Manufacturer,False
B07JXLZQKJ,Package Dimensions,False
B07JXLZQKJ,Generic Name,False
B07JXLZQKJ,Net Quantity,True
B07JXLZQKJ,Importer,False
B07JXLZQKJ,Packer,True
B07JXLZQKJ,Date First Available,True
B07JXLZQKJ,Asin,True
B07JXLZQKJ,Product Dimensions,True
B07JXLZQKJ,Best Sellers Rank,True
B07JXLZQKJ,Item Weight,True
B07JXLZQKJ,Item Model Number,True
B07JXLZQKJ,Customer Reviews,True
B07JXLZQKJ,Manufacturer,True
B07JXLZQKJ,Country Of Origin,True
