ASIN,String,Rating,Frequency
B08NP2HY8Q,good,5.0,1
B08NP2HY8Q,good diabetic,5.0,1
B08NP2HY8Q,diabetic,5.0,1
B08NP2HY8Q,diabetic patients.,5.0,1
B08NP2HY8Q,patients.,5.0,2
B08NP2HY8Q,people,5.0,1
B08NP2HY8Q,people uncontrolled,5.0,1
B08NP2HY8Q,uncontrolled,5.0,1
B08NP2HY8Q,uncontrolled sugar,5.0,1
B08NP2HY8Q,sugar,5.0,2
B08NP2HY8Q,"sugar blood,",5.0,1
B08NP2HY8Q,"blood,",5.0,1
B08NP2HY8Q,"blood, may",5.0,1
B08NP2HY8Q,may,5.0,1
B08NP2HY8Q,may reduce,5.0,1
B08NP2HY8Q,reduce,5.0,1
B08NP2HY8Q,reduce sugar,5.0,1
B08NP2HY8Q,sugar intake.,5.0,1
B08NP2HY8Q,intake.,5.0,1
B08NP2HY8Q,intake. tevia,5.0,1
B08NP2HY8Q,tevia,5.0,1
B08NP2HY8Q,tevia help,5.0,1
B08NP2HY8Q,help,5.0,1
B08NP2HY8Q,help it.,5.0,1
B08NP2HY8Q,it.,5.0,2
B08NP2HY8Q,average,2.0,1
B08NP2HY8Q,average product,2.0,1
B08NP2HY8Q,product,2.0,2
B08NP2HY8Q,first,2.0,1
B08NP2HY8Q,first time,2.0,1
B08NP2HY8Q,time,2.0,1
B08NP2HY8Q,time used,2.0,1
B08NP2HY8Q,used,2.0,1
B08NP2HY8Q,used brand.,2.0,1
B08NP2HY8Q,brand.,2.0,1
B08NP2HY8Q,brand. taste,2.0,1
B08NP2HY8Q,taste,2.0,1
B08NP2HY8Q,taste observed,2.0,1
B08NP2HY8Q,observed,2.0,1
B08NP2HY8Q,observed product.,2.0,1
B08NP2HY8Q,product.,2.0,2
B08NPDBN9P,good,5.0,1
B08NPDBN9P,good diabetic,5.0,1
B08NPDBN9P,diabetic,5.0,1
B08NPDBN9P,diabetic patients.,5.0,1
B08NPDBN9P,patients.,5.0,2
B08NPDBN9P,people,5.0,1
B08NPDBN9P,people uncontrolled,5.0,1
B08NPDBN9P,uncontrolled,5.0,1
B08NPDBN9P,uncontrolled sugar,5.0,1
B08NPDBN9P,sugar,5.0,2
B08NPDBN9P,"sugar blood,",5.0,1
B08NPDBN9P,"blood,",5.0,1
B08NPDBN9P,"blood, may",5.0,1
B08NPDBN9P,may,5.0,1
B08NPDBN9P,may reduce,5.0,1
B08NPDBN9P,reduce,5.0,1
B08NPDBN9P,reduce sugar,5.0,1
B08NPDBN9P,sugar intake.,5.0,1
B08NPDBN9P,intake.,5.0,1
B08NPDBN9P,intake. tevia,5.0,1
B08NPDBN9P,tevia,5.0,1
B08NPDBN9P,tevia help,5.0,1
B08NPDBN9P,help,5.0,1
B08NPDBN9P,help it.,5.0,1
B08NPDBN9P,it.,5.0,2
B08NPDBN9P,average,2.0,1
B08NPDBN9P,average product,2.0,1
B08NPDBN9P,product,2.0,2
B08NPDBN9P,first,2.0,1
B08NPDBN9P,first time,2.0,1
B08NPDBN9P,time,2.0,1
B08NPDBN9P,time used,2.0,1
B08NPDBN9P,used,2.0,1
B08NPDBN9P,used brand.,2.0,1
B08NPDBN9P,brand.,2.0,1
B08NPDBN9P,brand. taste,2.0,1
B08NPDBN9P,taste,2.0,1
B08NPDBN9P,taste observed,2.0,1
B08NPDBN9P,observed,2.0,1
B08NPDBN9P,observed product.,2.0,1
B08NPDBN9P,product.,2.0,2
B08NPD17BL,taste,4.0,2
B08NPD17BL,taste good.,4.0,1
B08NPD17BL,good.,4.0,2
B08NPD17BL,taste bit,4.0,1
B08NPD17BL,bit,4.0,1
B08NPD17BL,bit bitter,4.0,1
B08NPD17BL,bitter,4.0,1
B08NPD17BL,bitter sugar,4.0,1
B08NPD17BL,sugar,4.0,1
B08NPD17BL,sugar free.,4.0,1
B08NPD17BL,free.,4.0,2
B08NPBYY35,good,5.0,1
B08NPBYY35,good diabetic,5.0,1
B08NPBYY35,diabetic,5.0,1
B08NPBYY35,diabetic patients.,5.0,1
B08NPBYY35,patients.,5.0,2
B08NPBYY35,people,5.0,1
B08NPBYY35,people uncontrolled,5.0,1
B08NPBYY35,uncontrolled,5.0,1
B08NPBYY35,uncontrolled sugar,5.0,1
B08NPBYY35,sugar,5.0,2
B08NPBYY35,"sugar blood,",5.0,1
B08NPBYY35,"blood,",5.0,1
B08NPBYY35,"blood, may",5.0,1
B08NPBYY35,may,5.0,1
B08NPBYY35,may reduce,5.0,1
B08NPBYY35,reduce,5.0,1
B08NPBYY35,reduce sugar,5.0,1
B08NPBYY35,sugar intake.,5.0,1
B08NPBYY35,intake.,5.0,1
B08NPBYY35,intake. tevia,5.0,1
B08NPBYY35,tevia,5.0,1
B08NPBYY35,tevia help,5.0,1
B08NPBYY35,help,5.0,1
B08NPBYY35,help it.,5.0,1
B08NPBYY35,it.,5.0,2
B08NPBYY35,average,2.0,1
B08NPBYY35,average product,2.0,1
B08NPBYY35,product,2.0,2
B08NPBYY35,first,2.0,1
B08NPBYY35,first time,2.0,1
B08NPBYY35,time,2.0,1
B08NPBYY35,time used,2.0,1
B08NPBYY35,used,2.0,1
B08NPBYY35,used brand.,2.0,1
B08NPBYY35,brand.,2.0,1
B08NPBYY35,brand. taste,2.0,1
B08NPBYY35,taste,2.0,1
B08NPBYY35,taste observed,2.0,1
B08NPBYY35,observed,2.0,1
B08NPBYY35,observed product.,2.0,1
B08NPBYY35,product.,2.0,2
B08NPTF66S,taste,4.0,2
B08NPTF66S,taste good.,4.0,1
B08NPTF66S,good.,4.0,2
B08NPTF66S,taste bit,4.0,1
B08NPTF66S,bit,4.0,1
B08NPTF66S,bit bitter,4.0,1
B08NPTF66S,bitter,4.0,1
B08NPTF66S,bitter sugar,4.0,1
B08NPTF66S,sugar,4.0,1
B08NPTF66S,sugar free.,4.0,1
B08NPTF66S,free.,4.0,2
B08NPK4CJN,good,5.0,1
B08NPK4CJN,good diabetic,5.0,1
B08NPK4CJN,diabetic,5.0,1
B08NPK4CJN,diabetic patients.,5.0,1
B08NPK4CJN,patients.,5.0,2
B08NPK4CJN,people,5.0,1
B08NPK4CJN,people uncontrolled,5.0,1
B08NPK4CJN,uncontrolled,5.0,1
B08NPK4CJN,uncontrolled sugar,5.0,1
B08NPK4CJN,sugar,5.0,2
B08NPK4CJN,"sugar blood,",5.0,1
B08NPK4CJN,"blood,",5.0,1
B08NPK4CJN,"blood, may",5.0,1
B08NPK4CJN,may,5.0,1
B08NPK4CJN,may reduce,5.0,1
B08NPK4CJN,reduce,5.0,1
B08NPK4CJN,reduce sugar,5.0,1
B08NPK4CJN,sugar intake.,5.0,1
B08NPK4CJN,intake.,5.0,1
B08NPK4CJN,intake. tevia,5.0,1
B08NPK4CJN,tevia,5.0,1
B08NPK4CJN,tevia help,5.0,1
B08NPK4CJN,help,5.0,1
B08NPK4CJN,help it.,5.0,1
B08NPK4CJN,it.,5.0,2
B08NPK4CJN,average,2.0,1
B08NPK4CJN,average product,2.0,1
B08NPK4CJN,product,2.0,2
B08NPK4CJN,first,2.0,1
B08NPK4CJN,first time,2.0,1
B08NPK4CJN,time,2.0,1
B08NPK4CJN,time used,2.0,1
B08NPK4CJN,used,2.0,1
B08NPK4CJN,used brand.,2.0,1
B08NPK4CJN,brand.,2.0,1
B08NPK4CJN,brand. taste,2.0,1
B08NPK4CJN,taste,2.0,1
B08NPK4CJN,taste observed,2.0,1
B08NPK4CJN,observed,2.0,1
B08NPK4CJN,observed product.,2.0,1
B08NPK4CJN,product.,2.0,2
B09T775YCP,ðŸ¤®horrible,1.0,1
B09T775YCP,ðŸ¤®horrible tasteâ€¦,1.0,1
B09T775YCP,tasteâ€¦,1.0,2
B09T775YCP,taste,1.0,1
B09T775YCP,"taste bad,",1.0,1
B09T775YCP,"bad,",1.0,1
B09T775YCP,"bad, recieved",1.0,1
B09T775YCP,recieved,1.0,1
B09T775YCP,recieved one,1.0,1
B09T775YCP,one,1.0,2
B09T775YCP,one open,1.0,1
B09T775YCP,open,1.0,1
B09T775YCP,open one,1.0,1
B09T775YCP,one sealed,1.0,1
B09T775YCP,sealed,1.0,1
B09T775YCP,sealed pack,1.0,1
B09T775YCP,pack,1.0,2
B08MV26J7C,taste,5.0,2
B08MV26J7C,taste good,5.0,1
B08MV26J7C,good,5.0,9
B08MV26J7C,good taste,5.0,1
B08MV26J7C,taste lump,5.0,1
B08MV26J7C,lump,5.0,1
B08MV26J7C,lump form,5.0,1
B08MV26J7C,form,5.0,2
B08MV26J7C,product,5.0,4
B08MV26J7C,product good...no,5.0,1
B08MV26J7C,good...no,5.0,1
B08MV26J7C,good...no complaint,5.0,1
B08MV26J7C,complaint,5.0,2
B08MV26J7C,excellent,5.0,2
B08MV26J7C,satisfying,5.0,2
B08MV26J7C,good health,5.0,1
B08MV26J7C,health,5.0,2
B08MV26J7C,packet,5.0,2
B08MV26J7C,packet torn,5.0,2
B08MV26J7C,torn,5.0,2
B08MV26J7C,torn inside,5.0,2
B08MV26J7C,inside,5.0,4
B08MV26J7C,nice,5.0,1
B08MV26J7C,nice product,5.0,1
B08MV26J7C,good product,5.0,1
B08MV26J7C,product sugar,5.0,1
B08MV26J7C,sugar,5.0,4
B08MV26J7C,sugar free,5.0,2
B08MV26J7C,free,5.0,2
B08MV26J7C,free pile,5.0,1
B08MV26J7C,pile,5.0,2
B08MV26J7C,natural,5.0,1
B08MV26J7C,natural sugar,5.0,1
B08MV26J7C,help,5.0,1
B08MV26J7C,help lot,5.0,1
B08MV26J7C,lot,5.0,1
B08MV26J7C,lot move,5.0,1
B08MV26J7C,move,5.0,1
B08MV26J7C,move forward,5.0,1
B08MV26J7C,forward,5.0,1
B08MV26J7C,forward sugar,5.0,1
B08MV26J7C,free diet,5.0,1
B08MV26J7C,diet,5.0,1
B08MV26J7C,diet program,5.0,1
B08MV26J7C,program,5.0,2
B08MV26J7C,le,5.0,1
B08MV26J7C,le calorie,5.0,1
B08MV26J7C,calorie,5.0,2
B08MV26J7C,value,5.0,1
B08MV26J7C,value money,5.0,1
B08MV26J7C,money,5.0,2
B08MV26J7C,product,1.0,3
B08MV26J7C,product contains,1.0,1
B08MV26J7C,contains,1.0,3
B08MV26J7C,contains dextrose,1.0,1
B08MV26J7C,dextrose,1.0,9
B08MV26J7C,dextrose form,1.0,1
B08MV26J7C,form,1.0,1
B08MV26J7C,form sugar,1.0,1
B08MV26J7C,sugar,1.0,17
B08MV26J7C,dextrose first,1.0,1
B08MV26J7C,first,1.0,1
B08MV26J7C,first ingredient.,1.0,1
B08MV26J7C,ingredient.,1.0,1
B08MV26J7C,ingredient. like,1.0,1
B08MV26J7C,like,1.0,4
B08MV26J7C,like sugar.,1.0,1
B08MV26J7C,sugar.,1.0,3
B08MV26J7C,sugar. please,1.0,1
B08MV26J7C,please,1.0,2
B08MV26J7C,please check,1.0,1
B08MV26J7C,check,1.0,3
B08MV26J7C,check buying.,1.0,1
B08MV26J7C,buying.,1.0,1
B08MV26J7C,buying. purchasing,1.0,1
B08MV26J7C,purchasing,1.0,1
B08MV26J7C,purchasing want,1.0,1
B08MV26J7C,want,1.0,1
B08MV26J7C,want sugar,1.0,1
B08MV26J7C,sugar substitute,1.0,1
B08MV26J7C,substitute,1.0,1
B08MV26J7C,substitute diabetic,1.0,1
B08MV26J7C,diabetic,1.0,1
B08MV26J7C,diabetic pre-diabetic,1.0,1
B08MV26J7C,pre-diabetic,1.0,1
B08MV26J7C,pre-diabetic glucose,1.0,1
B08MV26J7C,glucose,1.0,1
B08MV26J7C,glucose intolerant,1.0,1
B08MV26J7C,intolerant,1.0,1
B08MV26J7C,intolerant product,1.0,1
B08MV26J7C,product seem,1.0,1
B08MV26J7C,seem,1.0,1
B08MV26J7C,seem want.,1.0,1
B08MV26J7C,want.,1.0,2
B08MV26J7C,bad,1.0,3
B08MV26J7C,bad taste,1.0,2
B08MV26J7C,taste,1.0,4
B08MV26J7C,false,1.0,1
B08MV26J7C,false label,1.0,1
B08MV26J7C,label,1.0,4
B08MV26J7C,dextrose stevia.,1.0,1
B08MV26J7C,stevia.,1.0,1
B08MV26J7C,stevia. sugar,1.0,1
B08MV26J7C,sugar free.,1.0,2
B08MV26J7C,free.,1.0,2
B08MV26J7C,free. dextrose,1.0,1
B08MV26J7C,dextrose sugar.,1.0,1
B08MV26J7C,sugar. may,1.0,1
B08MV26J7C,may,1.0,1
B08MV26J7C,may sucrose,1.0,1
B08MV26J7C,sucrose,1.0,1
B08MV26J7C,"sucrose free,",1.0,1
B08MV26J7C,"free,",1.0,1
B08MV26J7C,"free, sugar",1.0,1
B08MV26J7C,free. calling,1.0,1
B08MV26J7C,calling,1.0,1
B08MV26J7C,calling sugar,1.0,1
B08MV26J7C,sugar free,1.0,1
B08MV26J7C,free,1.0,1
B08MV26J7C,free main,1.0,1
B08MV26J7C,main,1.0,1
B08MV26J7C,main ingredient,1.0,1
B08MV26J7C,ingredient,1.0,4
B08MV26J7C,ingredient dextrose,1.0,1
B08MV26J7C,dextrose lying.,1.0,1
B08MV26J7C,lying.,1.0,1
B08MV26J7C,lying. read,1.0,1
B08MV26J7C,read,1.0,1
B08MV26J7C,read label,1.0,1
B08MV26J7C,label properly.,1.0,1
B08MV26J7C,properly.,1.0,1
B08MV26J7C,properly. regret,1.0,1
B08MV26J7C,regret,1.0,1
B08MV26J7C,regret purchase.,1.0,1
B08MV26J7C,purchase.,1.0,2
B08MV26J7C,even,1.0,2
B08MV26J7C,even unhealhty,1.0,1
B08MV26J7C,unhealhty,1.0,1
B08MV26J7C,unhealhty sugar,1.0,1
B08MV26J7C,product dextrose,1.0,1
B08MV26J7C,dextrose maltdexitrin.,1.0,1
B08MV26J7C,maltdexitrin.,1.0,1
B08MV26J7C,maltdexitrin. maltdexitrin,1.0,1
B08MV26J7C,maltdexitrin,1.0,1
B08MV26J7C,maltdexitrin even,1.0,1
B08MV26J7C,even cheaper,1.0,1
B08MV26J7C,cheaper,1.0,1
B08MV26J7C,cheaper &,1.0,1
B08MV26J7C,&,1.0,1
B08MV26J7C,& unhealthier,1.0,1
B08MV26J7C,unhealthier,1.0,1
B08MV26J7C,unhealthier alternative,1.0,1
B08MV26J7C,alternative,1.0,1
B08MV26J7C,alternative sugar.,1.0,1
B08MV26J7C,sugar. best,1.0,1
B08MV26J7C,best,1.0,1
B08MV26J7C,best avoid.,1.0,1
B08MV26J7C,avoid.,1.0,1
B08MV26J7C,avoid. better,1.0,1
B08MV26J7C,better,1.0,1
B08MV26J7C,better find,1.0,1
B08MV26J7C,find,1.0,1
B08MV26J7C,find something,1.0,1
B08MV26J7C,something,1.0,1
B08MV26J7C,something 100%,1.0,1
B08MV26J7C,100%,1.0,1
B08MV26J7C,100% stevia,1.0,1
B08MV26J7C,stevia,1.0,2
B08MV26J7C,stevia made,1.0,1
B08MV26J7C,made,1.0,1
B08MV26J7C,made filler,1.0,1
B08MV26J7C,filler,1.0,1
B08MV26J7C,filler hidden,1.0,1
B08MV26J7C,hidden,1.0,1
B08MV26J7C,hidden ingredients....,1.0,1
B08MV26J7C,ingredients....,1.0,2
B08MV26J7C,recommended..it's,1.0,1
B08MV26J7C,recommended..it's natural,1.0,1
B08MV26J7C,natural,1.0,4
B08MV26J7C,evil,1.0,1
B08MV26J7C,evil advertisement,1.0,1
B08MV26J7C,advertisement,1.0,1
B08MV26J7C,advertisement scheme,1.0,1
B08MV26J7C,scheme,1.0,2
B08MV26J7C,please buy,1.0,1
B08MV26J7C,buy,1.0,2
B08MV26J7C,buy this.,1.0,1
B08MV26J7C,this.,1.0,1
B08MV26J7C,this. really,1.0,1
B08MV26J7C,really,1.0,1
B08MV26J7C,really bad,1.0,1
B08MV26J7C,"bad health,",1.0,1
B08MV26J7C,"health,",1.0,1
B08MV26J7C,"health, includes",1.0,1
B08MV26J7C,includes,1.0,1
B08MV26J7C,includes dextrose,1.0,1
B08MV26J7C,dextrose maltodextrose,1.0,1
B08MV26J7C,maltodextrose,1.0,1
B08MV26J7C,maltodextrose spike,1.0,1
B08MV26J7C,spike,1.0,1
B08MV26J7C,spike insulin,1.0,1
B08MV26J7C,insulin,1.0,1
B08MV26J7C,insulin levels.,1.0,1
B08MV26J7C,levels.,1.0,1
B08MV26J7C,levels. keep,1.0,1
B08MV26J7C,keep,1.0,1
B08MV26J7C,keep away,1.0,1
B08MV26J7C,away,1.0,1
B08MV26J7C,away brand,1.0,1
B08MV26J7C,brand,1.0,2
B08MV26J7C,brand buy,1.0,1
B08MV26J7C,buy legitimate,1.0,1
B08MV26J7C,legitimate,1.0,1
B08MV26J7C,legitimate brand,1.0,1
B08MV26J7C,brand include,1.0,1
B08MV26J7C,include,1.0,1
B08MV26J7C,include ingredients.,1.0,1
B08MV26J7C,ingredients.,1.0,2
B08MV26J7C,joke...if,1.0,1
B08MV26J7C,joke...if u,1.0,1
B08MV26J7C,u,1.0,1
B08MV26J7C,u see,1.0,1
B08MV26J7C,see,1.0,1
B08MV26J7C,see ingredient,1.0,1
B08MV26J7C,maltodextrin,1.0,1
B08MV26J7C,maltodextrin dextrose,1.0,1
B08MV26J7C,dextrose ingredients...defeat,1.0,1
B08MV26J7C,ingredients...defeat,1.0,1
B08MV26J7C,ingredients...defeat purpose,1.0,1
B08MV26J7C,purpose,1.0,2
B08MV26J7C,purpose using,1.0,1
B08MV26J7C,using,1.0,1
B08MV26J7C,using stevia..,1.0,1
B08MV26J7C,stevia..,1.0,2
B08MV26J7C,contains sugar,1.0,1
B08MV26J7C,check nutrition,1.0,1
B08MV26J7C,nutrition,1.0,1
B08MV26J7C,nutrition label,1.0,1
B08MV26J7C,label sugar,1.0,1
B08MV26J7C,sugar secondly,1.0,1
B08MV26J7C,secondly,1.0,1
B08MV26J7C,secondly check,1.0,1
B08MV26J7C,check ingredient,1.0,1
B08MV26J7C,ingredient bulking,1.0,1
B08MV26J7C,bulking,1.0,1
B08MV26J7C,bulking agent,1.0,1
B08MV26J7C,agent,1.0,1
B08MV26J7C,agent like,1.0,1
B08MV26J7C,like dextrose.,1.0,1
B08MV26J7C,dextrose.,1.0,1
B08MV26J7C,dextrose. dextrose,1.0,1
B08MV26J7C,dextrose mean,1.0,1
B08MV26J7C,mean,1.0,2
B08MV26J7C,mean getting,1.0,1
B08MV26J7C,getting,1.0,1
B08MV26J7C,getting sugar,1.0,1
B08MV26J7C,sugar .,1.0,1
B08MV26J7C,.,1.0,2
B08MV26J7C,dangerous,1.0,2
B08MV26J7C,dangerous maltodextrin.,1.0,1
B08MV26J7C,maltodextrin.,1.0,2
B08MV26J7C,maltodextrin. buy.,1.0,1
B08MV26J7C,buy.,1.0,2
B08MV26J7C,aware,1.0,1
B08MV26J7C,aware contains,1.0,1
B08MV26J7C,contains dangerous,1.0,1
B08MV26J7C,dangerous thickener,1.0,1
B08MV26J7C,thickener,1.0,1
B08MV26J7C,thickener called,1.0,1
B08MV26J7C,called,1.0,1
B08MV26J7C,"called maltodextrin,",1.0,1
B08MV26J7C,"maltodextrin,",1.0,1
B08MV26J7C,"maltodextrin, realized",1.0,1
B08MV26J7C,realized,1.0,1
B08MV26J7C,realized gi,1.0,1
B08MV26J7C,gi,1.0,1
B08MV26J7C,gi index,1.0,1
B08MV26J7C,index,1.0,1
B08MV26J7C,index 110,1.0,1
B08MV26J7C,110,1.0,1
B08MV26J7C,"110 ,",1.0,1
B08MV26J7C,",",1.0,1
B08MV26J7C,", regular",1.0,1
B08MV26J7C,regular,1.0,2
B08MV26J7C,regular sugar,1.0,2
B08MV26J7C,"sugar 65,",1.0,1
B08MV26J7C,"65,",1.0,1
B08MV26J7C,"65, mean",1.0,1
B08MV26J7C,mean purpose,1.0,1
B08MV26J7C,purpose stevia,1.0,1
B08MV26J7C,stevia nullified,1.0,1
B08MV26J7C,nullified,1.0,1
B08MV26J7C,nullified defeated.,1.0,1
B08MV26J7C,defeated.,1.0,1
B08MV26J7C,defeated. what's,1.0,1
B08MV26J7C,what's,1.0,1
B08MV26J7C,what's point,1.0,1
B08MV26J7C,point,1.0,1
B08MV26J7C,point eating,1.0,1
B08MV26J7C,eating,1.0,1
B08MV26J7C,eating double,1.0,1
B08MV26J7C,double,1.0,1
B08MV26J7C,double dosage,1.0,1
B08MV26J7C,dosage,1.0,1
B08MV26J7C,dosage sugar,1.0,1
B08MV26J7C,sugar cunningly,1.0,1
B08MV26J7C,cunningly,1.0,1
B08MV26J7C,cunningly entitled,1.0,1
B08MV26J7C,entitled,1.0,1
B08MV26J7C,entitled sugar,1.0,1
B08MV26J7C,sugar free?,1.0,1
B08MV26J7C,free?,1.0,1
B08MV26J7C,free? government,1.0,1
B08MV26J7C,government,1.0,1
B08MV26J7C,government ban,1.0,1
B08MV26J7C,ban,1.0,1
B08MV26J7C,ban use,1.0,1
B08MV26J7C,use,1.0,1
B08MV26J7C,use maltodextrin.,1.0,1
B08MV26J7C,maltodextrin. raised,1.0,1
B08MV26J7C,raised,1.0,1
B08MV26J7C,raised blood,1.0,1
B08MV26J7C,blood,1.0,1
B08MV26J7C,blood sugar,1.0,1
B08MV26J7C,sugar like,1.0,1
B08MV26J7C,like never,1.0,1
B08MV26J7C,never,1.0,1
B08MV26J7C,"never before,",1.0,1
B08MV26J7C,"before,",1.0,1
B08MV26J7C,"before, found",1.0,1
B08MV26J7C,found,1.0,1
B08MV26J7C,found culprit.,1.0,1
B08MV26J7C,culprit.,1.0,1
B08MV26J7C,culprit. regular,1.0,1
B08MV26J7C,sugar seems,1.0,1
B08MV26J7C,seems,1.0,1
B08MV26J7C,seems like,1.0,1
B08MV26J7C,like savior.,1.0,1
B08MV26J7C,savior.,1.0,2
B08MV26J7C,good,4.0,6
B08MV26J7C,good product,4.0,2
B08MV26J7C,product,4.0,4
B08MV26J7C,easy,4.0,1
B08MV26J7C,easy use,4.0,1
B08MV26J7C,use,4.0,1
B08MV26J7C,use good,4.0,1
B08MV26J7C,good substitute,4.0,2
B08MV26J7C,substitute,4.0,3
B08MV26J7C,substitute sugar.,4.0,1
B08MV26J7C,sugar.,4.0,2
B08MV26J7C,nice,4.0,2
B08MV26J7C,product,3.0,8
B08MV26J7C,product good,3.0,2
B08MV26J7C,good,3.0,3
B08MV26J7C,good price,3.0,1
B08MV26J7C,price,3.0,2
B08MV26J7C,price high.,3.0,1
B08MV26J7C,high.,3.0,2
B08MV26J7C,low,3.0,1
B08MV26J7C,low sweetness,3.0,1
B08MV26J7C,sweetness,3.0,2
B08MV26J7C,sweetness product,3.0,1
B08MV26J7C,lower,3.0,1
B08MV26J7C,lower sweetness,3.0,1
B08MV26J7C,sweetness product/,3.0,1
B08MV26J7C,product/,3.0,1
B08MV26J7C,product/ value,3.0,1
B08MV26J7C,value,3.0,1
B08MV26J7C,value price,3.0,1
B08MV26J7C,price product,3.0,1
B08MV26J7C,nice,3.0,3
B08MV26J7C,nice product,3.0,1
B08MV26J7C,stevia,3.0,4
B08MV26J7C,big,3.0,1
B08MV26J7C,big packet.,3.0,1
B08MV26J7C,packet.,3.0,1
B08MV26J7C,packet. please,3.0,1
B08MV26J7C,please,3.0,1
B08MV26J7C,please buy,3.0,1
B08MV26J7C,buy,3.0,1
B08MV26J7C,buy tasted,3.0,1
B08MV26J7C,tasted,3.0,1
B08MV26J7C,tasted stevia,3.0,1
B08MV26J7C,stevia before.,3.0,1
B08MV26J7C,before.,3.0,1
B08MV26J7C,before. went,3.0,1
B08MV26J7C,went,3.0,1
B08MV26J7C,went bought,3.0,1
B08MV26J7C,bought,3.0,1
B08MV26J7C,bought biggest,3.0,1
B08MV26J7C,biggest,3.0,1
B08MV26J7C,biggest packet,3.0,1
B08MV26J7C,packet,3.0,1
B08MV26J7C,packet feel,3.0,1
B08MV26J7C,feel,3.0,1
B08MV26J7C,feel like,3.0,1
B08MV26J7C,like,3.0,1
B08MV26J7C,like drinking,3.0,1
B08MV26J7C,drinking,3.0,1
B08MV26J7C,drinking stevia,3.0,1
B08MV26J7C,stevia sweetened,3.0,1
B08MV26J7C,sweetened,3.0,1
B08MV26J7C,sweetened coffee,3.0,1
B08MV26J7C,coffee,3.0,1
B08MV26J7C,coffee first,3.0,1
B08MV26J7C,first,3.0,1
B08MV26J7C,first cup,3.0,1
B08MV26J7C,cup,3.0,1
B08MV26J7C,cup still,3.0,1
B08MV26J7C,still,3.0,1
B08MV26J7C,still sitting,3.0,1
B08MV26J7C,sitting,3.0,1
B08MV26J7C,sitting kitchen,3.0,1
B08MV26J7C,kitchen,3.0,1
B08MV26J7C,kitchen cupboard.,3.0,1
B08MV26J7C,cupboard.,3.0,2
B082TC6KL9,sugarfree,1.0,4
B082TC6KL9,form,1.0,1
B082TC6KL9,form sweetners,1.0,1
B082TC6KL9,sweetners,1.0,1
B082TC6KL9,sweetners making,1.0,1
B082TC6KL9,making,1.0,1
B082TC6KL9,making sugarfree,1.0,1
B082TC6KL9,us,1.0,1
B082TC6KL9,us maltodextrin,1.0,1
B082TC6KL9,maltodextrin,1.0,4
B082TC6KL9,maltodextrin even,1.0,1
B082TC6KL9,even,1.0,1
B082TC6KL9,even worse,1.0,1
B082TC6KL9,worse,1.0,1
B082TC6KL9,worse body,1.0,1
B082TC6KL9,body,1.0,1
B082TC6KL9,body normal,1.0,1
B082TC6KL9,normal,1.0,1
B082TC6KL9,normal household,1.0,1
B082TC6KL9,household,1.0,1
B082TC6KL9,household sugars.,1.0,1
B082TC6KL9,sugars.,1.0,1
B082TC6KL9,sugars. using,1.0,1
B082TC6KL9,using,1.0,1
B082TC6KL9,using maltodextrin,1.0,1
B082TC6KL9,maltodextrin calling,1.0,1
B082TC6KL9,calling,1.0,1
B082TC6KL9,calling sugar,1.0,1
B082TC6KL9,sugar,1.0,3
B082TC6KL9,sugar free?,1.0,1
B082TC6KL9,free?,1.0,1
B082TC6KL9,free? scammers.,1.0,1
B082TC6KL9,scammers.,1.0,1
B082TC6KL9,scammers. buy,1.0,1
B082TC6KL9,buy,1.0,2
B082TC6KL9,"tasteless,",1.0,1
B082TC6KL9,"tasteless, bland",1.0,1
B082TC6KL9,bland,1.0,2
B082TC6KL9,bland product.,1.0,1
B082TC6KL9,product.,1.0,2
B082TC6KL9,marketed,1.0,1
B082TC6KL9,marketed sugar,1.0,1
B082TC6KL9,sugar free,1.0,1
B082TC6KL9,free,1.0,1
B082TC6KL9,free stevia,1.0,1
B082TC6KL9,stevia,1.0,2
B082TC6KL9,"stevia powder,",1.0,1
B082TC6KL9,"powder,",1.0,1
B082TC6KL9,"powder, whose",1.0,1
B082TC6KL9,whose,1.0,1
B082TC6KL9,whose one,1.0,1
B082TC6KL9,one,1.0,2
B082TC6KL9,one scoop,1.0,1
B082TC6KL9,scoop,1.0,1
B082TC6KL9,scoop equivalent,1.0,1
B082TC6KL9,equivalent,1.0,1
B082TC6KL9,equivalent one,1.0,1
B082TC6KL9,one spoon,1.0,1
B082TC6KL9,spoon,1.0,1
B082TC6KL9,spoon sugar,1.0,1
B082TC6KL9,"sugar sweetness,",1.0,1
B082TC6KL9,"sweetness,",1.0,1
B082TC6KL9,"sweetness, absolutely",1.0,1
B082TC6KL9,absolutely,1.0,1
B082TC6KL9,absolutely insipid,1.0,1
B082TC6KL9,insipid,1.0,1
B082TC6KL9,insipid granular.,1.0,1
B082TC6KL9,granular.,1.0,1
B082TC6KL9,granular. kindly,1.0,1
B082TC6KL9,kindly,1.0,1
B082TC6KL9,kindly discontinue,1.0,1
B082TC6KL9,discontinue,1.0,1
B082TC6KL9,discontinue selling,1.0,1
B082TC6KL9,selling,1.0,1
B082TC6KL9,selling tasteless,1.0,1
B082TC6KL9,tasteless,1.0,1
B082TC6KL9,tasteless stevia,1.0,1
B082TC6KL9,stevia look-alike,1.0,1
B082TC6KL9,look-alike,1.0,1
B082TC6KL9,look-alike bland,1.0,1
B082TC6KL9,bland product,1.0,1
B082TC6KL9,product,1.0,2
B082TC6KL9,product site.,1.0,1
B082TC6KL9,site.,1.0,2
B082TC6KL9,maltodextrine,1.0,1
B082TC6KL9,maltodextrine dextrose,1.0,1
B082TC6KL9,dextrose,1.0,2
B082TC6KL9,dextrose ...joke,1.0,1
B082TC6KL9,...joke,1.0,2
B082TC6KL9,ingredient,1.0,1
B082TC6KL9,ingredient dextrose,1.0,1
B082TC6KL9,dextrose maltodextrine...really,1.0,1
B082TC6KL9,maltodextrine...really,1.0,1
B082TC6KL9,maltodextrine...really product,1.0,1
B082TC6KL9,product sold,1.0,1
B082TC6KL9,sold,1.0,1
B082TC6KL9,sold increase,1.0,1
B082TC6KL9,increase,1.0,1
B082TC6KL9,increase glucose,1.0,1
B082TC6KL9,glucose,1.0,1
B082TC6KL9,glucose insulin..complete,1.0,1
B082TC6KL9,insulin..complete,1.0,1
B082TC6KL9,insulin..complete joke...brand,1.0,1
B082TC6KL9,joke...brand,1.0,1
B082TC6KL9,joke...brand fooling,1.0,1
B082TC6KL9,fooling,1.0,1
B082TC6KL9,fooling people,1.0,1
B082TC6KL9,people,1.0,2
B082TC6KL9,perfect,5.0,2
B082TC6KL9,perfect substitute,5.0,2
B082TC6KL9,substitute,5.0,2
B082TC6KL9,substitute sugar,5.0,1
B082TC6KL9,sugar,5.0,3
B082TC6KL9,"diet,cravings",5.0,1
B082TC6KL9,"diet,cravings normal",5.0,1
B082TC6KL9,normal,5.0,1
B082TC6KL9,normal overcome,5.0,1
B082TC6KL9,overcome,5.0,1
B082TC6KL9,"overcome them,",5.0,1
B082TC6KL9,"them,",5.0,1
B082TC6KL9,"them, successful",5.0,1
B082TC6KL9,successful,5.0,1
B082TC6KL9,successful step,5.0,1
B082TC6KL9,step,5.0,1
B082TC6KL9,step fitness,5.0,1
B082TC6KL9,fitness,5.0,1
B082TC6KL9,fitness journey.,5.0,1
B082TC6KL9,journey.,5.0,1
B082TC6KL9,journey. product,5.0,1
B082TC6KL9,product,5.0,1
B082TC6KL9,product made,5.0,1
B082TC6KL9,made,5.0,1
B082TC6KL9,made life,5.0,1
B082TC6KL9,life,5.0,1
B082TC6KL9,life easy,5.0,1
B082TC6KL9,easy,5.0,1
B082TC6KL9,easy acting,5.0,1
B082TC6KL9,acting,5.0,1
B082TC6KL9,acting perfect,5.0,1
B082TC6KL9,"substitute tea,",5.0,1
B082TC6KL9,"tea,",5.0,1
B082TC6KL9,"tea, coffee",5.0,1
B082TC6KL9,coffee,5.0,1
B082TC6KL9,coffee sweet,5.0,1
B082TC6KL9,sweet,5.0,1
B082TC6KL9,sweet crave,5.0,1
B082TC6KL9,crave,5.0,1
B082TC6KL9,crave for!,5.0,1
B082TC6KL9,for!,5.0,1
B082TC6KL9,for! make,5.0,1
B082TC6KL9,make,5.0,1
B082TC6KL9,make diet,5.0,1
B082TC6KL9,diet,5.0,1
B082TC6KL9,diet happy-go-lucky.,5.0,1
B082TC6KL9,happy-go-lucky.,5.0,2
B082TC6KL9,fine,5.0,1
B082TC6KL9,fine ulternative,5.0,1
B082TC6KL9,ulternative,5.0,2
B082TC6KL9,i'm,5.0,1
B082TC6KL9,i'm using,5.0,1
B082TC6KL9,using,5.0,1
B082TC6KL9,using regularly,5.0,1
B082TC6KL9,regularly,5.0,2
B082TC6KL9,excellent,5.0,1
B082TC6KL9,excellent sugar-free,5.0,1
B082TC6KL9,sugar-free,5.0,1
B082TC6KL9,sugar-free item,5.0,1
B082TC6KL9,item,5.0,2
B082TC6KL9,think,5.0,1
B082TC6KL9,think reviewed,5.0,1
B082TC6KL9,reviewed,5.0,1
B082TC6KL9,reviewed sugar,5.0,1
B082TC6KL9,sugar free,5.0,1
B082TC6KL9,free,5.0,1
B082TC6KL9,free green,5.0,1
B082TC6KL9,green,5.0,1
B082TC6KL9,green before.,5.0,1
B082TC6KL9,before.,5.0,1
B082TC6KL9,before. anyway!,5.0,1
B082TC6KL9,anyway!,5.0,2
B082TC6KL9,delay,3.0,1
B082TC6KL9,delay delivery,3.0,1
B082TC6KL9,delivery,3.0,1
B082TC6KL9,delivery value,3.0,1
B082TC6KL9,value,3.0,1
B082TC6KL9,value money,3.0,1
B082TC6KL9,money,3.0,2
B082TC6KL9,average,3.0,1
B082TC6KL9,average product,3.0,1
B082TC6KL9,product,3.0,2
B082TC6KL9,"good,not",3.0,1
B082TC6KL9,"good,not useful",3.0,1
B082TC6KL9,useful,3.0,2
B082TC6KL9,good,3.0,2
B082TC6KL9,good,4.0,1
B082TC6KL9,good substitute,4.0,1
B082TC6KL9,substitute,4.0,1
B082TC6KL9,substitute sugar,4.0,1
B082TC6KL9,sugar,4.0,5
B082TC6KL9,take,4.0,1
B082TC6KL9,take get,4.0,1
B082TC6KL9,get,4.0,1
B082TC6KL9,get used,4.0,1
B082TC6KL9,used,4.0,2
B082TC6KL9,used taste,4.0,1
B082TC6KL9,taste,4.0,2
B082TC6KL9,taste day,4.0,1
B082TC6KL9,day,4.0,1
B082TC6KL9,day begin,4.0,1
B082TC6KL9,begin,4.0,1
B082TC6KL9,begin like,4.0,1
B082TC6KL9,like,4.0,1
B082TC6KL9,like it.,4.0,1
B082TC6KL9,it.,4.0,1
B082TC6KL9,it. wish,4.0,1
B082TC6KL9,wish,4.0,1
B082TC6KL9,wish would,4.0,1
B082TC6KL9,would,4.0,1
B082TC6KL9,would add,4.0,1
B082TC6KL9,add,4.0,1
B082TC6KL9,add spoon,4.0,1
B082TC6KL9,spoon,4.0,1
B082TC6KL9,spoon inside,4.0,1
B082TC6KL9,inside,4.0,1
B082TC6KL9,inside bottle,4.0,1
B082TC6KL9,bottle,4.0,1
B082TC6KL9,bottle correct,4.0,1
B082TC6KL9,correct,4.0,1
B082TC6KL9,correct measure.,4.0,1
B082TC6KL9,measure.,4.0,2
B082TC6KL9,healthy,4.0,1
B082TC6KL9,healthy sugar,4.0,1
B082TC6KL9,sugar alternative,4.0,1
B082TC6KL9,alternative,4.0,2
B082TC6KL9,use,4.0,1
B082TC6KL9,use recipe,4.0,1
B082TC6KL9,recipe,4.0,1
B082TC6KL9,recipe sugar,4.0,1
B082TC6KL9,sugar requirement,4.0,1
B082TC6KL9,requirement,4.0,1
B082TC6KL9,requirement .,4.0,1
B082TC6KL9,.,4.0,1
B082TC6KL9,. change,4.0,1
B082TC6KL9,change,4.0,1
B082TC6KL9,change taste,4.0,1
B082TC6KL9,taste used,4.0,1
B082TC6KL9,used amount,4.0,1
B082TC6KL9,amount,4.0,1
B082TC6KL9,amount case,4.0,1
B082TC6KL9,case,4.0,1
B082TC6KL9,"case ,",4.0,1
B082TC6KL9,",",4.0,1
B082TC6KL9,", half",4.0,1
B082TC6KL9,half,4.0,2
B082TC6KL9,half sugar,4.0,1
B082TC6KL9,sugar half,4.0,1
B082TC6KL9,half stevia.,4.0,1
B082TC6KL9,stevia.,4.0,2
B079Z36PRK,terrible,1.0,1
B079Z36PRK,terrible taste.,1.0,1
B079Z36PRK,taste.,1.0,3
B079Z36PRK,taste,1.0,3
B079Z36PRK,taste horrible,1.0,1
B079Z36PRK,horrible,1.0,1
B079Z36PRK,horrible sore,1.0,1
B079Z36PRK,sore,1.0,1
B079Z36PRK,"sore throat,",1.0,1
B079Z36PRK,"throat,",1.0,1
B079Z36PRK,"throat, make",1.0,1
B079Z36PRK,make,1.0,1
B079Z36PRK,make worse.,1.0,1
B079Z36PRK,worse.,1.0,1
B079Z36PRK,worse. horrible.,1.0,1
B079Z36PRK,horrible.,1.0,2
B079Z36PRK,waste,1.0,1
B079Z36PRK,waste money,1.0,1
B079Z36PRK,money,1.0,2
B079Z36PRK,sweetner,1.0,1
B079Z36PRK,sweetner stevia,1.0,1
B079Z36PRK,stevia,1.0,1
B079Z36PRK,stevia taste.,1.0,1
B079Z36PRK,taste. seems,1.0,1
B079Z36PRK,seems,1.0,1
B079Z36PRK,"seems chemical,",1.0,1
B079Z36PRK,"chemical,",1.0,1
B079Z36PRK,"chemical, cause",1.0,1
B079Z36PRK,cause,1.0,1
B079Z36PRK,cause slow,1.0,1
B079Z36PRK,slow,1.0,1
B079Z36PRK,slow memory,1.0,1
B079Z36PRK,memory,1.0,1
B079Z36PRK,memory loss.,1.0,1
B079Z36PRK,loss.,1.0,1
B079Z36PRK,loss. using,1.0,1
B079Z36PRK,using,1.0,1
B079Z36PRK,using almost,1.0,1
B079Z36PRK,almost,1.0,1
B079Z36PRK,almost 2,1.0,1
B079Z36PRK,2,1.0,1
B079Z36PRK,2 years.,1.0,1
B079Z36PRK,years.,1.0,1
B079Z36PRK,years. thank,1.0,1
B079Z36PRK,thank,1.0,1
B079Z36PRK,"thank god,",1.0,1
B079Z36PRK,"god,",1.0,1
B079Z36PRK,"god, knew",1.0,1
B079Z36PRK,knew,1.0,1
B079Z36PRK,knew effect,1.0,1
B079Z36PRK,effect,1.0,1
B079Z36PRK,effect stopped,1.0,1
B079Z36PRK,stopped,1.0,1
B079Z36PRK,stopped use.,1.0,1
B079Z36PRK,use.,1.0,2
B079Z36PRK,bad,1.0,3
B079Z36PRK,dislike,1.0,1
B079Z36PRK,dislike possible,1.0,1
B079Z36PRK,possible,1.0,1
B079Z36PRK,possible return,1.0,1
B079Z36PRK,return,1.0,1
B079Z36PRK,return &,1.0,1
B079Z36PRK,&,1.0,1
B079Z36PRK,"& refund,",1.0,1
B079Z36PRK,"refund,",1.0,1
B079Z36PRK,"refund, thanks",1.0,1
B079Z36PRK,thanks,1.0,2
B079Z36PRK,hopeless,1.0,2
B079Z36PRK,hopeless product,1.0,2
B079Z36PRK,product,1.0,4
B079Z36PRK,bad taste,1.0,1
B079Z36PRK,taste's,1.0,1
B079Z36PRK,taste's like,1.0,1
B079Z36PRK,like,1.0,1
B079Z36PRK,like medicine,1.0,1
B079Z36PRK,medicine,1.0,2
B079Z36PRK,best,5.0,2
B079Z36PRK,best product,5.0,1
B079Z36PRK,product,5.0,8
B079Z36PRK,product ever,5.0,1
B079Z36PRK,ever,5.0,2
B079Z36PRK,today's,5.0,1
B079Z36PRK,today's run-of-the-mill,5.0,1
B079Z36PRK,run-of-the-mill,5.0,1
B079Z36PRK,"run-of-the-mill life,",5.0,1
B079Z36PRK,"life,",5.0,2
B079Z36PRK,"life, much",5.0,1
B079Z36PRK,much,5.0,1
B079Z36PRK,"much exercise,",5.0,1
B079Z36PRK,"exercise,",5.0,1
B079Z36PRK,"exercise, yoga,",5.0,1
B079Z36PRK,"yoga,",5.0,1
B079Z36PRK,"yoga, zumba",5.0,1
B079Z36PRK,zumba,5.0,1
B079Z36PRK,"zumba want,",5.0,1
B079Z36PRK,"want,",5.0,1
B079Z36PRK,"want, unless",5.0,1
B079Z36PRK,unless,5.0,1
B079Z36PRK,unless diet,5.0,1
B079Z36PRK,diet,5.0,1
B079Z36PRK,"diet proper,",5.0,1
B079Z36PRK,"proper,",5.0,1
B079Z36PRK,"proper, use,",5.0,1
B079Z36PRK,"use,",5.0,1
B079Z36PRK,"use, sugar",5.0,1
B079Z36PRK,sugar,5.0,5
B079Z36PRK,sugar big,5.0,1
B079Z36PRK,big,5.0,1
B079Z36PRK,big contribution,5.0,1
B079Z36PRK,contribution,5.0,1
B079Z36PRK,contribution fit,5.0,1
B079Z36PRK,fit,5.0,1
B079Z36PRK,"fit life,",5.0,1
B079Z36PRK,"life, that's",5.0,1
B079Z36PRK,that's,5.0,1
B079Z36PRK,that's sugar,5.0,1
B079Z36PRK,sugar first,5.0,1
B079Z36PRK,first,5.0,1
B079Z36PRK,first all.,5.0,1
B079Z36PRK,all.,5.0,1
B079Z36PRK,all. instead,5.0,1
B079Z36PRK,instead,5.0,1
B079Z36PRK,instead adopting,5.0,1
B079Z36PRK,adopting,5.0,1
B079Z36PRK,adopting #sugarfree..,5.0,1
B079Z36PRK,#sugarfree..,5.0,1
B079Z36PRK,#sugarfree.. value,5.0,1
B079Z36PRK,value,5.0,1
B079Z36PRK,value money..,5.0,1
B079Z36PRK,money..,5.0,2
B079Z36PRK,good,5.0,14
B079Z36PRK,better,5.0,2
B079Z36PRK,better sugar,5.0,2
B079Z36PRK,zero,5.0,1
B079Z36PRK,"zero calories,",5.0,1
B079Z36PRK,"calories,",5.0,1
B079Z36PRK,"calories, fairly",5.0,1
B079Z36PRK,fairly,5.0,1
B079Z36PRK,fairly good,5.0,1
B079Z36PRK,good taste,5.0,1
B079Z36PRK,taste,5.0,2
B079Z36PRK,add,5.0,1
B079Z36PRK,add tea,5.0,1
B079Z36PRK,tea,5.0,1
B079Z36PRK,tea milk,5.0,1
B079Z36PRK,milk,5.0,2
B079Z36PRK,nice,5.0,5
B079Z36PRK,nice product,5.0,1
B079Z36PRK,like,5.0,6
B079Z36PRK,like product,5.0,1
B079Z36PRK,product much.,5.0,1
B079Z36PRK,much.,5.0,2
B079Z36PRK,go,5.0,1
B079Z36PRK,go it!!!!,5.0,1
B079Z36PRK,it!!!!,5.0,2
B079Z36PRK,worth,5.0,1
B079Z36PRK,worth buying.,5.0,1
B079Z36PRK,buying.,5.0,2
B079Z36PRK,best use,5.0,1
B079Z36PRK,use,5.0,3
B079Z36PRK,ease,5.0,1
B079Z36PRK,ease use,5.0,1
B079Z36PRK,use &,5.0,1
B079Z36PRK,&,5.0,1
B079Z36PRK,& like,5.0,1
B079Z36PRK,like flavor,5.0,1
B079Z36PRK,flavor,5.0,2
B079Z36PRK,good product,5.0,2
B079Z36PRK,world,5.0,2
B079Z36PRK,world class,5.0,2
B079Z36PRK,class,5.0,4
B079Z36PRK,good diabetic,5.0,1
B079Z36PRK,diabetic,5.0,2
B079Z36PRK,sugar free,5.0,1
B079Z36PRK,free,5.0,1
B079Z36PRK,free tablet,5.0,1
B079Z36PRK,tablet,5.0,2
B079Z36PRK,v,5.0,1
B079Z36PRK,v nice,5.0,1
B079Z36PRK,thanks,5.0,1
B079Z36PRK,thanks sell,5.0,1
B079Z36PRK,sell,5.0,1
B079Z36PRK,sell proper,5.0,1
B079Z36PRK,proper,5.0,1
B079Z36PRK,proper reasonable,5.0,1
B079Z36PRK,reasonable,5.0,1
B079Z36PRK,reasonable price,5.0,1
B079Z36PRK,price,5.0,1
B079Z36PRK,price point...please,5.0,1
B079Z36PRK,point...please,5.0,1
B079Z36PRK,point...please maintain,5.0,1
B079Z36PRK,maintain,5.0,1
B079Z36PRK,maintain same...thanks,5.0,1
B079Z36PRK,same...thanks,5.0,2
B079Z36PRK,health,5.0,1
B079Z36PRK,health benefit,5.0,1
B079Z36PRK,benefit,5.0,2
B079Z36PRK,plant,5.0,1
B079Z36PRK,plant based,5.0,1
B079Z36PRK,based,5.0,1
B079Z36PRK,based product.,5.0,1
B079Z36PRK,product.,5.0,1
B079Z36PRK,product. good,5.0,1
B079Z36PRK,good prediabetics.,5.0,1
B079Z36PRK,prediabetics.,5.0,2
B079Z36PRK,"good product,",5.0,1
B079Z36PRK,"product,",5.0,1
B079Z36PRK,"product, liked",5.0,1
B079Z36PRK,liked,5.0,2
B079Z36PRK,good item,5.0,1
B079Z36PRK,item,5.0,2
B079Z36PRK,natural.,5.0,2
B079Z36PRK,people,5.0,2
B079Z36PRK,people want,5.0,2
B079Z36PRK,want,5.0,2
B079Z36PRK,want stevia,5.0,2
B079Z36PRK,stevia,5.0,2
B079Z36PRK,stevia try,5.0,2
B079Z36PRK,try,5.0,3
B079Z36PRK,try good,5.0,1
B079Z36PRK,good quality,5.0,1
B079Z36PRK,quality,5.0,1
B079Z36PRK,quality little,5.0,1
B079Z36PRK,little,5.0,1
B079Z36PRK,little sweeter,5.0,1
B079Z36PRK,sweeter,5.0,1
B079Z36PRK,sweeter side,5.0,1
B079Z36PRK,side,5.0,2
B079Z36PRK,good,4.0,10
B079Z36PRK,conveniently,4.0,1
B079Z36PRK,conveniently packed.,4.0,1
B079Z36PRK,packed.,4.0,1
B079Z36PRK,packed. easy,4.0,1
B079Z36PRK,easy,4.0,1
B079Z36PRK,easy use..,4.0,1
B079Z36PRK,use..,4.0,2
B079Z36PRK,liked,4.0,1
B079Z36PRK,liked product,4.0,1
B079Z36PRK,product,4.0,1
B079Z36PRK,product totally!,4.0,1
B079Z36PRK,totally!,4.0,1
B079Z36PRK,totally! still,4.0,1
B079Z36PRK,still,4.0,2
B079Z36PRK,still give,4.0,1
B079Z36PRK,give,4.0,1
B079Z36PRK,give 4,4.0,1
B079Z36PRK,4,4.0,1
B079Z36PRK,4 star,4.0,1
B079Z36PRK,star,4.0,1
B079Z36PRK,star exercise,4.0,1
B079Z36PRK,exercise,4.0,1
B079Z36PRK,exercise caution.,4.0,1
B079Z36PRK,caution.,4.0,1
B079Z36PRK,caution. still,4.0,1
B079Z36PRK,still dont,4.0,1
B079Z36PRK,dont,4.0,1
B079Z36PRK,dont know,4.0,1
B079Z36PRK,know,4.0,1
B079Z36PRK,know little,4.0,1
B079Z36PRK,little,4.0,1
B079Z36PRK,little tablet,4.0,1
B079Z36PRK,tablet,4.0,1
B079Z36PRK,tablet finally,4.0,1
B079Z36PRK,finally,4.0,1
B079Z36PRK,finally behave,4.0,1
B079Z36PRK,behave,4.0,1
B079Z36PRK,behave systems.,4.0,1
B079Z36PRK,systems.,4.0,1
B079Z36PRK,systems. trust,4.0,1
B079Z36PRK,trust,4.0,1
B079Z36PRK,trust description,4.0,1
B079Z36PRK,description,4.0,1
B079Z36PRK,description fully,4.0,1
B079Z36PRK,fully,4.0,1
B079Z36PRK,fully natural,4.0,1
B079Z36PRK,natural,4.0,1
B079Z36PRK,"natural extract,",4.0,1
B079Z36PRK,"extract,",4.0,1
B079Z36PRK,"extract, though.",4.0,1
B079Z36PRK,though.,4.0,1
B079Z36PRK,though. well,4.0,1
B079Z36PRK,well,4.0,1
B079Z36PRK,well alright,4.0,1
B079Z36PRK,alright,4.0,1
B079Z36PRK,alright taste,4.0,1
B079Z36PRK,taste,4.0,2
B079Z36PRK,taste good,4.0,1
B079Z36PRK,good substitute,4.0,1
B079Z36PRK,substitute,4.0,1
B079Z36PRK,substitute sugar.,4.0,1
B079Z36PRK,sugar.,4.0,3
B079Z36PRK,sugar. highly,4.0,1
B079Z36PRK,highly,4.0,1
B079Z36PRK,highly recommend.,4.0,1
B079Z36PRK,recommend.,4.0,2
B079Z36PRK,quite,4.0,1
B079Z36PRK,quite good,4.0,1
B079Z36PRK,good -,4.0,1
B079Z36PRK,-,4.0,1
B079Z36PRK,- take,4.0,1
B079Z36PRK,take,4.0,1
B079Z36PRK,take min,4.0,1
B079Z36PRK,min,4.0,1
B079Z36PRK,min dissolve...,4.0,1
B079Z36PRK,dissolve...,4.0,2
B079Z36PRK,excellent,4.0,1
B079Z36PRK,excellent alternative,4.0,1
B079Z36PRK,alternative,4.0,1
B079Z36PRK,alternative sugar,4.0,1
B079Z36PRK,sugar,4.0,1
B079Z36PRK,sugar expect,4.0,1
B079Z36PRK,expect,4.0,1
B079Z36PRK,expect end,4.0,1
B079Z36PRK,end,4.0,1
B079Z36PRK,end result,4.0,1
B079Z36PRK,result,4.0,1
B079Z36PRK,result taste,4.0,1
B079Z36PRK,taste like,4.0,1
B079Z36PRK,like,4.0,1
B079Z36PRK,like sugar.,4.0,1
B079Z36PRK,product(stivia),2.0,1
B079Z36PRK,product(stivia) good,2.0,1
B079Z36PRK,good,2.0,1
B079Z36PRK,good expected.,2.0,1
B079Z36PRK,expected.,2.0,2
B079Z36PRK,flavor,2.0,1
B079Z36PRK,"flavor ,not",2.0,1
B079Z36PRK,",not",2.0,1
B079Z36PRK,",not easy",2.0,1
B079Z36PRK,easy,2.0,1
B079Z36PRK,easy use,2.0,1
B079Z36PRK,use,2.0,1
B079Z36PRK,use desolve,2.0,1
B079Z36PRK,desolve,2.0,1
B079Z36PRK,"desolve expected,",2.0,1
B079Z36PRK,"expected,",2.0,1
B079Z36PRK,"expected, value",2.0,1
B079Z36PRK,value,2.0,1
B079Z36PRK,value money.health,2.0,1
B079Z36PRK,money.health,2.0,1
B079Z36PRK,money.health money,2.0,1
B079Z36PRK,money,2.0,1
B079Z36PRK,money always,2.0,1
B079Z36PRK,always,2.0,1
B079Z36PRK,always matter.i,2.0,1
B079Z36PRK,matter.i,2.0,1
B079Z36PRK,matter.i know,2.0,1
B079Z36PRK,know,2.0,1
B079Z36PRK,know much,2.0,1
B079Z36PRK,much,2.0,1
B079Z36PRK,much stevia,2.0,1
B079Z36PRK,stevia,2.0,1
B079Z36PRK,stevia safe,2.0,1
B079Z36PRK,safe,2.0,1
B079Z36PRK,safe health.,2.0,1
B079Z36PRK,health.,2.0,2
B01M2VRUS0,extra,2.0,1
B01M2VRUS0,extra 100,2.0,1
B01M2VRUS0,100,2.0,2
B01M2VRUS0,100 tabs.,2.0,2
B01M2VRUS0,tabs.,2.0,2
B01M2VRUS0,tabs. missed.,2.0,1
B01M2VRUS0,missed.,2.0,2
B01M2VRUS0,missed,2.0,1
B01M2VRUS0,missed 100,2.0,1
B01M2VRUS0,tabs. one,2.0,1
B01M2VRUS0,one,2.0,1
B01M2VRUS0,one sheet.,2.0,1
B01M2VRUS0,sheet.,2.0,1
B01M2VRUS0,"sheet. so,",2.0,1
B01M2VRUS0,"so,",2.0,1
B01M2VRUS0,"so, please",2.0,1
B01M2VRUS0,please,2.0,1
B01M2VRUS0,please refund,2.0,1
B01M2VRUS0,refund,2.0,1
B01M2VRUS0,refund amount.,2.0,1
B01M2VRUS0,amount.,2.0,2
B0888FJHX9,low,5.0,1
B0888FJHX9,low calorie,5.0,1
B0888FJHX9,calorie,5.0,1
B0888FJHX9,calorie sugar,5.0,1
B0888FJHX9,sugar,5.0,1
B0888FJHX9,sugar nutritional,5.0,1
B0888FJHX9,nutritional,5.0,2
B0888FJHX9,use,5.0,1
B0888FJHX9,use like,5.0,1
B0888FJHX9,like,5.0,2
