ASIN,String,Rating,Frequency,Marketplace
TLCGDF88NEBZGH7H,recommended,1,2,FLIPKART
TLCGDF88NEBZGH7H,don‚Äôt,1,1,FLIPKART
TLCGDF88NEBZGH7H,don‚Äôt buy,1,1,FLIPKART
TLCGDF88NEBZGH7H,buy,1,2,FLIPKART
TLCGDF88NEBZGH7H,excellent,5,4,FLIPKART
TLCGDF88NEBZGH7H,good,5,3,FLIPKART
TLCGDF88NEBZGH7H,good üëç,5,1,FLIPKART
TLCGDF88NEBZGH7H,üëç,5,3,FLIPKART
TLCGDF88NEBZGH7H,üëç üëç,5,1,FLIPKART
TLCG4S4ZWBQAZNGA,great,5,1,FLIPKART
TLCG4S4ZWBQAZNGA,great product,5,1,FLIPKART
TLCG4S4ZWBQAZNGA,product,5,3,FLIPKART
TLCG4S4ZWBQAZNGA,nice,5,4,FLIPKART
TLCG4S4ZWBQAZNGA,perfect,5,2,FLIPKART
TLCG4S4ZWBQAZNGA,perfect product!,5,2,FLIPKART
TLCG4S4ZWBQAZNGA,product!,5,4,FLIPKART
TLCG4S4ZWBQAZNGA,good,5,1,FLIPKART
TLCG4S4ZWBQAZNGA,good product,5,1,FLIPKART
TLCG4S4ZWBQAZNGA,product quality,5,1,FLIPKART
TLCG4S4ZWBQAZNGA,quality,5,1,FLIPKART
TLCG4S4ZWBQAZNGA,quality also,5,1,FLIPKART
TLCG4S4ZWBQAZNGA,also,5,1,FLIPKART
TLCG4S4ZWBQAZNGA,also original,5,1,FLIPKART
TLCG4S4ZWBQAZNGA,original,5,2,FLIPKART
TLCG4S4ZWBQAZNGA,wonderful,5,2,FLIPKART
TLCG4S4ZWBQAZNGA,super,5,2,FLIPKART
TLCG4S4ZWBQAZNGA,job,3,2,FLIPKART
TLCG4S4ZWBQAZNGA,good,3,1,FLIPKART
TLCG4S4ZWBQAZNGA,good product,3,1,FLIPKART
TLCG4S4ZWBQAZNGA,product,3,2,FLIPKART
TLCG4S4ZWBQAZNGA,okay,3,2,FLIPKART
TLCG4S4ZWBQAZNGA,like,3,2,FLIPKART
TLCG4S4ZWBQAZNGA,worth,4,1,FLIPKART
TLCG4S4ZWBQAZNGA,worth money,4,1,FLIPKART
TLCG4S4ZWBQAZNGA,money,4,2,FLIPKART
TLCG4S4ZWBQAZNGA,good,4,6,FLIPKART
TLCG4S4ZWBQAZNGA,wonderful,4,2,FLIPKART
TLCG4S4ZWBQAZNGA,nice,4,1,FLIPKART
TLCG4S4ZWBQAZNGA,nice product,4,1,FLIPKART
TLCG4S4ZWBQAZNGA,product,4,2,FLIPKART
TLCG4S4ZWBQAZNGA,meet,1,1,FLIPKART
TLCG4S4ZWBQAZNGA,meet expectation,1,1,FLIPKART
TLCG4S4ZWBQAZNGA,expectation,1,2,FLIPKART
TLCG4S4ZWBQAZNGA,bad,1,3,FLIPKART
TLCG4S4ZWBQAZNGA,bad product,1,1,FLIPKART
TLCG4S4ZWBQAZNGA,product,1,1,FLIPKART
TLCG4S4ZWBQAZNGA,product ‚òπÔ∏è,1,1,FLIPKART
TLCG4S4ZWBQAZNGA,‚òπÔ∏è,1,1,FLIPKART
TLCG4S4ZWBQAZNGA,‚òπÔ∏è seller,1,1,FLIPKART
TLCG4S4ZWBQAZNGA,seller,1,1,FLIPKART
TLCG4S4ZWBQAZNGA,seller also,1,1,FLIPKART
TLCG4S4ZWBQAZNGA,also,1,1,FLIPKART
TLCG4S4ZWBQAZNGA,also bad,1,1,FLIPKART
TLCG4S4ZWBQAZNGA,bad bad,1,1,FLIPKART
TLCG4S4ZWBQAZNGA,bad packing,1,1,FLIPKART
TLCG4S4ZWBQAZNGA,packing,1,1,FLIPKART
TLCG4S4ZWBQAZNGA,packing üò°,1,1,FLIPKART
TLCG4S4ZWBQAZNGA,üò°,1,2,FLIPKART
TLCFSDFBHCMAAD4M,mind-blowing,5,1,FLIPKART
TLCFSDFBHCMAAD4M,mind-blowing purchase,5,1,FLIPKART
TLCFSDFBHCMAAD4M,purchase,5,2,FLIPKART
TLCFSDFBHCMAAD4M,good,5,2,FLIPKART
TLCG4QCM274ZHAFJ,super!,5,2,FLIPKART
TLCG4QCM274ZHAFJ,nice,5,2,FLIPKART
TLCFRQBWCDTBKK54,wonderful,5,4,FLIPKART
TLCFRQBWCDTBKK54,nice,5,3,FLIPKART
TLCFRQBWCDTBKK54,nice prodact,5,1,FLIPKART
TLCFRQBWCDTBKK54,prodact,5,2,FLIPKART
TLCFRQBWCDTBKK54,excellent,5,2,FLIPKART
TLCFRQBWCDTBKK54,simply,5,1,FLIPKART
TLCFRQBWCDTBKK54,simply awesome,5,1,FLIPKART
TLCFRQBWCDTBKK54,awesome,5,2,FLIPKART
TLCFRQBWCDTBKK54,cool,5,2,FLIPKART
TLCFRQBWCDTBKK54,best,5,2,FLIPKART
TLCFRQBWCDTBKK54,best market!,5,1,FLIPKART
TLCFRQBWCDTBKK54,market!,5,2,FLIPKART
TLCFRQBWCDTBKK54,superb,5,2,FLIPKART
TLCFRQBWCDTBKK54,highly,5,1,FLIPKART
TLCFRQBWCDTBKK54,highly recommended,5,1,FLIPKART
TLCFRQBWCDTBKK54,recommended,5,2,FLIPKART
TLCFRQBWCDTBKK54,best cooling,5,1,FLIPKART
TLCFRQBWCDTBKK54,cooling,5,1,FLIPKART
TLCFRQBWCDTBKK54,cooling body,5,1,FLIPKART
TLCFRQBWCDTBKK54,body,5,1,FLIPKART
TLCFRQBWCDTBKK54,body powder,5,1,FLIPKART
TLCFRQBWCDTBKK54,powder,5,1,FLIPKART
TLCFRQBWCDTBKK54,powder ever.,5,1,FLIPKART
TLCFRQBWCDTBKK54,ever.,5,2,FLIPKART
TLCFRQBWCDTBKK54,like,5,1,FLIPKART
TLCFRQBWCDTBKK54,like product.,5,1,FLIPKART
TLCFRQBWCDTBKK54,product.,5,1,FLIPKART
TLCFRQBWCDTBKK54,product. thanks,5,1,FLIPKART
TLCFRQBWCDTBKK54,thanks,5,1,FLIPKART
TLCFRQBWCDTBKK54,thanks timely,5,1,FLIPKART
TLCFRQBWCDTBKK54,timely,5,1,FLIPKART
TLCFRQBWCDTBKK54,timely delivery.,5,1,FLIPKART
TLCFRQBWCDTBKK54,delivery.,5,2,FLIPKART
TLCFRQBWCDTBKK54,job,3,2,FLIPKART
TLCFRQBWCDTBKK54,ok,3,2,FLIPKART
TLCFRQBWCDTBKK54,okay,3,2,FLIPKART
TLCFRQBWCDTBKK54,nice,3,6,FLIPKART
TLCFRQBWCDTBKK54,fair,3,2,FLIPKART
TLCFRQBWCDTBKK54,supar,3,1,FLIPKART
TLCFRQBWCDTBKK54,supar cool,3,1,FLIPKART
TLCFRQBWCDTBKK54,cool,3,2,FLIPKART
TLCGB9W2HFHZRE8H,fair,3,2,FLIPKART
TLCGB9W2HFHZRE8H,good,3,1,FLIPKART
TLCGB9W2HFHZRE8H,good item,3,1,FLIPKART
TLCGB9W2HFHZRE8H,item,3,1,FLIPKART
TLCGB9W2HFHZRE8H,item üíì,3,1,FLIPKART
TLCGB9W2HFHZRE8H,üíì,3,1,FLIPKART
TLCGB9W2HFHZRE8H,üíì love,3,1,FLIPKART
TLCGB9W2HFHZRE8H,love,3,2,FLIPKART
TLCF4D7765BAQBFF,excellent,5,2,FLIPKART
TLCF4D7765BAQBFF,good,5,2,FLIPKART
TLCF4D7765BAQBFF,mind-blowing,5,1,FLIPKART
TLCF4D7765BAQBFF,mind-blowing purchase,5,1,FLIPKART
TLCF4D7765BAQBFF,purchase,5,2,FLIPKART
TLCF4D7765BAQBFF,tq,5,2,FLIPKART
TLCF4D7765BAQBFF,okay,3,2,FLIPKART
TLCF4D7765BAQBFF,product,3,1,FLIPKART
TLCF4D7765BAQBFF,product nice,3,1,FLIPKART
TLCF4D7765BAQBFF,nice,3,1,FLIPKART
TLCF4D7765BAQBFF,nice üëç,3,1,FLIPKART
TLCF4D7765BAQBFF,üëç,3,1,FLIPKART
TLCF4D7765BAQBFF,üëç poor,3,1,FLIPKART
TLCF4D7765BAQBFF,poor,3,1,FLIPKART
TLCF4D7765BAQBFF,poor packaging,3,1,FLIPKART
TLCF4D7765BAQBFF,packaging,3,2,FLIPKART
TLCF4D7765BAQBFF,worthless,1,2,FLIPKART
TLCF4D7765BAQBFF,ok,1,2,FLIPKART
TLCFTZCKXJDFVWQP,good,4,6,FLIPKART
TLCFTZCKXJDFVWQP,nice,4,1,FLIPKART
TLCFTZCKXJDFVWQP,nice product,4,1,FLIPKART
TLCFTZCKXJDFVWQP,product,4,2,FLIPKART
TLCFTZCKXJDFVWQP,worth,4,1,FLIPKART
TLCFTZCKXJDFVWQP,worth money,4,1,FLIPKART
TLCFTZCKXJDFVWQP,money,4,2,FLIPKART
TLCFTZCKXJDFVWQP,decent,4,1,FLIPKART
TLCFTZCKXJDFVWQP,decent per,4,1,FLIPKART
TLCFTZCKXJDFVWQP,per,4,1,FLIPKART
TLCFTZCKXJDFVWQP,per price,4,1,FLIPKART
TLCFTZCKXJDFVWQP,price,4,2,FLIPKART
TLCFTZCKXJDFVWQP,classy,5,2,FLIPKART
TLCFTZCKXJDFVWQP,classy product,5,2,FLIPKART
TLCFTZCKXJDFVWQP,product,5,7,FLIPKART
TLCFTZCKXJDFVWQP,good,5,4,FLIPKART
TLCFTZCKXJDFVWQP,good product,5,2,FLIPKART
TLCFTZCKXJDFVWQP,terrific,5,4,FLIPKART
TLCFTZCKXJDFVWQP,awesome,5,4,FLIPKART
TLCFTZCKXJDFVWQP,nice.....,5,1,FLIPKART
TLCFTZCKXJDFVWQP,nice..... v,5,1,FLIPKART
TLCFTZCKXJDFVWQP,v,5,1,FLIPKART
TLCFTZCKXJDFVWQP,v nice,5,1,FLIPKART
TLCFTZCKXJDFVWQP,nice,5,3,FLIPKART
TLCFTZCKXJDFVWQP,nice .,5,1,FLIPKART
TLCFTZCKXJDFVWQP,.,5,1,FLIPKART
TLCFTZCKXJDFVWQP,. like,5,1,FLIPKART
TLCFTZCKXJDFVWQP,like,5,3,FLIPKART
TLCFTZCKXJDFVWQP,like it.,5,1,FLIPKART
TLCFTZCKXJDFVWQP,it.,5,1,FLIPKART
TLCFTZCKXJDFVWQP,it. üéØüíêüíêüíêüíØ‚úå,5,1,FLIPKART
TLCFTZCKXJDFVWQP,üéØüíêüíêüíêüíØ‚úå,5,2,FLIPKART
TLCFTZCKXJDFVWQP,price,5,1,FLIPKART
TLCFTZCKXJDFVWQP,price can't,5,1,FLIPKART
TLCFTZCKXJDFVWQP,can't,5,1,FLIPKART
TLCFTZCKXJDFVWQP,can't affordable.but,5,1,FLIPKART
TLCFTZCKXJDFVWQP,affordable.but,5,1,FLIPKART
TLCFTZCKXJDFVWQP,affordable.but good,5,1,FLIPKART
TLCFTZCKXJDFVWQP,product season,5,1,FLIPKART
TLCFTZCKXJDFVWQP,season,5,1,FLIPKART
TLCFTZCKXJDFVWQP,season like,5,1,FLIPKART
TLCFTZCKXJDFVWQP,like summer.,5,1,FLIPKART
TLCFTZCKXJDFVWQP,summer.,5,2,FLIPKART
TLCFTZCKXJDFVWQP,miracle,5,1,FLIPKART
TLCFTZCKXJDFVWQP,miracle prickly,5,1,FLIPKART
TLCFTZCKXJDFVWQP,prickly,5,1,FLIPKART
TLCFTZCKXJDFVWQP,prickly heat.,5,1,FLIPKART
TLCFTZCKXJDFVWQP,heat.,5,1,FLIPKART
TLCFTZCKXJDFVWQP,heat. like,5,1,FLIPKART
TLCFTZCKXJDFVWQP,like aboon,5,1,FLIPKART
TLCFTZCKXJDFVWQP,aboon,5,1,FLIPKART
TLCFTZCKXJDFVWQP,aboon me.,5,1,FLIPKART
TLCFTZCKXJDFVWQP,me.,5,1,FLIPKART
TLCFTZCKXJDFVWQP,me. heat,5,1,FLIPKART
TLCFTZCKXJDFVWQP,heat,5,1,FLIPKART
TLCFTZCKXJDFVWQP,heat rash,5,1,FLIPKART
TLCFTZCKXJDFVWQP,rash,5,1,FLIPKART
TLCFTZCKXJDFVWQP,rash gone,5,1,FLIPKART
TLCFTZCKXJDFVWQP,gone,5,1,FLIPKART
TLCFTZCKXJDFVWQP,gone threevapplication.,5,1,FLIPKART
TLCFTZCKXJDFVWQP,threevapplication.,5,2,FLIPKART
TLCFTZCKXJDFVWQP,decent,3,1,FLIPKART
TLCFTZCKXJDFVWQP,decent product,3,1,FLIPKART
TLCFTZCKXJDFVWQP,product,3,2,FLIPKART
TLCFTZCKXJDFVWQP,good,3,2,FLIPKART
TLCF4D8MAGTRGKZ5,bad,2,1,FLIPKART
TLCF4D8MAGTRGKZ5,bad quality,2,1,FLIPKART
TLCF4D8MAGTRGKZ5,quality,2,2,FLIPKART
TLCF4D8MAGTRGKZ5,nice,2,2,FLIPKART
TLCF4D8MAGTRGKZ5,waste,1,2,FLIPKART
TLCF4D8MAGTRGKZ5,waste money,1,1,FLIPKART
TLCF4D8MAGTRGKZ5,money,1,2,FLIPKART
TLCF4D8MAGTRGKZ5,waste powder,1,1,FLIPKART
TLCF4D8MAGTRGKZ5,powder,1,1,FLIPKART
TLCF4D8MAGTRGKZ5,powder üôÑ,1,1,FLIPKART
TLCF4D8MAGTRGKZ5,üôÑ,1,2,FLIPKART
TLCF4D8MAGTRGKZ5,terrific,5,2,FLIPKART
TLCF4D8MAGTRGKZ5,thanks,5,2,FLIPKART
TLCF4D8MAGTRGKZ5,super!,5,2,FLIPKART
TLCF4D8MAGTRGKZ5,good,5,4,FLIPKART
TLCF4D8MAGTRGKZ5,awesome,5,2,FLIPKART
TLCF4D8MAGTRGKZ5,okay,3,2,FLIPKART
TLCF4D8MAGTRGKZ5,mrp,3,1,FLIPKART
TLCF4D8MAGTRGKZ5,mrp product,3,1,FLIPKART
TLCF4D8MAGTRGKZ5,product,3,2,FLIPKART
TLCF4D8MAGTRGKZ5,product 99√ó2=198,3,1,FLIPKART
TLCF4D8MAGTRGKZ5,99√ó2=198,3,1,FLIPKART
TLCF4D8MAGTRGKZ5,99√ó2=198 mentioned,3,1,FLIPKART
TLCF4D8MAGTRGKZ5,mentioned,3,1,FLIPKART
TLCF4D8MAGTRGKZ5,mentioned 258,3,1,FLIPKART
TLCF4D8MAGTRGKZ5,258,3,1,FLIPKART
TLCF4D8MAGTRGKZ5,258 wrong.,3,1,FLIPKART
TLCF4D8MAGTRGKZ5,wrong.,3,1,FLIPKART
TLCF4D8MAGTRGKZ5,wrong. buy,3,1,FLIPKART
TLCF4D8MAGTRGKZ5,buy,3,1,FLIPKART
TLCF4D8MAGTRGKZ5,buy product,3,1,FLIPKART
TLCF4D8MAGTRGKZ5,product r,3,1,FLIPKART
TLCF4D8MAGTRGKZ5,r,3,1,FLIPKART
TLCF4D8MAGTRGKZ5,r 215,3,1,FLIPKART
TLCF4D8MAGTRGKZ5,215,3,1,FLIPKART
TLCF4D8MAGTRGKZ5,215 flipkart.,3,1,FLIPKART
TLCF4D8MAGTRGKZ5,flipkart.,3,1,FLIPKART
TLCF4D8MAGTRGKZ5,flipkart. costly,3,1,FLIPKART
TLCF4D8MAGTRGKZ5,costly,3,1,FLIPKART
TLCF4D8MAGTRGKZ5,costly compare,3,1,FLIPKART
TLCF4D8MAGTRGKZ5,compare,3,1,FLIPKART
TLCF4D8MAGTRGKZ5,compare local,3,1,FLIPKART
TLCF4D8MAGTRGKZ5,local,3,1,FLIPKART
TLCF4D8MAGTRGKZ5,local market.,3,1,FLIPKART
TLCF4D8MAGTRGKZ5,market.,3,2,FLIPKART
TLCFUGXYUFMKZKCK,nice,3,2,FLIPKART
TLCFUGXYUFMKZKCK,got,3,1,FLIPKART
TLCFUGXYUFMKZKCK,got good,3,1,FLIPKART
TLCFUGXYUFMKZKCK,good,3,1,FLIPKART
TLCFUGXYUFMKZKCK,good deal!,3,1,FLIPKART
TLCFUGXYUFMKZKCK,deal!,3,2,FLIPKART
TLCFUGXYUFMKZKCK,mind-blowing,5,2,FLIPKART
TLCFUGXYUFMKZKCK,mind-blowing purchase,5,2,FLIPKART
TLCFUGXYUFMKZKCK,purchase,5,4,FLIPKART
TLCFUGXYUFMKZKCK,good,5,5,FLIPKART
TLCFUGXYUFMKZKCK,wow!,5,2,FLIPKART
TLCFUGXYUFMKZKCK,time,5,1,FLIPKART
TLCFUGXYUFMKZKCK,time delivery....,5,1,FLIPKART
TLCFUGXYUFMKZKCK,delivery....,5,1,FLIPKART
TLCFUGXYUFMKZKCK,delivery.... expected.....,5,1,FLIPKART
TLCFUGXYUFMKZKCK,expected.....,5,1,FLIPKART
TLCFUGXYUFMKZKCK,expected..... wonderful,5,1,FLIPKART
TLCFUGXYUFMKZKCK,wonderful,5,1,FLIPKART
TLCFUGXYUFMKZKCK,wonderful product,5,1,FLIPKART
TLCFUGXYUFMKZKCK,product,5,5,FLIPKART
TLCFUGXYUFMKZKCK,product ü§©ü§©ü§©ü§©,5,1,FLIPKART
TLCFUGXYUFMKZKCK,ü§©ü§©ü§©ü§©,5,2,FLIPKART
TLCFUGXYUFMKZKCK,highly,5,1,FLIPKART
TLCFUGXYUFMKZKCK,highly recommended,5,1,FLIPKART
TLCFUGXYUFMKZKCK,recommended,5,2,FLIPKART
TLCFUGXYUFMKZKCK,good product,5,1,FLIPKART
TLCFUGXYUFMKZKCK,best,5,1,FLIPKART
TLCFUGXYUFMKZKCK,best market!,5,1,FLIPKART
TLCFUGXYUFMKZKCK,market!,5,2,FLIPKART
TLCFUGXYUFMKZKCK,nice,5,3,FLIPKART
TLCFUGXYUFMKZKCK,nice affective,5,1,FLIPKART
TLCFUGXYUFMKZKCK,affective,5,2,FLIPKART
TLCFUGXYUFMKZKCK,classy,5,1,FLIPKART
TLCFUGXYUFMKZKCK,classy product,5,1,FLIPKART
TLCFUGXYUFMKZKCK,satisfied,5,2,FLIPKART
TLCFUGXYUFMKZKCK,excellent,5,2,FLIPKART
TLCFUGXYUFMKZKCK,worst,1,1,FLIPKART
TLCFUGXYUFMKZKCK,worst experience,1,1,FLIPKART
TLCFUGXYUFMKZKCK,experience,1,1,FLIPKART
TLCFUGXYUFMKZKCK,experience ever!,1,1,FLIPKART
TLCFUGXYUFMKZKCK,ever!,1,2,FLIPKART
TLCFUGXYUFMKZKCK,v,1,1,FLIPKART
TLCFUGXYUFMKZKCK,v bad,1,1,FLIPKART
TLCFUGXYUFMKZKCK,bad,1,2,FLIPKART
TLCFUGXYUFMKZKCK,really,4,1,FLIPKART
TLCFUGXYUFMKZKCK,really nice,4,1,FLIPKART
TLCFUGXYUFMKZKCK,nice,4,2,FLIPKART
TLCFUGXYUFMKZKCK,good,4,1,FLIPKART
TLCFUGXYUFMKZKCK,good product,4,1,FLIPKART
TLCFUGXYUFMKZKCK,product,4,2,FLIPKART
TLCG5PRXTSHHUHDR,classy,5,1,FLIPKART
TLCG5PRXTSHHUHDR,classy product,5,1,FLIPKART
TLCG5PRXTSHHUHDR,product,5,4,FLIPKART
TLCG5PRXTSHHUHDR,awesome,5,4,FLIPKART
TLCG5PRXTSHHUHDR,wonderful,5,2,FLIPKART
TLCG5PRXTSHHUHDR,nice,5,7,FLIPKART
TLCG5PRXTSHHUHDR,best,5,2,FLIPKART
TLCG5PRXTSHHUHDR,best market!,5,1,FLIPKART
TLCG5PRXTSHHUHDR,market!,5,2,FLIPKART
TLCG5PRXTSHHUHDR,terrific,5,3,FLIPKART
TLCG5PRXTSHHUHDR,terrific purchase,5,1,FLIPKART
TLCG5PRXTSHHUHDR,purchase,5,2,FLIPKART
TLCG5PRXTSHHUHDR,fragrance,5,1,FLIPKART
TLCG5PRXTSHHUHDR,fragrance best,5,1,FLIPKART
TLCG5PRXTSHHUHDR,best nycil,5,1,FLIPKART
TLCG5PRXTSHHUHDR,nycil,5,1,FLIPKART
TLCG5PRXTSHHUHDR,nycil thats,5,1,FLIPKART
TLCG5PRXTSHHUHDR,thats,5,1,FLIPKART
TLCG5PRXTSHHUHDR,thats bought,5,1,FLIPKART
TLCG5PRXTSHHUHDR,bought,5,1,FLIPKART
TLCG5PRXTSHHUHDR,bought three,5,1,FLIPKART
TLCG5PRXTSHHUHDR,three,5,1,FLIPKART
TLCG5PRXTSHHUHDR,three tins.,5,1,FLIPKART
TLCG5PRXTSHHUHDR,tins.,5,1,FLIPKART
TLCG5PRXTSHHUHDR,tins. goodüëç,5,1,FLIPKART
TLCG5PRXTSHHUHDR,goodüëç,5,2,FLIPKART
TLCG5PRXTSHHUHDR,wow!,5,2,FLIPKART
TLCG5PRXTSHHUHDR,good,5,1,FLIPKART
TLCG5PRXTSHHUHDR,good product,5,1,FLIPKART
TLCG5PRXTSHHUHDR,simply,5,1,FLIPKART
TLCG5PRXTSHHUHDR,simply awesome,5,1,FLIPKART
TLCG5PRXTSHHUHDR,nice productüëå,5,1,FLIPKART
TLCG5PRXTSHHUHDR,productüëå,5,2,FLIPKART
TLCG5PRXTSHHUHDR,wonderful,4,2,FLIPKART
TLCG5PRXTSHHUHDR,product,4,5,FLIPKART
TLCG5PRXTSHHUHDR,product good,4,1,FLIPKART
TLCG5PRXTSHHUHDR,good,4,4,FLIPKART
TLCG5PRXTSHHUHDR,good original,4,1,FLIPKART
TLCG5PRXTSHHUHDR,original,4,1,FLIPKART
TLCG5PRXTSHHUHDR,original packing,4,1,FLIPKART
TLCG5PRXTSHHUHDR,packing,4,1,FLIPKART
TLCG5PRXTSHHUHDR,packing company,4,1,FLIPKART
TLCG5PRXTSHHUHDR,company,4,1,FLIPKART
TLCG5PRXTSHHUHDR,company need,4,1,FLIPKART
TLCG5PRXTSHHUHDR,need,4,1,FLIPKART
TLCG5PRXTSHHUHDR,need improvement.,4,1,FLIPKART
TLCG5PRXTSHHUHDR,improvement.,4,1,FLIPKART
TLCG5PRXTSHHUHDR,improvement. powder,4,1,FLIPKART
TLCG5PRXTSHHUHDR,powder,4,1,FLIPKART
TLCG5PRXTSHHUHDR,powder get,4,1,FLIPKART
TLCG5PRXTSHHUHDR,get,4,1,FLIPKART
TLCG5PRXTSHHUHDR,get leaked,4,1,FLIPKART
TLCG5PRXTSHHUHDR,leaked,4,1,FLIPKART
TLCG5PRXTSHHUHDR,leaked lid.,4,1,FLIPKART
TLCG5PRXTSHHUHDR,lid.,4,2,FLIPKART
TLCG5PRXTSHHUHDR,value-for-money,4,2,FLIPKART
TLCG5PRXTSHHUHDR,good product,4,1,FLIPKART
TLCG5PRXTSHHUHDR,nice,4,1,FLIPKART
TLCG5PRXTSHHUHDR,nice product,4,1,FLIPKART
TLCETFVXNGBVKHWV,terrific,5,4,FLIPKART
TLCETFVXNGBVKHWV,good,5,4,FLIPKART
TLCETFVXNGBVKHWV,supar,5,2,FLIPKART
TLCETFVXNGBVKHWV,awesome,5,2,FLIPKART
TLCETFVXNGBVKHWV,v,5,1,FLIPKART
TLCETFVXNGBVKHWV,v good,5,1,FLIPKART
TLCETFVXNGBVKHWV,super!,5,2,FLIPKART
TLCETFVXNGBVKHWV,nice,5,2,FLIPKART
TLCETFVXNGBVKHWV,nice üëç,5,1,FLIPKART
TLCETFVXNGBVKHWV,üëç,5,2,FLIPKART
TLCETFVXNGBVKHWV,must,5,1,FLIPKART
TLCETFVXNGBVKHWV,must buy!,5,1,FLIPKART
TLCETFVXNGBVKHWV,buy!,5,2,FLIPKART
TLCETFVXNGBVKHWV,nice üôÇ,5,1,FLIPKART
TLCETFVXNGBVKHWV,üôÇ,5,2,FLIPKART
TLCETFVXNGBVKHWV,good,3,4,FLIPKART
TLCETFVXNGBVKHWV,good sarvice,3,1,FLIPKART
TLCETFVXNGBVKHWV,sarvice,3,1,FLIPKART
TLCETFVXNGBVKHWV,sarvice good,3,1,FLIPKART
TLCETFVXNGBVKHWV,good price,3,1,FLIPKART
TLCETFVXNGBVKHWV,price,3,2,FLIPKART
TLCETFVXNGBVKHWV,useless,1,1,FLIPKART
TLCETFVXNGBVKHWV,useless product,1,1,FLIPKART
TLCETFVXNGBVKHWV,product,1,2,FLIPKART
TLCETFVXNGBVKHWV,poor,1,1,FLIPKART
TLCETFVXNGBVKHWV,poor powder,1,1,FLIPKART
TLCETFVXNGBVKHWV,powder,1,2,FLIPKART
TLCETFVXNGBVKHWV,powder dabba,1,1,FLIPKART
TLCETFVXNGBVKHWV,dabba,1,3,FLIPKART
TLCETFVXNGBVKHWV,dabba powder,1,1,FLIPKART
TLCETFVXNGBVKHWV,powder good,1,1,FLIPKART
TLCETFVXNGBVKHWV,good,1,1,FLIPKART
TLCETFVXNGBVKHWV,good likhit,1,1,FLIPKART
TLCETFVXNGBVKHWV,likhit,1,1,FLIPKART
TLCETFVXNGBVKHWV,likhit broken,1,1,FLIPKART
TLCETFVXNGBVKHWV,broken,1,1,FLIPKART
TLCETFVXNGBVKHWV,broken dabba,1,1,FLIPKART
TLCETFVXNGBVKHWV,absolute,1,1,FLIPKART
TLCETFVXNGBVKHWV,absolute rubbish!,1,1,FLIPKART
TLCETFVXNGBVKHWV,rubbish!,1,2,FLIPKART
TLCETFVXNGBVKHWV,high,1,1,FLIPKART
TLCETFVXNGBVKHWV,high rate,1,1,FLIPKART
TLCETFVXNGBVKHWV,rate,1,1,FLIPKART
TLCETFVXNGBVKHWV,rate horrible,1,1,FLIPKART
TLCETFVXNGBVKHWV,horrible,1,2,FLIPKART
TLCETFVXNGBVKHWV,really,4,1,FLIPKART
TLCETFVXNGBVKHWV,really nice,4,1,FLIPKART
TLCETFVXNGBVKHWV,nice,4,2,FLIPKART
TLCETFVXNGBVKHWV,timely,4,1,FLIPKART
TLCETFVXNGBVKHWV,timely efficient,4,1,FLIPKART
TLCETFVXNGBVKHWV,efficient,4,2,FLIPKART
TLCETFVXNGBVKHWV,worth,4,1,FLIPKART
TLCETFVXNGBVKHWV,worth money,4,1,FLIPKART
TLCETFVXNGBVKHWV,money,4,2,FLIPKART
TLCETFVXNGBVKHWV,good,4,1,FLIPKART
TLCETFVXNGBVKHWV,good hi,4,1,FLIPKART
TLCETFVXNGBVKHWV,hi,4,2,FLIPKART
TLCG8WZFHRA58QNM,worth,5,1,FLIPKART
TLCG8WZFHRA58QNM,worth every,5,1,FLIPKART
TLCG8WZFHRA58QNM,every,5,1,FLIPKART
TLCG8WZFHRA58QNM,every penny,5,1,FLIPKART
TLCG8WZFHRA58QNM,penny,5,2,FLIPKART
TLCG8WZFHRA58QNM,nice,5,2,FLIPKART
TLCG8WZFHRA58QNM,mind-blowing,5,1,FLIPKART
TLCG8WZFHRA58QNM,mind-blowing purchase,5,1,FLIPKART
TLCG8WZFHRA58QNM,purchase,5,2,FLIPKART
TLCG8WZFHRA58QNM,good,5,5,FLIPKART
TLCG8WZFHRA58QNM,terrific,5,2,FLIPKART
TLCG8WZFHRA58QNM,good quality,5,1,FLIPKART
TLCG8WZFHRA58QNM,quality,5,3,FLIPKART
TLCG8WZFHRA58QNM,super!,5,2,FLIPKART
TLCG8WZFHRA58QNM,ok,5,2,FLIPKART
TLCG8WZFHRA58QNM,highly,5,2,FLIPKART
TLCG8WZFHRA58QNM,highly recommended,5,2,FLIPKART
TLCG8WZFHRA58QNM,recommended,5,4,FLIPKART
TLCG8WZFHRA58QNM,one,5,1,FLIPKART
TLCG8WZFHRA58QNM,one best,5,1,FLIPKART
TLCG8WZFHRA58QNM,best,5,1,FLIPKART
TLCG8WZFHRA58QNM,best talc,5,1,FLIPKART
TLCG8WZFHRA58QNM,talc,5,1,FLIPKART
TLCG8WZFHRA58QNM,talc summer,5,1,FLIPKART
TLCG8WZFHRA58QNM,summer,5,1,FLIPKART
TLCG8WZFHRA58QNM,summer ....,5,1,FLIPKART
TLCG8WZFHRA58QNM,....,5,1,FLIPKART
TLCG8WZFHRA58QNM,.... give,5,1,FLIPKART
TLCG8WZFHRA58QNM,give,5,1,FLIPKART
TLCG8WZFHRA58QNM,give double,5,1,FLIPKART
TLCG8WZFHRA58QNM,double,5,1,FLIPKART
TLCG8WZFHRA58QNM,double cooling,5,1,FLIPKART
TLCG8WZFHRA58QNM,cooling,5,1,FLIPKART
TLCG8WZFHRA58QNM,cooling 1st,5,1,FLIPKART
TLCG8WZFHRA58QNM,1st,5,1,FLIPKART
TLCG8WZFHRA58QNM,1st apply,5,1,FLIPKART
TLCG8WZFHRA58QNM,apply,5,1,FLIPKART
TLCG8WZFHRA58QNM,apply 2nd,5,1,FLIPKART
TLCG8WZFHRA58QNM,2nd,5,1,FLIPKART
TLCG8WZFHRA58QNM,2nd sweat,5,1,FLIPKART
TLCG8WZFHRA58QNM,sweat,5,1,FLIPKART
TLCG8WZFHRA58QNM,sweat ...,5,1,FLIPKART
TLCG8WZFHRA58QNM,...,5,2,FLIPKART
TLCG8WZFHRA58QNM,cool,5,2,FLIPKART
TLCG8WZFHRA58QNM,brilliant,5,2,FLIPKART
TLCG8WZFHRA58QNM,wonderful,5,2,FLIPKART
TLCG8WZFHRA58QNM,super,5,1,FLIPKART
TLCG8WZFHRA58QNM,super quality,5,1,FLIPKART
TLCG8WZFHRA58QNM,quality product,5,1,FLIPKART
TLCG8WZFHRA58QNM,product,5,2,FLIPKART
TLCG8WZFHRA58QNM,worthless,1,4,FLIPKART
TLCG8WZFHRA58QNM,worst,1,1,FLIPKART
TLCG8WZFHRA58QNM,worst product,1,1,FLIPKART
TLCG8WZFHRA58QNM,product,1,2,FLIPKART
TLCG8WZFHRA58QNM,product received,1,1,FLIPKART
TLCG8WZFHRA58QNM,received,1,1,FLIPKART
TLCG8WZFHRA58QNM,received flipkart,1,1,FLIPKART
TLCG8WZFHRA58QNM,flipkart,1,1,FLIPKART
TLCG8WZFHRA58QNM,flipkart also,1,1,FLIPKART
TLCG8WZFHRA58QNM,also,1,1,FLIPKART
TLCG8WZFHRA58QNM,also rate,1,1,FLIPKART
TLCG8WZFHRA58QNM,rate,1,1,FLIPKART
TLCG8WZFHRA58QNM,rate high,1,1,FLIPKART
TLCG8WZFHRA58QNM,high,1,1,FLIPKART
TLCG8WZFHRA58QNM,high mrp,1,1,FLIPKART
TLCG8WZFHRA58QNM,mrp,1,2,FLIPKART
TLCG8WZFHRA58QNM,bad,1,1,FLIPKART
TLCG8WZFHRA58QNM,bad product,1,1,FLIPKART
TLCG8WZFHRA58QNM,product waste,1,1,FLIPKART
TLCG8WZFHRA58QNM,waste,1,1,FLIPKART
TLCG8WZFHRA58QNM,waste money,1,1,FLIPKART
TLCG8WZFHRA58QNM,money,1,2,FLIPKART
TLCGB9Q2BYTGR2WR,meet,1,1,FLIPKART
TLCGB9Q2BYTGR2WR,meet expectation,1,1,FLIPKART
TLCGB9Q2BYTGR2WR,expectation,1,2,FLIPKART
TLCGB9Q2BYTGR2WR,like,1,1,FLIPKART
TLCGB9Q2BYTGR2WR,like white,1,1,FLIPKART
TLCGB9Q2BYTGR2WR,white,1,1,FLIPKART
TLCGB9Q2BYTGR2WR,"white dust,",1,1,FLIPKART
TLCGB9Q2BYTGR2WR,"dust,",1,1,FLIPKART
TLCGB9Q2BYTGR2WR,"dust, smell",1,1,FLIPKART
TLCGB9Q2BYTGR2WR,smell,1,1,FLIPKART
TLCGB9Q2BYTGR2WR,smell irritating,1,1,FLIPKART
TLCGB9Q2BYTGR2WR,irritating,1,1,FLIPKART
TLCGB9Q2BYTGR2WR,irritating go,1,1,FLIPKART
TLCGB9Q2BYTGR2WR,go,1,1,FLIPKART
TLCGB9Q2BYTGR2WR,go brand,1,1,FLIPKART
TLCGB9Q2BYTGR2WR,brand,1,2,FLIPKART
TLCGB9Q2BYTGR2WR,excellent,5,6,FLIPKART
TLCGB9Q2BYTGR2WR,good,5,5,FLIPKART
TLCGB9Q2BYTGR2WR,terrific,5,2,FLIPKART
TLCGB9Q2BYTGR2WR,fantastic,5,1,FLIPKART
TLCGB9Q2BYTGR2WR,fantastic product,5,1,FLIPKART
TLCGB9Q2BYTGR2WR,product,5,3,FLIPKART
TLCGB9Q2BYTGR2WR,product üëçüëç,5,1,FLIPKART
TLCGB9Q2BYTGR2WR,üëçüëç,5,2,FLIPKART
TLCGB9Q2BYTGR2WR,brilliant,5,2,FLIPKART
TLCGB9Q2BYTGR2WR,worth,5,1,FLIPKART
TLCGB9Q2BYTGR2WR,worth money!,5,1,FLIPKART
TLCGB9Q2BYTGR2WR,money!,5,2,FLIPKART
TLCGB9Q2BYTGR2WR,wonderful,5,2,FLIPKART
TLCGB9Q2BYTGR2WR,nice,5,2,FLIPKART
TLCGB9Q2BYTGR2WR,simply,5,1,FLIPKART
TLCGB9Q2BYTGR2WR,simply awesome,5,1,FLIPKART
TLCGB9Q2BYTGR2WR,awesome,5,4,FLIPKART
TLCGB9Q2BYTGR2WR,good product,5,1,FLIPKART
TLCGB9Q2BYTGR2WR,okay,3,2,FLIPKART
TLCGB9Q2BYTGR2WR,nice,3,1,FLIPKART
TLCGB9Q2BYTGR2WR,nice fragrance,3,1,FLIPKART
TLCGB9Q2BYTGR2WR,fragrance,3,1,FLIPKART
TLCGB9Q2BYTGR2WR,fragrance talc,3,1,FLIPKART
TLCGB9Q2BYTGR2WR,talc,3,2,FLIPKART
TLCGB9Q2BYTGR2WR,delightful,4,2,FLIPKART
TLCGB9Q2BYTGR2WR,nice,4,1,FLIPKART
TLCGB9Q2BYTGR2WR,nice product,4,1,FLIPKART
TLCGB9Q2BYTGR2WR,product,4,2,FLIPKART
TLCGB9Q2RS7HPGHH,horrible,1,2,FLIPKART
TLCGB9Q2RS7HPGHH,good,1,1,FLIPKART
TLCGB9Q2RS7HPGHH,good money,1,1,FLIPKART
TLCGB9Q2RS7HPGHH,money,1,2,FLIPKART
TLCGB9Q2RS7HPGHH,wow!,5,2,FLIPKART
TLCGB9Q2RS7HPGHH,nice,5,5,FLIPKART
TLCGB9Q2RS7HPGHH,terrific,5,3,FLIPKART
TLCGB9Q2RS7HPGHH,wonderful,5,2,FLIPKART
TLCGB9Q2RS7HPGHH,good,5,9,FLIPKART
TLCGB9Q2RS7HPGHH,terrific purchase,5,1,FLIPKART
TLCGB9Q2RS7HPGHH,purchase,5,2,FLIPKART
TLCGB9Q2RS7HPGHH,nice powder,5,1,FLIPKART
TLCGB9Q2RS7HPGHH,powder,5,2,FLIPKART
TLCGB9Q2RS7HPGHH,great,5,2,FLIPKART
TLCGB9Q2RS7HPGHH,great product,5,2,FLIPKART
TLCGB9Q2RS7HPGHH,product,5,4,FLIPKART
TLCGB9Q2RS7HPGHH,fabulous!,5,2,FLIPKART
TLCGB9Q2RS7HPGHH,excellent,5,2,FLIPKART
TLCGB9Q2RS7HPGHH,good price,5,1,FLIPKART
TLCGB9Q2RS7HPGHH,price,5,2,FLIPKART
TLCGB9Q2RS7HPGHH,well,5,2,FLIPKART
TLCGB9Q2RS7HPGHH,best,5,1,FLIPKART
TLCGB9Q2RS7HPGHH,best market!,5,1,FLIPKART
TLCGB9Q2RS7HPGHH,market!,5,2,FLIPKART
TLCFSUHFAGGHZQUW,terrific,5,2,FLIPKART
TLCFSUHFAGGHZQUW,good,5,4,FLIPKART
TLCFSUHFAGGHZQUW,awesome,5,4,FLIPKART
TLCFSUHFAGGHZQUW,best,5,1,FLIPKART
TLCFSUHFAGGHZQUW,best product,5,1,FLIPKART
TLCFSUHFAGGHZQUW,product,5,2,FLIPKART
TLCFSUHFAGGHZQUW,simply,5,1,FLIPKART
TLCFSUHFAGGHZQUW,simply awesome,5,1,FLIPKART
TLCFSUHFAGGHZQUW,super,5,1,FLIPKART
TLCFSUHFAGGHZQUW,super cool,5,1,FLIPKART
TLCFSUHFAGGHZQUW,cool,5,2,FLIPKART
TLCFSUHFAGGHZQUW,fabulous!,5,2,FLIPKART
TLCFSUHFAGGHZQUW,really,4,2,FLIPKART
TLCFSUHFAGGHZQUW,really nice,4,2,FLIPKART
TLCFSUHFAGGHZQUW,nice,4,4,FLIPKART
TLCFSUHFAGGHZQUW,superb,4,2,FLIPKART
TLCFSUHFAGGHZQUW,wonderful,4,4,FLIPKART
TLCFSUHFAGGHZQUW,good,4,3,FLIPKART
TLCFSUHFAGGHZQUW,good smell,4,1,FLIPKART
TLCFSUHFAGGHZQUW,smell,4,2,FLIPKART
TLCFSUHFAGGHZQUW,great,4,2,FLIPKART
TLCFSUHFAGGHZQUW,delightful,4,2,FLIPKART
TLCFSUHFAGGHZQUW,awesome,4,1,FLIPKART
TLCFSUHFAGGHZQUW,awesome üëç,4,1,FLIPKART
TLCFSUHFAGGHZQUW,üëç,4,2,FLIPKART
TLCFSUHFAGGHZQUW,okay,3,2,FLIPKART
TLCFSUHFAGGHZQUW,ok,3,2,FLIPKART
TLCEUHM7P6X5HZXT,terrific,5,4,FLIPKART
TLCEUHM7P6X5HZXT,super,5,3,FLIPKART
TLCEUHM7P6X5HZXT,great,5,2,FLIPKART
TLCEUHM7P6X5HZXT,great product,5,2,FLIPKART
TLCEUHM7P6X5HZXT,product,5,8,FLIPKART
TLCEUHM7P6X5HZXT,super üíû,5,1,FLIPKART
TLCEUHM7P6X5HZXT,üíû,5,2,FLIPKART
TLCEUHM7P6X5HZXT,good,5,5,FLIPKART
TLCEUHM7P6X5HZXT,must,5,1,FLIPKART
TLCEUHM7P6X5HZXT,must buy!,5,1,FLIPKART
TLCEUHM7P6X5HZXT,buy!,5,2,FLIPKART
TLCEUHM7P6X5HZXT,thanda,5,2,FLIPKART
TLCEUHM7P6X5HZXT,thanda thanda,5,1,FLIPKART
TLCEUHM7P6X5HZXT,thanda cool,5,1,FLIPKART
TLCEUHM7P6X5HZXT,cool,5,3,FLIPKART
TLCEUHM7P6X5HZXT,cool cool,5,1,FLIPKART
TLCEUHM7P6X5HZXT,terrific purchase,5,2,FLIPKART
TLCEUHM7P6X5HZXT,purchase,5,4,FLIPKART
TLCEUHM7P6X5HZXT,excellent,5,2,FLIPKART
TLCEUHM7P6X5HZXT,feel,5,1,FLIPKART
TLCEUHM7P6X5HZXT,feel happy,5,1,FLIPKART
TLCEUHM7P6X5HZXT,happy,5,1,FLIPKART
TLCEUHM7P6X5HZXT,happy buy,5,1,FLIPKART
TLCEUHM7P6X5HZXT,buy,5,1,FLIPKART
TLCEUHM7P6X5HZXT,buy product,5,1,FLIPKART
TLCEUHM7P6X5HZXT,fabulous!,5,2,FLIPKART
TLCEUHM7P6X5HZXT,good fragrance,5,1,FLIPKART
TLCEUHM7P6X5HZXT,fragrance,5,2,FLIPKART
TLCEUHM7P6X5HZXT,nice,5,1,FLIPKART
TLCEUHM7P6X5HZXT,nice product,5,1,FLIPKART
TLCEUHM7P6X5HZXT,value-for-money,4,4,FLIPKART
TLCEUHM7P6X5HZXT,nice,4,2,FLIPKART
TLCEUHM7P6X5HZXT,good,4,2,FLIPKART
TLCFH56FJWZ4MBYG,classy,5,1,FLIPKART
TLCFH56FJWZ4MBYG,classy product,5,1,FLIPKART
TLCFH56FJWZ4MBYG,product,5,2,FLIPKART
TLCFH56FJWZ4MBYG,thank,5,3,FLIPKART
TLCFH56FJWZ4MBYG,fabulous!,5,2,FLIPKART
TLCFH56FJWZ4MBYG,nice,5,1,FLIPKART
TLCFH56FJWZ4MBYG,nice cooooooooollllll,5,1,FLIPKART
TLCFH56FJWZ4MBYG,cooooooooollllll,5,2,FLIPKART
TLCFH56FJWZ4MBYG,wow!,5,2,FLIPKART
TLCFH56FJWZ4MBYG,thank navratna,5,1,FLIPKART
TLCFH56FJWZ4MBYG,navratna,5,1,FLIPKART
TLCFH56FJWZ4MBYG,navratna fikipcart.,5,1,FLIPKART
TLCFH56FJWZ4MBYG,fikipcart.,5,2,FLIPKART
TLCFH56FJWZ4MBYG,mind-blowing,5,1,FLIPKART
TLCFH56FJWZ4MBYG,mind-blowing purchase,5,1,FLIPKART
TLCFH56FJWZ4MBYG,purchase,5,2,FLIPKART
TLCFH56FJWZ4MBYG,recommended,5,2,FLIPKART
TLCFH56FJWZ4MBYG,perfect,5,1,FLIPKART
TLCFH56FJWZ4MBYG,perfect product!,5,1,FLIPKART
TLCFH56FJWZ4MBYG,product!,5,2,FLIPKART
TLCFH56FJWZ4MBYG,navratan,5,1,FLIPKART
TLCFH56FJWZ4MBYG,navratan cool,5,1,FLIPKART
TLCFH56FJWZ4MBYG,cool,5,1,FLIPKART
TLCFH56FJWZ4MBYG,cool talcum,5,1,FLIPKART
TLCFH56FJWZ4MBYG,talcum,5,1,FLIPKART
TLCFH56FJWZ4MBYG,talcum use,5,1,FLIPKART
TLCFH56FJWZ4MBYG,use,5,1,FLIPKART
TLCFH56FJWZ4MBYG,use summer,5,1,FLIPKART
TLCFH56FJWZ4MBYG,summer,5,1,FLIPKART
TLCFH56FJWZ4MBYG,summer best,5,1,FLIPKART
TLCFH56FJWZ4MBYG,best,5,1,FLIPKART
TLCFH56FJWZ4MBYG,best .,5,1,FLIPKART
TLCFH56FJWZ4MBYG,.,5,2,FLIPKART
TLCFH56FJWZ4MBYG,worthless,1,2,FLIPKART
TLCFH56FJWZ4MBYG,value,1,1,FLIPKART
TLCFH56FJWZ4MBYG,value money,1,1,FLIPKART
TLCFH56FJWZ4MBYG,money,1,2,FLIPKART
TLCFH56FJWZ4MBYG,good,4,6,FLIPKART
TLCFH56FJWZ4MBYG,good quality,4,1,FLIPKART
TLCFH56FJWZ4MBYG,quality,4,1,FLIPKART
TLCFH56FJWZ4MBYG,quality product,4,1,FLIPKART
TLCFH56FJWZ4MBYG,product,4,4,FLIPKART
TLCFH56FJWZ4MBYG,good product,4,1,FLIPKART
TLCFH56FJWZ4MBYG,wonderful,4,2,FLIPKART
TLCFH56FJWZ4MBYG,really,4,1,FLIPKART
TLCFH56FJWZ4MBYG,really nice,4,1,FLIPKART
TLCFH56FJWZ4MBYG,nice,4,2,FLIPKART
TLCFH56FJWZ4MBYG,fair,3,2,FLIPKART
TLCFH56FJWZ4MBYG,good,3,1,FLIPKART
TLCFH56FJWZ4MBYG,good product.,3,1,FLIPKART
TLCFH56FJWZ4MBYG,product.,3,2,FLIPKART
TLCGBWPDHCZXJDKM,poor,1,2,FLIPKART
TLCGBWPDHCZXJDKM,bad,1,1,FLIPKART
TLCGBWPDHCZXJDKM,bad product,1,1,FLIPKART
TLCGBWPDHCZXJDKM,product,1,2,FLIPKART
TLCGBWPDHCZXJDKM,product buy,1,1,FLIPKART
TLCGBWPDHCZXJDKM,buy,1,2,FLIPKART
TLCGBWPDHCZXJDKM,meet,1,1,FLIPKART
TLCGBWPDHCZXJDKM,meet expectation,1,1,FLIPKART
TLCGBWPDHCZXJDKM,expectation,1,2,FLIPKART
TLCGBWPDHCZXJDKM,product terrific,1,1,FLIPKART
TLCGBWPDHCZXJDKM,terrific,1,1,FLIPKART
TLCGBWPDHCZXJDKM,terrific condition.,1,1,FLIPKART
TLCGBWPDHCZXJDKM,condition.,1,1,FLIPKART
TLCGBWPDHCZXJDKM,condition. soap,1,1,FLIPKART
TLCGBWPDHCZXJDKM,soap,1,1,FLIPKART
TLCGBWPDHCZXJDKM,soap melted,1,1,FLIPKART
TLCGBWPDHCZXJDKM,melted,1,1,FLIPKART
TLCGBWPDHCZXJDKM,melted much,1,1,FLIPKART
TLCGBWPDHCZXJDKM,much,1,1,FLIPKART
TLCGBWPDHCZXJDKM,much even,1,1,FLIPKART
TLCGBWPDHCZXJDKM,even,1,1,FLIPKART
TLCGBWPDHCZXJDKM,even can't,1,1,FLIPKART
TLCGBWPDHCZXJDKM,can't,1,1,FLIPKART
TLCGBWPDHCZXJDKM,can't hold,1,1,FLIPKART
TLCGBWPDHCZXJDKM,hold,1,1,FLIPKART
TLCGBWPDHCZXJDKM,hold (grip),1,1,FLIPKART
TLCGBWPDHCZXJDKM,(grip),1,1,FLIPKART
TLCGBWPDHCZXJDKM,(grip) hand.üòûüò§üò§,1,1,FLIPKART
TLCGBWPDHCZXJDKM,hand.üòûüò§üò§,1,1,FLIPKART
TLCGBWPDHCZXJDKM,hand.üòûüò§üò§ last,1,1,FLIPKART
TLCGBWPDHCZXJDKM,last,1,1,FLIPKART
TLCGBWPDHCZXJDKM,last 3-4,1,1,FLIPKART
TLCGBWPDHCZXJDKM,3-4,1,1,FLIPKART
TLCGBWPDHCZXJDKM,3-4 order,1,1,FLIPKART
TLCGBWPDHCZXJDKM,order,1,1,FLIPKART
TLCGBWPDHCZXJDKM,order received,1,1,FLIPKART
TLCGBWPDHCZXJDKM,received,1,1,FLIPKART
TLCGBWPDHCZXJDKM,received everything,1,1,FLIPKART
TLCGBWPDHCZXJDKM,everything,1,1,FLIPKART
TLCGBWPDHCZXJDKM,everything defected,1,1,FLIPKART
TLCGBWPDHCZXJDKM,defected,1,1,FLIPKART
TLCGBWPDHCZXJDKM,defected i'm,1,1,FLIPKART
TLCGBWPDHCZXJDKM,i'm,1,1,FLIPKART
TLCGBWPDHCZXJDKM,i'm tired,1,1,FLIPKART
TLCGBWPDHCZXJDKM,tired,1,1,FLIPKART
TLCGBWPDHCZXJDKM,tired flipkart.,1,1,FLIPKART
TLCGBWPDHCZXJDKM,flipkart.,1,2,FLIPKART
TLCGBWPDHCZXJDKM,excellent,5,2,FLIPKART
TLCGBWPDHCZXJDKM,good,5,4,FLIPKART
TLCGBWPDHCZXJDKM,best,5,1,FLIPKART
TLCGBWPDHCZXJDKM,best market!,5,1,FLIPKART
TLCGBWPDHCZXJDKM,market!,5,2,FLIPKART
TLCGBWPDHCZXJDKM,good product,5,2,FLIPKART
TLCGBWPDHCZXJDKM,product,5,4,FLIPKART
TLCGBWPDHCZXJDKM,super!,5,2,FLIPKART
TLCGBWPDHCZXJDKM,nice,5,2,FLIPKART
TLCGBWPDHCZXJDKM,highly,5,1,FLIPKART
TLCGBWPDHCZXJDKM,highly recommended,5,1,FLIPKART
TLCGBWPDHCZXJDKM,recommended,5,2,FLIPKART
TLCGBWPDHCZXJDKM,worth,4,1,FLIPKART
TLCGBWPDHCZXJDKM,worth money,4,1,FLIPKART
TLCGBWPDHCZXJDKM,money,4,2,FLIPKART
TLCGBWPDHCZXJDKM,wow,4,2,FLIPKART
TLCGBWPDHCZXJDKM,delightful,4,2,FLIPKART
TLCGBWPDHCZXJDKM,nice,4,1,FLIPKART
TLCGBWPDHCZXJDKM,nice product,4,1,FLIPKART
TLCGBWPDHCZXJDKM,product,4,1,FLIPKART
TLCGBWPDHCZXJDKM,product late,4,1,FLIPKART
TLCGBWPDHCZXJDKM,late,4,1,FLIPKART
TLCGBWPDHCZXJDKM,late delivery,4,1,FLIPKART
TLCGBWPDHCZXJDKM,delivery,4,2,FLIPKART
TLCGBWPDHCZXJDKM,job,3,2,FLIPKART
TLCGBWPDHCZXJDKM,nice,3,2,FLIPKART
TLCGBWPDHCZXJDKM,moderate,2,2,FLIPKART
TLCGBWPDHCZXJDKM,bad,2,1,FLIPKART
TLCGBWPDHCZXJDKM,bad quality,2,1,FLIPKART
TLCGBWPDHCZXJDKM,quality,2,2,FLIPKART
TLCGCXGEJJCKHRVG,mind-blowing,5,1,FLIPKART
TLCGCXGEJJCKHRVG,mind-blowing purchase,5,1,FLIPKART
TLCGCXGEJJCKHRVG,purchase,5,2,FLIPKART
TLCGCXGEJJCKHRVG,need,5,1,FLIPKART
TLCGCXGEJJCKHRVG,"need explanation,",5,1,FLIPKART
TLCGCXGEJJCKHRVG,"explanation,",5,1,FLIPKART
TLCGCXGEJJCKHRVG,"explanation, thanks",5,1,FLIPKART
TLCGCXGEJJCKHRVG,thanks,5,2,FLIPKART
TLCGCXGEJJCKHRVG,utterly,1,1,FLIPKART
TLCGCXGEJJCKHRVG,utterly disappointed,1,1,FLIPKART
TLCGCXGEJJCKHRVG,disappointed,1,2,FLIPKART
TLCGCXGEJJCKHRVG,bad,1,2,FLIPKART
TLCGBWPDW9QBYGCW,really,4,1,FLIPKART
TLCGBWPDW9QBYGCW,really nice,4,1,FLIPKART
TLCGBWPDW9QBYGCW,nice,4,3,FLIPKART
TLCGBWPDW9QBYGCW,nice one.,4,1,FLIPKART
TLCGBWPDW9QBYGCW,one.,4,2,FLIPKART
TLCGBWPDW9QBYGCW,wonderful,4,2,FLIPKART
TLCGBWPDW9QBYGCW,good,4,4,FLIPKART
TLCGBWPDW9QBYGCW,good choice,4,1,FLIPKART
TLCGBWPDW9QBYGCW,choice,4,2,FLIPKART
TLCGBWPDW9QBYGCW,best,4,1,FLIPKART
TLCGBWPDW9QBYGCW,best product,4,1,FLIPKART
TLCGBWPDW9QBYGCW,product,4,4,FLIPKART
TLCGBWPDW9QBYGCW,product low,4,1,FLIPKART
TLCGBWPDW9QBYGCW,low,4,1,FLIPKART
TLCGBWPDW9QBYGCW,low price,4,1,FLIPKART
TLCGBWPDW9QBYGCW,price,4,1,FLIPKART
TLCGBWPDW9QBYGCW,price .,4,1,FLIPKART
TLCGBWPDW9QBYGCW,.,4,1,FLIPKART
TLCGBWPDW9QBYGCW,. needed,4,1,FLIPKART
TLCGBWPDW9QBYGCW,needed,4,1,FLIPKART
TLCGBWPDW9QBYGCW,needed product,4,1,FLIPKART
TLCGBWPDW9QBYGCW,product summer.,4,1,FLIPKART
TLCGBWPDW9QBYGCW,summer.,4,2,FLIPKART
TLCGBWPDW9QBYGCW,good quality,4,1,FLIPKART
TLCGBWPDW9QBYGCW,quality,4,1,FLIPKART
TLCGBWPDW9QBYGCW,quality product,4,1,FLIPKART
TLCGBWPDW9QBYGCW,awesome,4,1,FLIPKART
TLCGBWPDW9QBYGCW,awesome dealüëå,4,1,FLIPKART
TLCGBWPDW9QBYGCW,dealüëå,4,2,FLIPKART
TLCGBWPDW9QBYGCW,terrific,5,1,FLIPKART
TLCGBWPDW9QBYGCW,terrific purchase,5,1,FLIPKART
TLCGBWPDW9QBYGCW,purchase,5,2,FLIPKART
TLCGBWPDW9QBYGCW,good,5,4,FLIPKART
TLCGBWPDW9QBYGCW,great,5,2,FLIPKART
TLCGBWPDW9QBYGCW,great product,5,2,FLIPKART
TLCGBWPDW9QBYGCW,product,5,6,FLIPKART
TLCGBWPDW9QBYGCW,best,5,2,FLIPKART
TLCGBWPDW9QBYGCW,awesome,5,2,FLIPKART
TLCGBWPDW9QBYGCW,nice,5,1,FLIPKART
TLCGBWPDW9QBYGCW,nice product,5,1,FLIPKART
TLCG28YBGHKUZWP9,simply,5,1,FLIPKART
TLCG28YBGHKUZWP9,simply awesome,5,1,FLIPKART
TLCG28YBGHKUZWP9,awesome,5,4,FLIPKART
TLCG28YBGHKUZWP9,good,5,6,FLIPKART
TLCG28YBGHKUZWP9,good value,5,1,FLIPKART
TLCG28YBGHKUZWP9,value,5,1,FLIPKART
TLCG28YBGHKUZWP9,value money,5,1,FLIPKART
TLCG28YBGHKUZWP9,money,5,2,FLIPKART
TLCG28YBGHKUZWP9,fabulous!,5,2,FLIPKART
TLCG28YBGHKUZWP9,good happy,5,1,FLIPKART
TLCG28YBGHKUZWP9,happy,5,1,FLIPKART
TLCG28YBGHKUZWP9,happy ‚ù§üåπüôèüèª,5,1,FLIPKART
TLCG28YBGHKUZWP9,‚ù§üåπüôèüèª,5,2,FLIPKART
TLCG28YBGHKUZWP9,highly,5,1,FLIPKART
TLCG28YBGHKUZWP9,highly recommended,5,1,FLIPKART
TLCG28YBGHKUZWP9,recommended,5,2,FLIPKART
TLCG28YBGHKUZWP9,absolute,1,1,FLIPKART
TLCG28YBGHKUZWP9,absolute rubbish!,1,1,FLIPKART
TLCG28YBGHKUZWP9,rubbish!,1,2,FLIPKART
TLCG28YBGHKUZWP9,it‚Äôs,1,1,FLIPKART
TLCG28YBGHKUZWP9,it‚Äôs good,1,1,FLIPKART
TLCG28YBGHKUZWP9,good,1,1,FLIPKART
TLCG28YBGHKUZWP9,good like,1,1,FLIPKART
TLCG28YBGHKUZWP9,like,1,1,FLIPKART
TLCG28YBGHKUZWP9,like faking,1,1,FLIPKART
TLCG28YBGHKUZWP9,faking,1,2,FLIPKART
TLCG28YBGHKUZWP9,really,4,1,FLIPKART
TLCG28YBGHKUZWP9,really nice,4,1,FLIPKART
TLCG28YBGHKUZWP9,nice,4,2,FLIPKART
TLCG28YBGHKUZWP9,ok,4,2,FLIPKART
TLCGYP9UGMYDZRDG,awesome,5,4,FLIPKART
TLCGYP9UGMYDZRDG,nice,5,4,FLIPKART
TLCGYP9UGMYDZRDG,nice üëç,5,1,FLIPKART
TLCGYP9UGMYDZRDG,üëç,5,2,FLIPKART
TLCGYP9UGMYDZRDG,simply,5,1,FLIPKART
TLCGYP9UGMYDZRDG,simply awesome,5,1,FLIPKART
TLCGYP9UGMYDZRDG,brilliant,5,2,FLIPKART
TLCGYP9UGMYDZRDG,good,5,7,FLIPKART
TLCGYP9UGMYDZRDG,great,5,1,FLIPKART
TLCGYP9UGMYDZRDG,great product,5,1,FLIPKART
TLCGYP9UGMYDZRDG,product,5,3,FLIPKART
TLCGYP9UGMYDZRDG,terrific,5,2,FLIPKART
TLCGYP9UGMYDZRDG,nice product,5,1,FLIPKART
TLCGYP9UGMYDZRDG,product good,5,1,FLIPKART
TLCGYP9UGMYDZRDG,good service,5,1,FLIPKART
TLCGYP9UGMYDZRDG,service,5,2,FLIPKART
TLCGYP9UGMYDZRDG,super!,5,2,FLIPKART
TLCGYP9UGMYDZRDG,waste,1,1,FLIPKART
TLCGYP9UGMYDZRDG,waste money,1,1,FLIPKART
TLCGYP9UGMYDZRDG,money,1,2,FLIPKART
TLCGYP9UGMYDZRDG,good,1,2,FLIPKART
TLCGYP9UGMYDZRDG,value-for-money,4,2,FLIPKART
TLCGYP9UGMYDZRDG,good,4,2,FLIPKART
TLCGYP9UGMYDZRDG,good product,4,2,FLIPKART
TLCGYP9UGMYDZRDG,product,4,3,FLIPKART
TLCGYP9UGMYDZRDG,product summer.,4,1,FLIPKART
TLCGYP9UGMYDZRDG,summer.,4,2,FLIPKART
TLCGYP9UGMYDZRDG,delightful,4,2,FLIPKART
TLCGYP9UGMYDZRDG,moderate,2,2,FLIPKART
TLCGYP9UGMYDZRDG,one,2,1,FLIPKART
TLCGYP9UGMYDZRDG,one product,2,1,FLIPKART
TLCGYP9UGMYDZRDG,product,2,1,FLIPKART
TLCGYP9UGMYDZRDG,product useless,2,1,FLIPKART
TLCGYP9UGMYDZRDG,useless,2,2,FLIPKART
TLCG2HDNMK6GSXGG,brilliant,5,2,FLIPKART
TLCG2HDNMK6GSXGG,exceptionally,5,1,FLIPKART
TLCG2HDNMK6GSXGG,exceptionally good,5,1,FLIPKART
TLCG2HDNMK6GSXGG,good,5,3,FLIPKART
TLCG2HDNMK6GSXGG,terrific,5,2,FLIPKART
TLCG2HDNMK6GSXGG,good happy,5,1,FLIPKART
TLCG2HDNMK6GSXGG,happy,5,2,FLIPKART
TLCG3PEXMPFZ2GFG,nice,4,7,FLIPKART
TLCG3PEXMPFZ2GFG,nice product,4,1,FLIPKART
TLCG3PEXMPFZ2GFG,product,4,2,FLIPKART
TLCG3PEXMPFZ2GFG,smooth,4,1,FLIPKART
TLCG3PEXMPFZ2GFG,smooth sooth,4,1,FLIPKART
TLCG3PEXMPFZ2GFG,sooth,4,2,FLIPKART
TLCG3PEXMPFZ2GFG,wonderful,4,2,FLIPKART
TLCG3PEXMPFZ2GFG,really,4,1,FLIPKART
TLCG3PEXMPFZ2GFG,really nice,4,1,FLIPKART
TLCG3PEXMPFZ2GFG,terrific,5,1,FLIPKART
TLCG3PEXMPFZ2GFG,terrific purchase,5,1,FLIPKART
TLCG3PEXMPFZ2GFG,purchase,5,2,FLIPKART
TLCG3PEXMPFZ2GFG,ùôΩùöíùöåùöé,5,1,FLIPKART
TLCG3PEXMPFZ2GFG,ùôΩùöíùöåùöé ùöôùöòùö†ùöçùöéùöõ,5,1,FLIPKART
TLCG3PEXMPFZ2GFG,ùöôùöòùö†ùöçùöéùöõ,5,2,FLIPKART
TLCG3PEXMPFZ2GFG,decent,3,1,FLIPKART
TLCG3PEXMPFZ2GFG,decent product,3,1,FLIPKART
TLCG3PEXMPFZ2GFG,product,3,4,FLIPKART
TLCG3PEXMPFZ2GFG,product good,3,1,FLIPKART
TLCG3PEXMPFZ2GFG,good,3,1,FLIPKART
TLCG3PEXMPFZ2GFG,good expiry,3,1,FLIPKART
TLCG3PEXMPFZ2GFG,expiry,3,2,FLIPKART
TLCG3PEXMPFZ2GFG,expiry date,3,1,FLIPKART
TLCG3PEXMPFZ2GFG,date,3,1,FLIPKART
TLCG3PEXMPFZ2GFG,date mentioned,3,1,FLIPKART
TLCG3PEXMPFZ2GFG,mentioned,3,1,FLIPKART
TLCG3PEXMPFZ2GFG,mentioned 2023,3,1,FLIPKART
TLCG3PEXMPFZ2GFG,2023,3,1,FLIPKART
TLCG3PEXMPFZ2GFG,2023 incorrect.,3,1,FLIPKART
TLCG3PEXMPFZ2GFG,incorrect.,3,1,FLIPKART
TLCG3PEXMPFZ2GFG,incorrect. product,3,1,FLIPKART
TLCG3PEXMPFZ2GFG,product expiry,3,1,FLIPKART
TLCG3PEXMPFZ2GFG,expiry feb,3,1,FLIPKART
TLCG3PEXMPFZ2GFG,feb,3,1,FLIPKART
TLCG3PEXMPFZ2GFG,feb 2022,3,1,FLIPKART
TLCG3PEXMPFZ2GFG,2022,3,2,FLIPKART
TLCFPF4F9DHMKZDF,delightful,4,4,FLIPKART
TLCFPF4F9DHMKZDF,good,4,5,FLIPKART
TLCFPF4F9DHMKZDF,nice,4,1,FLIPKART
TLCFPF4F9DHMKZDF,nice product,4,1,FLIPKART
TLCFPF4F9DHMKZDF,product,4,2,FLIPKART
TLCFPF4F9DHMKZDF,good smell.,4,1,FLIPKART
TLCFPF4F9DHMKZDF,smell.,4,2,FLIPKART
TLCFPF4F9DHMKZDF,utterly,1,1,FLIPKART
TLCFPF4F9DHMKZDF,utterly disappointed,1,1,FLIPKART
TLCFPF4F9DHMKZDF,disappointed,1,2,FLIPKART
TLCFPF4F9DHMKZDF,bad,1,1,FLIPKART
TLCFPF4F9DHMKZDF,bad üëé,1,1,FLIPKART
TLCFPF4F9DHMKZDF,üëé,1,2,FLIPKART
TLCFPF4F9DHMKZDF,great,5,1,FLIPKART
TLCFPF4F9DHMKZDF,great product,5,1,FLIPKART
TLCFPF4F9DHMKZDF,product,5,7,FLIPKART
TLCFPF4F9DHMKZDF,ok,5,2,FLIPKART
TLCFPF4F9DHMKZDF,best,5,3,FLIPKART
TLCFPF4F9DHMKZDF,best market!,5,1,FLIPKART
TLCFPF4F9DHMKZDF,market!,5,2,FLIPKART
TLCFPF4F9DHMKZDF,good,5,2,FLIPKART
TLCFPF4F9DHMKZDF,classy,5,2,FLIPKART
TLCFPF4F9DHMKZDF,classy product,5,2,FLIPKART
TLCFPF4F9DHMKZDF,good.,5,2,FLIPKART
TLCFPF4F9DHMKZDF,must,5,1,FLIPKART
TLCFPF4F9DHMKZDF,must buy!,5,1,FLIPKART
TLCFPF4F9DHMKZDF,buy!,5,2,FLIPKART
TLCFPF4F9DHMKZDF,super,5,2,FLIPKART
TLCFPF4F9DHMKZDF,terrific,5,2,FLIPKART
TLCFPF4F9DHMKZDF,outstanding,5,1,FLIPKART
TLCFPF4F9DHMKZDF,outstanding product,5,1,FLIPKART
TLCFPF4F9DHMKZDF,product üëå,5,1,FLIPKART
TLCFPF4F9DHMKZDF,üëå,5,2,FLIPKART
TLCFSDENYGTMKT8Y,excellent,5,2,FLIPKART
TLCFSDENYGTMKT8Y,good,5,4,FLIPKART
TLCFSDENYGTMKT8Y,good product,5,1,FLIPKART
TLCFSDENYGTMKT8Y,product,5,2,FLIPKART
TLCFSDENYGTMKT8Y,highly,5,1,FLIPKART
TLCFSDENYGTMKT8Y,highly recommended,5,1,FLIPKART
TLCFSDENYGTMKT8Y,recommended,5,2,FLIPKART
TLCFSDENYGTMKT8Y,value,5,1,FLIPKART
TLCFSDENYGTMKT8Y,value money.,5,1,FLIPKART
TLCFSDENYGTMKT8Y,money.,5,1,FLIPKART
TLCFSDENYGTMKT8Y,money. good,5,1,FLIPKART
TLCFSDENYGTMKT8Y,good purchase.,5,1,FLIPKART
TLCFSDENYGTMKT8Y,purchase.,5,2,FLIPKART
TLCFSDENYGTMKT8Y,terrific,5,1,FLIPKART
TLCFSDENYGTMKT8Y,terrific purchase,5,1,FLIPKART
TLCFSDENYGTMKT8Y,purchase,5,4,FLIPKART
TLCFSDENYGTMKT8Y,amazing,5,2,FLIPKART
TLCFSDENYGTMKT8Y,mind-blowing,5,1,FLIPKART
TLCFSDENYGTMKT8Y,mind-blowing purchase,5,1,FLIPKART
TLCFSDENYGTMKT8Y,value-for-money,4,2,FLIPKART
TLCFSDENYGTMKT8Y,nice,4,1,FLIPKART
TLCFSDENYGTMKT8Y,nice one,4,1,FLIPKART
TLCFSDENYGTMKT8Y,one,4,1,FLIPKART
TLCFSDENYGTMKT8Y,one regular,4,1,FLIPKART
TLCFSDENYGTMKT8Y,regular,4,1,FLIPKART
TLCFSDENYGTMKT8Y,regular using,4,1,FLIPKART
TLCFSDENYGTMKT8Y,using,4,1,FLIPKART
TLCFSDENYGTMKT8Y,using summer,4,1,FLIPKART
TLCFSDENYGTMKT8Y,summer,4,1,FLIPKART
TLCFSDENYGTMKT8Y,summer season.,4,1,FLIPKART
TLCFSDENYGTMKT8Y,season.,4,2,FLIPKART
TLCFSDENYGTMKT8Y,pretty,4,1,FLIPKART
TLCFSDENYGTMKT8Y,pretty good,4,1,FLIPKART
TLCFSDENYGTMKT8Y,good,4,4,FLIPKART
TLCFSDENYGTMKT8Y,poor,1,2,FLIPKART
TLCFSDENYGTMKT8Y,quantity,1,1,FLIPKART
TLCFSDENYGTMKT8Y,quantity le,1,1,FLIPKART
TLCFSDENYGTMKT8Y,le,1,1,FLIPKART
TLCFSDENYGTMKT8Y,le mentioned,1,1,FLIPKART
TLCFSDENYGTMKT8Y,mentioned,1,1,FLIPKART
TLCFSDENYGTMKT8Y,mentioned it.,1,1,FLIPKART
TLCFSDENYGTMKT8Y,it.,1,2,FLIPKART
TLCFSDENYGTMKT8Y,worthless,1,2,FLIPKART
TLCFSDENYGTMKT8Y,please,1,1,FLIPKART
TLCFSDENYGTMKT8Y,please buy,1,1,FLIPKART
TLCFSDENYGTMKT8Y,buy,1,1,FLIPKART
TLCFSDENYGTMKT8Y,buy product.they,1,1,FLIPKART
TLCFSDENYGTMKT8Y,product.they,1,1,FLIPKART
TLCFSDENYGTMKT8Y,product.they provide,1,1,FLIPKART
TLCFSDENYGTMKT8Y,provide,1,1,FLIPKART
TLCFSDENYGTMKT8Y,provide wrong,1,1,FLIPKART
TLCFSDENYGTMKT8Y,wrong,1,1,FLIPKART
TLCFSDENYGTMKT8Y,wrong product,1,1,FLIPKART
TLCFSDENYGTMKT8Y,product,1,2,FLIPKART
TLCFSDENYGTMKT8Y,product price,1,1,FLIPKART
TLCFSDENYGTMKT8Y,price,1,1,FLIPKART
TLCFSDENYGTMKT8Y,price high,1,1,FLIPKART
TLCFSDENYGTMKT8Y,high,1,2,FLIPKART
TLCFSDENYGTMKT8Y,unsatisfactory,1,2,FLIPKART
TLCFSDENYGTMKT8Y,hate,1,1,FLIPKART
TLCFSDENYGTMKT8Y,hate product,1,1,FLIPKART
TLCFSDENYGTMKT8Y,product money,1,1,FLIPKART
TLCFSDENYGTMKT8Y,money,1,1,FLIPKART
TLCFSDENYGTMKT8Y,money waste,1,1,FLIPKART
TLCFSDENYGTMKT8Y,waste,1,2,FLIPKART
TLCFSDENYGTMKT8Y,moderate,2,2,FLIPKART
TLCFSDENYGTMKT8Y,chating,2,2,FLIPKART
TLCFE7KUSQHMWWGE,terrific,5,4,FLIPKART
TLCFE7KUSQHMWWGE,terrific purchase,5,2,FLIPKART
TLCFE7KUSQHMWWGE,purchase,5,6,FLIPKART
TLCFE7KUSQHMWWGE,nice,5,4,FLIPKART
TLCFE7KUSQHMWWGE,super!,5,4,FLIPKART
TLCFE7KUSQHMWWGE,supar,5,2,FLIPKART
TLCFE7KUSQHMWWGE,mind-blowing,5,1,FLIPKART
TLCFE7KUSQHMWWGE,mind-blowing purchase,5,1,FLIPKART
TLCFE7KUSQHMWWGE,good,5,2,FLIPKART
TLCFE7KUSQHMWWGE,nice......,5,1,FLIPKART
TLCFE7KUSQHMWWGE,nice...... ‚úåüôÜüíê,5,1,FLIPKART
TLCFE7KUSQHMWWGE,‚úåüôÜüíê,5,2,FLIPKART
TLCFE7KUSQHMWWGE,i'm,5,1,FLIPKART
TLCFE7KUSQHMWWGE,i'm satisfied,5,1,FLIPKART
TLCFE7KUSQHMWWGE,satisfied,5,1,FLIPKART
TLCFE7KUSQHMWWGE,satisfied product,5,1,FLIPKART
TLCFE7KUSQHMWWGE,product,5,4,FLIPKART
TLCFE7KUSQHMWWGE,classy,5,1,FLIPKART
TLCFE7KUSQHMWWGE,classy product,5,1,FLIPKART
TLCFE7KUSQHMWWGE,goodüëç,5,2,FLIPKART
TLCFE7KUSQHMWWGE,pretty,4,1,FLIPKART
TLCFE7KUSQHMWWGE,pretty good,4,1,FLIPKART
TLCFE7KUSQHMWWGE,good,4,2,FLIPKART
TLCFE7KUSQHMWWGE,nice,4,1,FLIPKART
TLCFE7KUSQHMWWGE,nice product,4,1,FLIPKART
TLCFE7KUSQHMWWGE,product,4,2,FLIPKART
TLCFE7KUSQHMWWGE,delightful,4,2,FLIPKART
TLCFE7KUSQHMWWGE,gud,4,2,FLIPKART
TLCFE7KUSQHMWWGE,fair,3,2,FLIPKART
TLCFE7KUSQHMWWGE,nice,3,1,FLIPKART
TLCFE7KUSQHMWWGE,"nice powder,rate",3,1,FLIPKART
TLCFE7KUSQHMWWGE,"powder,rate",3,1,FLIPKART
TLCFE7KUSQHMWWGE,"powder,rate high.",3,1,FLIPKART
TLCFE7KUSQHMWWGE,high.,3,2,FLIPKART
TLCFUXS4WKRJ73W4,best,5,1,FLIPKART
TLCFUXS4WKRJ73W4,best market!,5,1,FLIPKART
TLCFUXS4WKRJ73W4,market!,5,2,FLIPKART
TLCFUXS4WKRJ73W4,tq,5,1,FLIPKART
TLCFUXS4WKRJ73W4,tq üòò,5,1,FLIPKART
TLCFUXS4WKRJ73W4,üòò,5,2,FLIPKART
TLCFUXS4WKRJ73W4,terrific,5,4,FLIPKART
TLCFUXS4WKRJ73W4,good,5,6,FLIPKART
TLCFUXS4WKRJ73W4,fabulous!,5,2,FLIPKART
TLCFUXS4WKRJ73W4,awesome,5,2,FLIPKART
TLCFUXS4WKRJ73W4,good supar,5,1,FLIPKART
TLCFUXS4WKRJ73W4,supar,5,2,FLIPKART
TLCFUXS4WKRJ73W4,useful,5,1,FLIPKART
TLCFUXS4WKRJ73W4,useful product,5,1,FLIPKART
TLCFUXS4WKRJ73W4,product,5,1,FLIPKART
TLCFUXS4WKRJ73W4,product good,5,1,FLIPKART
TLCFUXS4WKRJ73W4,good quality,5,1,FLIPKART
TLCFUXS4WKRJ73W4,quality,5,1,FLIPKART
TLCFUXS4WKRJ73W4,quality üëçüëçüëç,5,1,FLIPKART
TLCFUXS4WKRJ73W4,üëçüëçüëç,5,2,FLIPKART
TLCFUXS4WKRJ73W4,perfect,5,1,FLIPKART
TLCFUXS4WKRJ73W4,perfect product!,5,1,FLIPKART
TLCFUXS4WKRJ73W4,product!,5,2,FLIPKART
TLCFUXS4WKRJ73W4,excellent,5,1,FLIPKART
TLCFUXS4WKRJ73W4,excellent beautiful,5,1,FLIPKART
TLCFUXS4WKRJ73W4,beautiful,5,1,FLIPKART
TLCFUXS4WKRJ73W4,beautiful purchase.,5,1,FLIPKART
TLCFUXS4WKRJ73W4,purchase.,5,2,FLIPKART
TLCFUXS4WKRJ73W4,good,4,3,FLIPKART
TLCFUXS4WKRJ73W4,good choice,4,1,FLIPKART
TLCFUXS4WKRJ73W4,choice,4,2,FLIPKART
TLCFUXS4WKRJ73W4,product,4,1,FLIPKART
TLCFUXS4WKRJ73W4,product good,4,1,FLIPKART
TLCFUXS4WKRJ73W4,fair,3,2,FLIPKART
TLCFUXS4WKRJ73W4,nice,3,3,FLIPKART
TLCFUXS4WKRJ73W4,nice product,3,1,FLIPKART
TLCFUXS4WKRJ73W4,product,3,3,FLIPKART
TLCFUXS4WKRJ73W4,product good,3,1,FLIPKART
TLCFUXS4WKRJ73W4,good,3,2,FLIPKART
TLCFUXS4WKRJ73W4,utterly,1,1,FLIPKART
TLCFUXS4WKRJ73W4,utterly disappointed,1,1,FLIPKART
TLCFUXS4WKRJ73W4,disappointed,1,2,FLIPKART
TLCFUXS4WKRJ73W4,costly,1,1,FLIPKART
TLCFUXS4WKRJ73W4,costly term,1,1,FLIPKART
TLCFUXS4WKRJ73W4,term,1,1,FLIPKART
TLCFUXS4WKRJ73W4,term weight,1,1,FLIPKART
TLCFUXS4WKRJ73W4,weight,1,1,FLIPKART
TLCFUXS4WKRJ73W4,weight compare,1,1,FLIPKART
TLCFUXS4WKRJ73W4,compare,1,1,FLIPKART
TLCFUXS4WKRJ73W4,compare market,1,1,FLIPKART
TLCFUXS4WKRJ73W4,market,1,2,FLIPKART
TLCFSDEGHD8T6EPH,awesome,5,2,FLIPKART
TLCFSDEGHD8T6EPH,good,5,5,FLIPKART
TLCFSDEGHD8T6EPH,terrific,5,1,FLIPKART
TLCFSDEGHD8T6EPH,terrific purchase,5,1,FLIPKART
TLCFSDEGHD8T6EPH,purchase,5,2,FLIPKART
TLCFSDEGHD8T6EPH,best,5,1,FLIPKART
TLCFSDEGHD8T6EPH,best market!,5,1,FLIPKART
TLCFSDEGHD8T6EPH,market!,5,2,FLIPKART
TLCFSDEGHD8T6EPH,ok,5,2,FLIPKART
TLCFSDEGHD8T6EPH,brilliant,5,2,FLIPKART
TLCFSDEGHD8T6EPH,smell,5,1,FLIPKART
TLCFSDEGHD8T6EPH,smell good,5,1,FLIPKART
TLCFSDEGHD8T6EPH,good soothing,5,1,FLIPKART
TLCFSDEGHD8T6EPH,soothing,5,1,FLIPKART
TLCFSDEGHD8T6EPH,soothing skin.,5,1,FLIPKART
TLCFSDEGHD8T6EPH,skin.,5,2,FLIPKART
TLCFSDEGHD8T6EPH,worth,4,1,FLIPKART
TLCFSDEGHD8T6EPH,worth money,4,1,FLIPKART
TLCFSDEGHD8T6EPH,money,4,2,FLIPKART
TLCFSDEGHD8T6EPH,good,4,2,FLIPKART
TLCG4S55TSDVSARP,wow!,5,2,FLIPKART
TLCG4S55TSDVSARP,good,5,1,FLIPKART
TLCG4S55TSDVSARP,good product,5,1,FLIPKART
TLCG4S55TSDVSARP,product,5,5,FLIPKART
TLCG4S55TSDVSARP,fabulous!,5,2,FLIPKART
TLCG4S55TSDVSARP,excellent,5,2,FLIPKART
TLCG4S55TSDVSARP,awesome,5,2,FLIPKART
TLCG4S55TSDVSARP,nice,5,4,FLIPKART
TLCG4S55TSDVSARP,nice product,5,2,FLIPKART
TLCG4S55TSDVSARP,best,5,2,FLIPKART
TLCG4S55TSDVSARP,best market!,5,2,FLIPKART
TLCG4S55TSDVSARP,market!,5,4,FLIPKART
TLCG4S55TSDVSARP,product üëç,5,1,FLIPKART
TLCG4S55TSDVSARP,üëç,5,2,FLIPKART
TLCG4S55TSDVSARP,wow....,5,1,FLIPKART
TLCG4S55TSDVSARP,wow.... nice,5,1,FLIPKART
TLCG4S55TSDVSARP,absolute,1,1,FLIPKART
TLCG4S55TSDVSARP,absolute rubbish!,1,1,FLIPKART
TLCG4S55TSDVSARP,rubbish!,1,2,FLIPKART
TLCG4S55TSDVSARP,bad,1,2,FLIPKART
TLCG4S55TSDVSARP,bad product,1,2,FLIPKART
TLCG4S55TSDVSARP,product,1,3,FLIPKART
TLCG4S55TSDVSARP,utterly,1,1,FLIPKART
TLCG4S55TSDVSARP,utterly disappointed,1,1,FLIPKART
TLCG4S55TSDVSARP,disappointed,1,2,FLIPKART
TLCG4S55TSDVSARP,product waste,1,1,FLIPKART
TLCG4S55TSDVSARP,waste,1,1,FLIPKART
TLCG4S55TSDVSARP,waste money,1,1,FLIPKART
TLCG4S55TSDVSARP,money,1,2,FLIPKART
TLCG4S55TSDVSARP,value-for-money,4,2,FLIPKART
TLCG4S55TSDVSARP,good,4,3,FLIPKART
TLCG4S55TSDVSARP,good product,4,1,FLIPKART
TLCG4S55TSDVSARP,product,4,3,FLIPKART
TLCG4S55TSDVSARP,product reasonable,4,1,FLIPKART
TLCG4S55TSDVSARP,reasonable,4,1,FLIPKART
TLCG4S55TSDVSARP,reasonable price,4,1,FLIPKART
TLCG4S55TSDVSARP,price,4,2,FLIPKART
TLCG4S55TSDVSARP,nice,4,1,FLIPKART
TLCG4S55TSDVSARP,nice product,4,1,FLIPKART
TLCG4S55TSDVSARP,fair,3,2,FLIPKART
TLCG4S55TSDVSARP,nycil,3,1,FLIPKART
TLCG4S55TSDVSARP,nycil cool,3,1,FLIPKART
TLCG4S55TSDVSARP,cool,3,1,FLIPKART
TLCG4S55TSDVSARP,cool likig,3,1,FLIPKART
TLCG4S55TSDVSARP,likig,3,2,FLIPKART
TLCFUXXFZHBZXFRD,simply,5,2,FLIPKART
TLCFUXXFZHBZXFRD,simply awesome,5,2,FLIPKART
TLCFUXXFZHBZXFRD,awesome,5,8,FLIPKART
TLCFUXXFZHBZXFRD,great,5,4,FLIPKART
TLCFUXXFZHBZXFRD,great product,5,2,FLIPKART
TLCFUXXFZHBZXFRD,product,5,7,FLIPKART
TLCFUXXFZHBZXFRD,nice,5,3,FLIPKART
TLCFUXXFZHBZXFRD,nice product,5,1,FLIPKART
TLCFUXXFZHBZXFRD,excellent,5,2,FLIPKART
TLCFUXXFZHBZXFRD,must,5,1,FLIPKART
TLCFUXXFZHBZXFRD,must buy!,5,1,FLIPKART
TLCFUXXFZHBZXFRD,buy!,5,2,FLIPKART
TLCFUXXFZHBZXFRD,verry,5,1,FLIPKART
TLCFUXXFZHBZXFRD,verry nice,5,1,FLIPKART
TLCFUXXFZHBZXFRD,product helpful,5,1,FLIPKART
TLCFUXXFZHBZXFRD,helpful,5,1,FLIPKART
TLCFUXXFZHBZXFRD,helpful customer,5,1,FLIPKART
TLCFUXXFZHBZXFRD,customer,5,2,FLIPKART
TLCFUXXFZHBZXFRD,worst,1,1,FLIPKART
TLCFUXXFZHBZXFRD,worst experience,1,1,FLIPKART
TLCFUXXFZHBZXFRD,experience,1,1,FLIPKART
TLCFUXXFZHBZXFRD,experience ever!,1,1,FLIPKART
TLCFUXXFZHBZXFRD,ever!,1,2,FLIPKART
TLCFUXXFZHBZXFRD,free,1,1,FLIPKART
TLCFUXXFZHBZXFRD,free worth,1,1,FLIPKART
TLCFUXXFZHBZXFRD,worth,1,1,FLIPKART
TLCFUXXFZHBZXFRD,worth note,1,1,FLIPKART
TLCFUXXFZHBZXFRD,note,1,1,FLIPKART
TLCFUXXFZHBZXFRD,note given.,1,1,FLIPKART
TLCFUXXFZHBZXFRD,given.,1,1,FLIPKART
TLCFUXXFZHBZXFRD,given. bad,1,1,FLIPKART
TLCFUXXFZHBZXFRD,bad,1,1,FLIPKART
TLCFUXXFZHBZXFRD,bad product,1,1,FLIPKART
TLCFUXXFZHBZXFRD,product,1,1,FLIPKART
TLCFUXXFZHBZXFRD,product bye,1,1,FLIPKART
TLCFUXXFZHBZXFRD,bye,1,2,FLIPKART
TLCGFYBQ28T36XDY,brilliant,5,2,FLIPKART
TLCGFYBQ28T36XDY,wow,5,2,FLIPKART
TLCGFYBQ28T36XDY,wow!,5,2,FLIPKART
TLCGFYBQ28T36XDY,good,5,2,FLIPKART
TLCGFYBQ28T36XDY,worth,5,1,FLIPKART
TLCGFYBQ28T36XDY,worth every,5,1,FLIPKART
TLCGFYBQ28T36XDY,every,5,1,FLIPKART
TLCGFYBQ28T36XDY,every penny,5,1,FLIPKART
TLCGFYBQ28T36XDY,penny,5,2,FLIPKART
TLCGFYBQ28T36XDY,nice,5,2,FLIPKART
TLCGFYBQ28T36XDY,great,5,1,FLIPKART
TLCGFYBQ28T36XDY,great product,5,1,FLIPKART
TLCGFYBQ28T36XDY,product,5,2,FLIPKART
TLCGFYBQ28T36XDY,best,5,1,FLIPKART
TLCGFYBQ28T36XDY,best quality,5,1,FLIPKART
TLCGFYBQ28T36XDY,quality,5,2,FLIPKART
TLCGFYBQ28T36XDY,worst,1,1,FLIPKART
TLCGFYBQ28T36XDY,worst experience,1,1,FLIPKART
TLCGFYBQ28T36XDY,experience,1,1,FLIPKART
TLCGFYBQ28T36XDY,experience ever!,1,1,FLIPKART
TLCGFYBQ28T36XDY,ever!,1,2,FLIPKART
TLCGFYBQ28T36XDY,low,1,1,FLIPKART
TLCGFYBQ28T36XDY,low quality,1,1,FLIPKART
TLCGFYBQ28T36XDY,quality,1,1,FLIPKART
TLCGFYBQ28T36XDY,quality product,1,1,FLIPKART
TLCGFYBQ28T36XDY,product,1,2,FLIPKART
TLCGYQDZZZHTYVHW,wonderful,5,8,FLIPKART
TLCGYQDZZZHTYVHW,happy,5,2,FLIPKART
TLCGYQDZZZHTYVHW,great,5,2,FLIPKART
TLCGYQDZZZHTYVHW,great product,5,2,FLIPKART
TLCGYQDZZZHTYVHW,product,5,4,FLIPKART
TLCGYQDZZZHTYVHW,good,5,4,FLIPKART
TLCGYQDZZZHTYVHW,must,5,1,FLIPKART
TLCGYQDZZZHTYVHW,must buy,5,1,FLIPKART
TLCGYQDZZZHTYVHW,buy,5,2,FLIPKART
TLCGYQDZZZHTYVHW,worth,5,1,FLIPKART
TLCGYQDZZZHTYVHW,worth every,5,1,FLIPKART
TLCGYQDZZZHTYVHW,every,5,1,FLIPKART
TLCGYQDZZZHTYVHW,every penny,5,1,FLIPKART
TLCGYQDZZZHTYVHW,penny,5,2,FLIPKART
TLCGYQDZZZHTYVHW,excellent,5,4,FLIPKART
TLCGYQDZZZHTYVHW,aswome,5,2,FLIPKART
TLCGYQDZZZHTYVHW,really,5,1,FLIPKART
TLCGYQDZZZHTYVHW,really love,5,1,FLIPKART
TLCGYQDZZZHTYVHW,love,5,1,FLIPKART
TLCGYQDZZZHTYVHW,love powder..,5,1,FLIPKART
TLCGYQDZZZHTYVHW,powder..,5,1,FLIPKART
TLCGYQDZZZHTYVHW,powder.. amazing,5,1,FLIPKART
TLCGYQDZZZHTYVHW,amazing,5,1,FLIPKART
TLCGYQDZZZHTYVHW,amazing fragrance,5,1,FLIPKART
TLCGYQDZZZHTYVHW,fragrance,5,1,FLIPKART
TLCGYQDZZZHTYVHW,fragrance second,5,1,FLIPKART
TLCGYQDZZZHTYVHW,second,5,1,FLIPKART
TLCGYQDZZZHTYVHW,second purchase...,5,1,FLIPKART
TLCGYQDZZZHTYVHW,purchase...,5,1,FLIPKART
TLCGYQDZZZHTYVHW,purchase... thanks,5,1,FLIPKART
TLCGYQDZZZHTYVHW,thanks,5,1,FLIPKART
TLCGYQDZZZHTYVHW,thanks flipkart,5,1,FLIPKART
TLCGYQDZZZHTYVHW,flipkart,5,1,FLIPKART
TLCGYQDZZZHTYVHW,flipkart &,5,1,FLIPKART
TLCGYQDZZZHTYVHW,&,5,1,FLIPKART
TLCGYQDZZZHTYVHW,& shower,5,1,FLIPKART
TLCGYQDZZZHTYVHW,shower,5,1,FLIPKART
TLCGYQDZZZHTYVHW,shower showerüòç,5,1,FLIPKART
TLCGYQDZZZHTYVHW,showerüòç,5,2,FLIPKART
TLCGYQDZZZHTYVHW,fabulous!,5,2,FLIPKART
TLCGYQDZZZHTYVHW,nice,5,4,FLIPKART
TLCGYQDZZZHTYVHW,terrific,5,1,FLIPKART
TLCGYQDZZZHTYVHW,terrific purchase,5,1,FLIPKART
TLCGYQDZZZHTYVHW,purchase,5,2,FLIPKART
TLCGYQDZZZHTYVHW,best,5,1,FLIPKART
TLCGYQDZZZHTYVHW,best market!,5,1,FLIPKART
TLCGYQDZZZHTYVHW,market!,5,2,FLIPKART
TLCFY5HFXXUST39G,fair,3,2,FLIPKART
TLCFY5HFXXUST39G,ok,3,2,FLIPKART
TLCFY5HFXXUST39G,good,3,2,FLIPKART
TLCFY5HFXXUST39G,nice,3,2,FLIPKART
TLCFY5HFXXUST39G,really,4,1,FLIPKART
TLCFY5HFXXUST39G,really nice,4,1,FLIPKART
TLCFY5HFXXUST39G,nice,4,2,FLIPKART
TLCFY5HFXXUST39G,super,4,2,FLIPKART
TLCFY5HFXXUST39G,super!,5,2,FLIPKART
TLCFY5HFXXUST39G,excellent,5,2,FLIPKART
TLCFY5HFXXUST39G,simply,5,1,FLIPKART
TLCFY5HFXXUST39G,simply awesome,5,1,FLIPKART
TLCFY5HFXXUST39G,awesome,5,2,FLIPKART
TLCFY5HFXXUST39G,fantastic,5,1,FLIPKART
TLCFY5HFXXUST39G,fantastic experience,5,1,FLIPKART
TLCFY5HFXXUST39G,experience,5,2,FLIPKART
TLCFY5HFXXUST39G,perfect,5,1,FLIPKART
TLCFY5HFXXUST39G,perfect product!,5,1,FLIPKART
TLCFY5HFXXUST39G,product!,5,2,FLIPKART
TLCFY5HFXXUST39G,happy,5,1,FLIPKART
TLCFY5HFXXUST39G,happy product,5,1,FLIPKART
TLCFY5HFXXUST39G,product,5,5,FLIPKART
TLCFY5HFXXUST39G,product super,5,1,FLIPKART
TLCFY5HFXXUST39G,super,5,2,FLIPKART
TLCFY5HFXXUST39G,classy,5,1,FLIPKART
TLCFY5HFXXUST39G,classy product,5,1,FLIPKART
TLCFY5HFXXUST39G,good,5,3,FLIPKART
TLCFY5HFXXUST39G,good quality,5,1,FLIPKART
TLCFY5HFXXUST39G,quality,5,2,FLIPKART
TLCFY5HFXXUST39G,great,5,1,FLIPKART
TLCFY5HFXXUST39G,great product,5,1,FLIPKART
TLCFY5HFXXUST39G,horrible,1,2,FLIPKART
TLCFY5HFXXUST39G,pack,1,1,FLIPKART
TLCFY5HFXXUST39G,pack half,1,1,FLIPKART
TLCFY5HFXXUST39G,half,1,1,FLIPKART
TLCFY5HFXXUST39G,half powder,1,1,FLIPKART
TLCFY5HFXXUST39G,powder,1,1,FLIPKART
TLCFY5HFXXUST39G,powder quantity.,1,1,FLIPKART
TLCFY5HFXXUST39G,quantity.,1,1,FLIPKART
TLCFY5HFXXUST39G,quantity. pathetic,1,1,FLIPKART
TLCFY5HFXXUST39G,pathetic,1,1,FLIPKART
TLCFY5HFXXUST39G,pathetic way,1,1,FLIPKART
TLCFY5HFXXUST39G,way,1,1,FLIPKART
TLCFY5HFXXUST39G,way cheat,1,1,FLIPKART
TLCFY5HFXXUST39G,cheat,1,1,FLIPKART
TLCFY5HFXXUST39G,cheat customer,1,1,FLIPKART
TLCFY5HFXXUST39G,customer,1,2,FLIPKART
TLCFY5HFXXUST39G,good,2,2,FLIPKART
TLCFY5HFXXUST39G,smell,2,1,FLIPKART
TLCFY5HFXXUST39G,smell refreshing...,2,1,FLIPKART
TLCFY5HFXXUST39G,refreshing...,2,2,FLIPKART
TLCG2HDUGHHSZYM5,mind-blowing,5,1,FLIPKART
TLCG2HDUGHHSZYM5,mind-blowing purchase,5,1,FLIPKART
TLCG2HDUGHHSZYM5,purchase,5,2,FLIPKART
TLCG2HDUGHHSZYM5,good,5,2,FLIPKART
TLCG2HDUGHHSZYM5,good fragrance,5,1,FLIPKART
TLCG2HDUGHHSZYM5,fragrance,5,1,FLIPKART
TLCG2HDUGHHSZYM5,fragrance good,5,1,FLIPKART
TLCG2HDUGHHSZYM5,good controlling,5,1,FLIPKART
TLCG2HDUGHHSZYM5,controlling,5,1,FLIPKART
TLCG2HDUGHHSZYM5,controlling prickle,5,1,FLIPKART
TLCG2HDUGHHSZYM5,prickle,5,1,FLIPKART
TLCG2HDUGHHSZYM5,prickle child,5,1,FLIPKART
TLCG2HDUGHHSZYM5,child,5,2,FLIPKART
TLCG2HDUGHHSZYM5,terrible,1,1,FLIPKART
TLCG2HDUGHHSZYM5,terrible product,1,1,FLIPKART
TLCG2HDUGHHSZYM5,product,1,4,FLIPKART
TLCG2HDUGHHSZYM5,bad,1,1,FLIPKART
TLCG2HDUGHHSZYM5,bad product,1,1,FLIPKART
